SKU,Category,Style,Size,Total_Quantity_Sold,Total_Sales,Average_Price,Total_Orders,Initial_Stock,Current_Stock,Reorder_Level,Inventory_Status
AN201-RED-M,Bottom,AN201,M,1,229.0,229.0,1,391,390,50,In Stock
AN201-RED-XXL,Bottom,AN201,XXL,1,229.0,229.0,1,402,401,50,In Stock
AN202-ORANGE-M,Bottom,AN202,M,2,530.0,265.0,2,441,439,50,In Stock
AN202-ORANGE-S,Bottom,AN202,S,4,1141.0,285.25,4,409,405,50,In Stock
AN202-ORANGE-XXL,Bottom,AN202,XXL,1,229.0,229.0,1,119,118,50,In Stock
AN203-MAROON-XXL,Bottom,AN203,XXL,1,301.0,301.0,1,267,266,50,In Stock
AN204-PURPLE-L,Bottom,AN204,L,1,935.34,311.78000000000003,3,454,453,50,In Stock
AN204-PURPLE-XL,Bottom,AN204,XL,0,306.67,306.67,1,281,281,50,In Stock
AN205-YELLOW-S,Bottom,AN205,S,3,723.0,241.0,3,344,341,50,In Stock
AN205-YELLOW-XL,Bottom,AN205,XL,1,301.0,301.0,1,442,441,50,In Stock
AN206-GREEN-M,Bottom,AN206,M,1,249.0,249.0,1,211,210,50,In Stock
AN207-PINK-L,Bottom,AN207,L,1,322.0,322.0,1,326,325,50,In Stock
AN207-PINK-XXL,Bottom,AN207,XXL,1,322.0,322.0,1,443,442,50,In Stock
AN208-MUSTARD-L,Bottom,AN208,L,1,301.0,301.0,1,246,245,50,In Stock
AN208-MUSTARD-M,Bottom,AN208,M,1,229.0,229.0,1,101,100,50,In Stock
AN208-MUSTARD-S,Bottom,AN208,S,1,229.0,229.0,1,351,350,50,In Stock
AN208-MUSTARD-XL,Bottom,AN208,XL,1,229.0,229.0,1,239,238,50,In Stock
AN208-MUSTARD-XXL,Bottom,AN208,XXL,3,840.0,280.0,3,282,279,50,In Stock
AN209-BIEGE-XL,Bottom,AN209,XL,3,771.0,257.0,3,153,150,50,In Stock
AN210-NAVY-M,Bottom,AN210,M,0,286.67,286.67,1,348,348,50,In Stock
AN211-BLACK-L,Bottom,AN211,L,5,1505.0,376.25,4,459,454,50,In Stock
AN211-BLACK-S,Bottom,AN211,S,1,301.0,301.0,1,276,275,50,In Stock
AN211-BLACK-XXL,Bottom,AN211,XXL,3,903.0,451.5,2,462,459,50,In Stock
AN213-BROWN-L,Bottom,AN213,L,4,1490.67,298.134,5,397,393,50,In Stock
AN213-BROWN-M,Bottom,AN213,M,1,587.6700000000001,293.83500000000004,2,443,442,50,In Stock
AN213-BROWN-S,Bottom,AN213,S,4,1060.0,265.0,4,101,97,50,In Stock
AN213-BROWN-XL,Bottom,AN213,XL,1,301.0,301.0,1,475,474,50,In Stock
BL001-50PINK,Blouse,BL001,Free,1,419.0,419.0,1,486,485,50,In Stock
BL003-50BLACK,Blouse,BL003,Free,2,838.0,419.0,2,381,379,50,In Stock
BL003-50BLACK-B,Blouse,BL003,Free,6,2906.05,415.15000000000003,7,265,259,50,In Stock
BL004-50CHIKU-B,Blouse,BL004,Free,1,419.0,419.0,1,319,318,50,In Stock
BL006-54BLACK,Blouse,BL006,Free,4,1911.76,382.352,5,266,262,50,In Stock
BL006-54BLACK-B,Blouse,BL006,Free,1,383.0,383.0,1,396,395,50,In Stock
BL007-61PINK-B,Blouse,BL007,Free,3,1017.0,339.0,3,161,158,50,In Stock
BL008-61RED-B,Blouse,BL008,Free,2,678.0,339.0,2,441,439,50,In Stock
BL009-61BLACK,Blouse,BL009,Free,5,1705.0,568.3333333333334,3,256,251,50,In Stock
BL009-61BLACK-B,Blouse,BL009,Free,13,4754.86,339.6328571428571,14,251,238,50,In Stock
BL010-61CHIKU-B,Blouse,BL010,Free,1,344.0,344.0,1,363,362,50,In Stock
BL013-62BLACK,Blouse,BL013,Free,11,4122.0,374.72727272727275,11,452,441,50,In Stock
BL015-63PINK,Blouse,BL015,Free,2,758.0,379.0,2,337,335,50,In Stock
BL016-63RED-B,Blouse,BL016,Free,1,385.0,385.0,1,146,145,50,In Stock
BL017-63BLACK,Blouse,BL017,Free,1,379.0,379.0,1,173,172,50,In Stock
BL017-63BLACK-B,Blouse,BL017,Free,1,379.0,379.0,1,240,239,50,In Stock
BL019-71PINK-B,Blouse,BL019,Free,2,838.0,419.0,2,268,266,50,In Stock
BL020-71RED-B,Blouse,BL020,Free,1,419.0,419.0,1,166,165,50,In Stock
BL021-71BLACK,Blouse,BL021,Free,38,15909.0,429.97297297297297,37,106,68,50,In Stock
BL021-71BLACK-B,Blouse,BL021,Free,1,818.05,409.025,2,285,284,50,In Stock
BL022-71BEIGE,Blouse,BL022,Free,4,1676.0,558.6666666666666,3,264,260,50,In Stock
BL023-74PINK-B,Blouse,BL023,Free,1,383.0,383.0,1,296,295,50,In Stock
BL024-74RED,Blouse,BL024,Free,1,383.0,383.0,1,495,494,50,In Stock
BL024-74RED-B,Blouse,BL024,Free,1,388.0,388.0,1,298,297,50,In Stock
BL025-74BLACK-B,Blouse,BL025,Free,4,1537.0,384.25,4,457,453,50,In Stock
BL026-74BEIGE,Blouse,BL026,Free,1,383.0,383.0,1,332,331,50,In Stock
BL026-74BEIGE-B,Blouse,BL026,Free,1,383.0,383.0,1,280,279,50,In Stock
BL029-78BLACK,Blouse,BL029,Free,1,818.05,409.025,2,139,138,50,In Stock
BL029-78BLACK-B,Blouse,BL029,Free,4,1676.0,419.0,4,199,195,50,In Stock
BL035-161GOLD,Blouse,BL035,Free,16,6002.0,428.7142857142857,14,470,454,50,In Stock
BL036-176GOLD,Blouse,BL036,Free,8,3347.0,418.375,8,289,281,50,In Stock
BL041-65RED-A,Blouse,BL041,Free,5,1935.0,387.0,5,320,315,50,In Stock
BL050-83RED-A,Blouse,BL050,Free,1,379.0,379.0,1,450,449,50,In Stock
BL053-153GOLD-A,Blouse,BL053,Free,1,379.0,379.0,1,241,240,50,In Stock
BL055-164GOLD-A,Blouse,BL055,Free,2,758.0,379.0,2,316,314,50,In Stock
BL056-185GOLD,Blouse,BL056,Free,1,383.0,383.0,1,240,239,50,In Stock
BL057-65BLACK-A,Blouse,BL057,Free,11,4957.28,381.3292307692308,13,112,101,50,In Stock
BL060-75RED,Blouse,BL060,Free,1,419.0,419.0,1,255,254,50,In Stock
BL073-85BLACK,Blouse,BL073,Free,1,429.0,429.0,1,416,415,50,In Stock
BL074-85RED,Blouse,BL074,Free,1,429.0,429.0,1,218,217,50,In Stock
BL075-85CHIKU,Blouse,BL075,Free,1,436.0,436.0,1,155,154,50,In Stock
BL079-87RED,Blouse,BL079,Free,1,429.0,429.0,1,336,335,50,In Stock
BL086-XL,Blouse,BL086,XL,2,568.0,568.0,1,464,462,50,In Stock
BL086-XXL,Blouse,BL086,XXL,2,568.0,284.0,2,289,287,50,In Stock
BL087-M,Blouse,BL087,M,2,959.0,479.5,2,161,159,50,In Stock
BL087-XXL,Blouse,BL087,XXL,1,460.0,460.0,1,359,358,50,In Stock
BL089-XS,Blouse,BL089,XS,1,301.0,301.0,1,328,327,50,In Stock
BL089-XXL,Blouse,BL089,XXL,1,273.0,273.0,1,426,425,50,In Stock
BL090-M,Blouse,BL090,M,2,959.0,479.5,2,140,138,50,In Stock
BL090-S,Blouse,BL090,S,2,499.0,249.5,2,239,237,50,In Stock
BL090-XS,Blouse,BL090,XS,1,0.0,0.0,1,470,469,50,In Stock
BL090-XXL,Blouse,BL090,XXL,1,460.0,460.0,1,186,185,50,In Stock
BL093-S,Blouse,BL093,S,1,273.0,273.0,1,262,261,50,In Stock
BL096-S,Blouse,BL096,S,1,229.0,229.0,1,349,348,50,In Stock
BL096-XL,Blouse,BL096,XL,1,301.0,301.0,1,188,187,50,In Stock
BL098-S,Blouse,BL098,S,3,903.0,301.0,3,349,346,50,In Stock
BL098-XL,Blouse,BL098,XL,2,602.0,301.0,2,136,134,50,In Stock
BL098-XS,Blouse,BL098,XS,1,419.0,419.0,1,196,195,50,In Stock
BL098-XXL,Blouse,BL098,XXL,1,301.0,301.0,1,152,151,50,In Stock
BL099-L,Blouse,BL099,L,2,560.0,280.0,2,238,236,50,In Stock
BL099-S,Blouse,BL099,S,2,518.0,259.0,2,435,433,50,In Stock
BL099-XS,Blouse,BL099,XS,1,259.0,259.0,1,102,101,50,In Stock
BL100-M,Blouse,BL100,M,1,259.0,259.0,1,308,307,50,In Stock
BL100-S,Blouse,BL100,S,3,777.0,259.0,3,101,98,50,In Stock
BL100-XL,Blouse,BL100,XL,2,560.0,280.0,2,157,155,50,In Stock
BL101-M,Blouse,BL101,M,2,498.0,249.0,2,394,392,50,In Stock
BL101-S,Blouse,BL101,S,2,498.0,249.0,2,144,142,50,In Stock
BL101-XS,Blouse,BL101,XS,2,498.0,249.0,2,116,114,50,In Stock
BL101-XXL,Blouse,BL101,XXL,1,249.0,249.0,1,266,265,50,In Stock
BL102-L,Blouse,BL102,L,2,518.0,259.0,2,305,303,50,In Stock
BL102-M,Blouse,BL102,M,4,1036.0,259.0,4,150,146,50,In Stock
BL102-S,Blouse,BL102,S,2,518.0,259.0,2,372,370,50,In Stock
BL102-XS,Blouse,BL102,XS,1,259.0,259.0,1,126,125,50,In Stock
BL103-L,Blouse,BL103,L,4,1957.0,489.25,4,269,265,50,In Stock
BL103-S,Blouse,BL103,S,3,1857.1,464.275,4,239,236,50,In Stock
BL103-XL,Blouse,BL103,XL,5,2378.0,475.6,5,323,318,50,In Stock
BL103-XS,Blouse,BL103,XS,3,1818.1,454.525,4,189,186,50,In Stock
BL103-XXL,Blouse,BL103,XXL,8,3758.0,469.75,8,214,206,50,In Stock
BL104-L,Blouse,BL104,L,8,5023.62,502.36199999999997,10,312,304,50,In Stock
BL104-M,Blouse,BL104,M,1,529.0,529.0,1,142,141,50,In Stock
BL104-S,Blouse,BL104,S,5,2501.0,500.2,5,439,434,50,In Stock
BL104-XL,Blouse,BL104,XL,0,973.3299999999999,486.66499999999996,2,215,215,50,In Stock
BL104-XS,Blouse,BL104,XS,1,493.0,493.0,1,103,102,50,In Stock
BL104-XXL,Blouse,BL104,XXL,4,2008.0,502.0,4,499,495,50,In Stock
BL107-S,Blouse,BL107,S,3,967.0,322.3333333333333,3,210,207,50,In Stock
BL107-XL,Blouse,BL107,XL,1,319.0,319.0,1,307,306,50,In Stock
BL107-XS,Blouse,BL107,XS,1,319.0,319.0,1,157,156,50,In Stock
BL109-L,Blouse,BL109,L,8,4125.0,515.625,8,117,109,50,In Stock
BL109-M,Blouse,BL109,M,4,2053.0,513.25,4,213,209,50,In Stock
BL109-S,Blouse,BL109,S,1,487.0,487.0,1,366,365,50,In Stock
BL109-XL,Blouse,BL109,XL,1,518.0,518.0,1,224,223,50,In Stock
BL109-XS,Blouse,BL109,XS,2,1036.0,518.0,2,412,410,50,In Stock
BL109-XXL,Blouse,BL109,XXL,3,1554.0,518.0,3,113,110,50,In Stock
BL110-L,Blouse,BL110,L,11,3659.0,332.6363636363636,11,141,130,50,In Stock
BL110-M,Blouse,BL110,M,2,682.0,341.0,2,328,326,50,In Stock
BL110-S,Blouse,BL110,S,4,1320.0,330.0,4,190,186,50,In Stock
BL110-XL,Blouse,BL110,XL,2,658.0,329.0,2,439,437,50,In Stock
BL110-XS,Blouse,BL110,XS,1,329.0,329.0,1,136,135,50,In Stock
BL110-XXL,Blouse,BL110,XXL,1,646.3299999999999,323.16499999999996,2,233,232,50,In Stock
BL111-L,Blouse,BL111,L,3,840.0,280.0,3,120,117,50,In Stock
BL111-M,Blouse,BL111,M,1,280.0,280.0,1,293,292,50,In Stock
BL111-S,Blouse,BL111,S,3,840.0,280.0,3,356,353,50,In Stock
BL111-XS,Blouse,BL111,XS,1,301.0,301.0,1,103,102,50,In Stock
BL113-L,Blouse,BL113,L,3,986.0,328.6666666666667,3,392,389,50,In Stock
BL113-M,Blouse,BL113,M,2,493.0,246.5,2,462,460,50,In Stock
BL113-S,Blouse,BL113,S,4,1479.0,369.75,4,363,359,50,In Stock
BL113-XL,Blouse,BL113,XL,3,1479.0,493.0,3,336,333,50,In Stock
BL113-XS,Blouse,BL113,XS,3,1479.0,493.0,3,462,459,50,In Stock
BL113-XXL,Blouse,BL113,XXL,3,1479.0,493.0,3,408,405,50,In Stock
BTM002-B-L,Bottom,BTM002,L,1,518.0,518.0,1,118,117,50,In Stock
BTM002-B-M,Bottom,BTM002,M,4,2072.0,518.0,4,372,368,50,In Stock
BTM002-B-XL,Bottom,BTM002,XL,1,518.0,518.0,1,264,263,50,In Stock
BTM002-B-XXXL,Bottom,BTM002,3XL,1,518.0,518.0,1,212,211,50,In Stock
BTM002-L,Bottom,BTM002,L,1,518.0,518.0,1,183,182,50,In Stock
BTM002-S,Bottom,BTM002,S,2,1036.0,518.0,2,498,496,50,In Stock
BTM002-XL,Bottom,BTM002,XL,1,518.0,518.0,1,374,373,50,In Stock
BTM002-XXXL,Bottom,BTM002,3XL,1,518.0,518.0,1,489,488,50,In Stock
BTM003-B-XXXL,Bottom,BTM003,3XL,1,518.0,518.0,1,323,322,50,In Stock
BTM003-M,Bottom,BTM003,M,1,518.0,518.0,1,417,416,50,In Stock
BTM004-XXXL,Bottom,BTM004,3XL,1,349.0,349.0,1,368,367,50,In Stock
BTM005-L,Bottom,BTM005,L,1,518.0,518.0,1,291,290,50,In Stock
BTM008-B-L,Bottom,BTM008,L,1,518.0,518.0,1,225,224,50,In Stock
BTM008-B-M,Bottom,BTM008,M,1,518.0,518.0,1,318,317,50,In Stock
BTM008-B-XXL,Bottom,BTM008,XXL,1,518.0,518.0,1,178,177,50,In Stock
BTM008-L,Bottom,BTM008,L,1,518.0,518.0,1,467,466,50,In Stock
BTM008-XL,Bottom,BTM008,XL,1,518.0,518.0,1,117,116,50,In Stock
BTM008-XXL,Bottom,BTM008,XXL,2,1036.0,518.0,2,231,229,50,In Stock
BTM008-XXXL,Bottom,BTM008,3XL,1,518.0,518.0,1,125,124,50,In Stock
BTM021-B-L,Bottom,BTM021,L,1,518.0,518.0,1,331,330,50,In Stock
BTM021-B-XS,Bottom,BTM021,XS,2,518.0,259.0,2,432,430,50,In Stock
BTM021-B-XXL,Bottom,BTM021,XXL,1,518.0,518.0,1,345,344,50,In Stock
BTM021-B-XXXL,Bottom,BTM021,3XL,1,518.0,518.0,1,430,429,50,In Stock
BTM026-NP-L,Bottom,BTM026,L,2,1036.0,518.0,2,308,306,50,In Stock
BTM026-NP-M,Bottom,BTM026,M,2,518.0,259.0,2,277,275,50,In Stock
BTM026-NP-S,Bottom,BTM026,S,1,518.0,518.0,1,429,428,50,In Stock
BTM026-NP-XL,Bottom,BTM026,XL,2,1036.0,518.0,2,284,282,50,In Stock
BTM026-NP-XS,Bottom,BTM026,XS,1,518.0,518.0,1,446,445,50,In Stock
BTM026-NP-XXXL,Bottom,BTM026,3XL,1,518.0,518.0,1,329,328,50,In Stock
BTM027-NP-L,Bottom,BTM027,L,0,493.34,493.34,1,131,131,50,In Stock
BTM027-NP-XXXL,Bottom,BTM027,3XL,3,1554.0,518.0,3,392,389,50,In Stock
BTM029-NP-L,Bottom,BTM029,L,1,518.0,518.0,1,228,227,50,In Stock
BTM029-NP-M,Bottom,BTM029,M,1,518.0,518.0,1,184,183,50,In Stock
BTM029-NP-S,Bottom,BTM029,S,3,1554.0,518.0,3,196,193,50,In Stock
BTM029-NP-XL,Bottom,BTM029,XL,2,1529.33,509.77666666666664,3,458,456,50,In Stock
BTM029-NP-XS,Bottom,BTM029,XS,1,518.0,518.0,1,318,317,50,In Stock
BTM029-NP-XXL,Bottom,BTM029,XXL,3,1554.0,518.0,3,481,478,50,In Stock
BTM029-NP-XXXL,Bottom,BTM029,3XL,2,1036.0,518.0,2,225,223,50,In Stock
BTM030-NP-M,Bottom,BTM030,M,1,284.0,284.0,1,121,120,50,In Stock
BTM030-NP-XS,Bottom,BTM030,XS,3,852.0,284.0,3,483,480,50,In Stock
BTM030-NP-XXL,Bottom,BTM030,XXL,1,554.48,277.24,2,361,360,50,In Stock
BTM030-NP-XXXL,Bottom,BTM030,3XL,3,886.0,295.3333333333333,3,489,486,50,In Stock
BTM031-NP-L,Bottom,BTM031,L,3,1554.0,518.0,3,285,282,50,In Stock
BTM031-NP-M,Bottom,BTM031,M,1,518.0,518.0,1,177,176,50,In Stock
BTM031-NP-XL,Bottom,BTM031,XL,3,1554.0,518.0,3,426,423,50,In Stock
BTM031-NP-XS,Bottom,BTM031,XS,1,518.0,518.0,1,120,119,50,In Stock
BTM031-NP-XXL,Bottom,BTM031,XXL,1,518.0,518.0,1,313,312,50,In Stock
BTM032-NP-M,Bottom,BTM032,M,0,286.67,286.67,1,424,424,50,In Stock
BTM032-NP-S,Bottom,BTM032,S,6,1790.0,298.3333333333333,6,372,366,50,In Stock
BTM032-NP-XS,Bottom,BTM032,XS,2,594.0,297.0,2,210,208,50,In Stock
BTM033-NP-XS,Bottom,BTM033,XS,1,297.0,297.0,1,345,344,50,In Stock
BTM033-NP-XXL,Bottom,BTM033,XXL,1,297.0,297.0,1,185,184,50,In Stock
BTM033-NP-XXXL,Bottom,BTM033,3XL,1,297.0,297.0,1,461,460,50,In Stock
BTM035-NP-XS,Bottom,BTM035,XS,2,568.0,284.0,2,294,292,50,In Stock
BTM035-NP-XXXL,Bottom,BTM035,3XL,1,301.0,301.0,1,106,105,50,In Stock
BTM036-PP-L,Bottom,BTM036,L,2,720.0,360.0,2,271,269,50,In Stock
BTM036-PP-M,Bottom,BTM036,M,1,360.0,360.0,1,266,265,50,In Stock
BTM036-PP-S,Bottom,BTM036,S,2,737.0,368.5,2,487,485,50,In Stock
BTM036-PP-XXL,Bottom,BTM036,XXL,3,1097.0,365.6666666666667,3,171,168,50,In Stock
BTM036-PP-XXXL,Bottom,BTM036,3XL,3,1422.8600000000001,355.71500000000003,4,215,212,50,In Stock
BTM037-PP-M,Bottom,BTM037,M,1,345.0,345.0,1,267,266,50,In Stock
BTM037-PP-XL,Bottom,BTM037,XL,1,360.0,360.0,1,352,351,50,In Stock
BTM037-PP-XS,Bottom,BTM037,XS,1,360.0,360.0,1,109,108,50,In Stock
BTM037-PP-XXL,Bottom,BTM037,XXL,1,345.0,345.0,1,175,174,50,In Stock
BTM037-PP-XXXL,Bottom,BTM037,3XL,2,1047.8600000000001,349.2866666666667,3,224,222,50,In Stock
BTM038-PP-L,Bottom,BTM038,L,1,377.0,377.0,1,182,181,50,In Stock
BTM038-PP-S,Bottom,BTM038,S,5,2612.9,373.2714285714286,7,243,238,50,In Stock
BTM038-PP-XXL,Bottom,BTM038,XXL,1,379.0,379.0,1,373,372,50,In Stock
BTM038-PP-XXXL,Bottom,BTM038,3XL,4,1871.05,374.21,5,246,242,50,In Stock
BTM039-PP-L,Bottom,BTM039,L,5,2142.86,428.572,5,452,447,50,In Stock
BTM039-PP-M,Bottom,BTM039,M,4,2468.58,411.43,6,195,191,50,In Stock
BTM039-PP-S,Bottom,BTM039,S,5,2142.86,357.1433333333334,6,407,402,50,In Stock
BTM039-PP-XL,Bottom,BTM039,XL,3,2451.44,490.288,5,439,436,50,In Stock
BTM039-PP-XS,Bottom,BTM039,XS,1,1045.72,522.86,2,299,298,50,In Stock
BTM039-PP-XXL,Bottom,BTM039,XXL,2,720.0,720.0,1,103,101,50,In Stock
BTM039-PP-XXXL,Bottom,BTM039,3XL,5,1800.0,360.0,5,306,301,50,In Stock
BTM040-PP-S,Bottom,BTM040,S,1,345.0,345.0,1,355,354,50,In Stock
BTM040-PP-XL,Bottom,BTM040,XL,2,701.0,350.5,2,445,443,50,In Stock
BTM040-PP-XS,Bottom,BTM040,XS,1,345.0,345.0,1,137,136,50,In Stock
BTM040-PP-XXL,Bottom,BTM040,XXL,3,1046.0,348.6666666666667,3,334,331,50,In Stock
BTM040-PP-XXXL,Bottom,BTM040,3XL,2,690.0,345.0,2,311,309,50,In Stock
BTM041-PP-L,Bottom,BTM041,L,1,0.0,0.0,1,270,269,50,In Stock
BTM041-PP-S,Bottom,BTM041,S,1,345.0,345.0,1,374,373,50,In Stock
BTM041-PP-XL,Bottom,BTM041,XL,3,993.0,331.0,3,485,482,50,In Stock
BTM041-PP-XS,Bottom,BTM041,XS,1,345.0,345.0,1,207,206,50,In Stock
BTM041-PP-XXL,Bottom,BTM041,XXL,2,690.0,345.0,2,478,476,50,In Stock
BTM041-PP-XXXL,Bottom,BTM041,3XL,1,345.0,345.0,1,126,125,50,In Stock
BTM042-PP-L,Bottom,BTM042,L,5,1609.0,321.8,5,362,357,50,In Stock
BTM042-PP-M,Bottom,BTM042,M,3,963.0,321.0,3,204,201,50,In Stock
BTM042-PP-S,Bottom,BTM042,S,1,317.0,317.0,1,449,448,50,In Stock
BTM042-PP-XL,Bottom,BTM042,XL,3,674.0,224.66666666666666,3,215,212,50,In Stock
BTM042-PP-XS,Bottom,BTM042,XS,2,658.0,329.0,2,398,396,50,In Stock
BTM042-PP-XXL,Bottom,BTM042,XXL,1,329.0,329.0,1,441,440,50,In Stock
BTM042-PP-XXXL,Bottom,BTM042,3XL,1,329.0,329.0,1,156,155,50,In Stock
BTM043-PP-S,Bottom,BTM043,S,2,756.0,378.0,2,355,353,50,In Stock
BTM043-PP-XL,Bottom,BTM043,XL,2,1116.95,372.31666666666666,3,213,211,50,In Stock
BTM043-PP-XS,Bottom,BTM043,XS,1,377.0,377.0,1,338,337,50,In Stock
BTM043-PP-XXL,Bottom,BTM043,XXL,4,1512.0,378.0,4,473,469,50,In Stock
BTM043-PP-XXXL,Bottom,BTM043,3XL,1,379.0,379.0,1,393,392,50,In Stock
BTM044-PP-M,Bottom,BTM044,M,3,1080.0,360.0,3,237,234,50,In Stock
BTM044-PP-XL,Bottom,BTM044,XL,1,377.0,377.0,1,194,193,50,In Stock
BTM044-PP-XS,Bottom,BTM044,XS,1,360.0,360.0,1,271,270,50,In Stock
BTM044-PP-XXXL,Bottom,BTM044,3XL,1,360.0,360.0,1,166,165,50,In Stock
BTM045-PP-M,Bottom,BTM045,M,1,331.0,331.0,1,178,177,50,In Stock
BTM045-PP-XL,Bottom,BTM045,XL,6,2028.0,338.0,6,342,336,50,In Stock
BTM045-PP-XXL,Bottom,BTM045,XXL,2,690.0,345.0,2,434,432,50,In Stock
BTM045-PP-XXXL,Bottom,BTM045,3XL,2,676.0,338.0,2,351,349,50,In Stock
BTM046-PP-XL,Bottom,BTM046,XL,2,369.0,184.5,2,384,382,50,In Stock
BTM047-PP-L,Bottom,BTM047,L,1,360.0,360.0,1,292,291,50,In Stock
BTM047-PP-M,Bottom,BTM047,M,1,331.0,331.0,1,250,249,50,In Stock
BTM047-PP-S,Bottom,BTM047,S,2,690.0,345.0,2,220,218,50,In Stock
BTM047-PP-XS,Bottom,BTM047,XS,1,345.0,345.0,1,344,343,50,In Stock
BTM047-PP-XXL,Bottom,BTM047,XXL,2,345.0,172.5,2,255,253,50,In Stock
BTM047-PP-XXXL,Bottom,BTM047,3XL,1,345.0,345.0,1,293,292,50,In Stock
BTM048-PP-M,Bottom,BTM048,M,1,345.0,345.0,1,148,147,50,In Stock
BTM048-PP-XS,Bottom,BTM048,XS,1,345.0,345.0,1,239,238,50,In Stock
CH201-RED-M,Bottom,CH201,M,1,301.0,301.0,1,363,362,50,In Stock
CH202-ORANGE-L,Bottom,CH202,L,1,273.0,273.0,1,322,321,50,In Stock
CH203-MAROON-L,Bottom,CH203,L,2,546.0,273.0,2,118,116,50,In Stock
CH204-PURPLE-L,Bottom,CH204,L,1,284.0,284.0,1,414,413,50,In Stock
CH204-PURPLE-M,Bottom,CH204,M,1,284.0,284.0,1,114,113,50,In Stock
CH204-PURPLE-S,Bottom,CH204,S,1,284.0,284.0,1,345,344,50,In Stock
CH205-YELLOW-S,Bottom,CH205,S,1,273.0,273.0,1,184,183,50,In Stock
CH205-YELLOW-XXL,Bottom,CH205,XXL,2,574.0,287.0,2,323,321,50,In Stock
CH206-GREEN-XXL,Bottom,CH206,XXL,1,273.0,273.0,1,400,399,50,In Stock
CH208-MUSTARD-L,Bottom,CH208,L,3,847.0,282.3333333333333,3,282,279,50,In Stock
CH208-MUSTARD-M,Bottom,CH208,M,1,301.0,301.0,1,379,378,50,In Stock
CH208-MUSTARD-S,Bottom,CH208,S,1,301.0,301.0,1,483,482,50,In Stock
CH209-BIEGE-XL,Bottom,CH209,XL,1,273.0,273.0,1,181,180,50,In Stock
CH213-BROWN-L,Bottom,CH213,L,1,273.0,273.0,1,262,261,50,In Stock
CH213-BROWN-M,Bottom,CH213,M,1,273.0,273.0,1,263,262,50,In Stock
J0001-DR-L,Ethnic Dress,J0001,L,3,2727.14,681.785,4,111,108,50,In Stock
J0001-DR-M,Ethnic Dress,J0001,M,2,1380.0,690.0,2,485,483,50,In Stock
J0001-DR-S,Ethnic Dress,J0001,S,4,2760.0,690.0,4,183,179,50,In Stock
J0001-DR-XL,Ethnic Dress,J0001,XL,2,1380.0,690.0,2,264,262,50,In Stock
J0001-DR-XS,Ethnic Dress,J0001,XS,2,1380.0,690.0,2,485,483,50,In Stock
J0001-DR-XXL,Ethnic Dress,J0001,XXL,1,690.0,690.0,1,387,386,50,In Stock
J0001-DR-XXXL,Ethnic Dress,J0001,3XL,9,6128.0,680.8888888888889,9,322,313,50,In Stock
J0002-SKD-L,Set,J0002,L,23,26318.0,1196.2727272727273,22,215,192,50,In Stock
J0002-SKD-M,Set,J0002,M,36,40787.08,1073.344210526316,38,462,426,50,In Stock
J0002-SKD-S,Set,J0002,S,19,20172.54,1008.6270000000001,20,300,281,50,In Stock
J0002-SKD-XL,Set,J0002,XL,25,31478.08,1165.854814814815,27,101,76,50,In Stock
J0002-SKD-XS,Set,J0002,XS,15,17114.0,1140.9333333333334,15,237,222,50,In Stock
J0002-SKD-XXL,Set,J0002,XXL,25,31209.86,1200.3792307692308,26,427,402,50,In Stock
J0002-SKD-XXXL,Set,J0002,3XL,30,39727.62,1135.0748571428571,35,124,94,50,In Stock
J0003-SET-L,Set,J0003,L,100,72603.84,654.0886486486486,111,493,393,50,In Stock
J0003-SET-M,Set,J0003,M,203,145072.24,659.4192727272726,220,199,0,50,Low Stock
J0003-SET-S,Set,J0003,S,208,143387.84,654.7389954337899,219,268,60,50,In Stock
J0003-SET-XL,Set,J0003,XL,123,90436.84,679.9762406015037,133,214,91,50,In Stock
J0003-SET-XS,Set,J0003,XS,116,88831.62,662.9225373134328,134,425,309,50,In Stock
J0003-SET-XXL,Set,J0003,XXL,159,108720.98,647.1486904761905,168,267,108,50,In Stock
J0003-SET-XXXL,Set,J0003,3XL,170,117191.12,658.3770786516853,178,100,0,50,Low Stock
J0004-SKD-L,Set,J0004,L,17,18420.0,1151.25,16,309,292,50,In Stock
J0004-SKD-M,Set,J0004,M,17,19393.0,1140.764705882353,17,228,211,50,In Stock
J0004-SKD-S,Set,J0004,S,8,9275.0,1159.375,8,155,147,50,In Stock
J0004-SKD-XL,Set,J0004,XL,15,17668.0,1177.8666666666666,15,490,475,50,In Stock
J0004-SKD-XS,Set,J0004,XS,5,5930.0,1186.0,5,170,165,50,In Stock
J0004-SKD-XXL,Set,J0004,XXL,19,21931.0,1154.2631578947369,19,264,245,50,In Stock
J0004-SKD-XXXL,Set,J0004,3XL,21,24086.0,1146.952380952381,21,294,273,50,In Stock
J0005-DR-L,Western Dress,J0005,L,52,54297.53,904.9588333333334,60,216,164,50,In Stock
J0005-DR-M,Western Dress,J0005,M,1,899.0,899.0,1,313,312,50,In Stock
J0005-DR-S,Western Dress,J0005,S,47,45871.57,917.4313999999999,50,352,305,50,In Stock
J0005-DR-XL,Western Dress,J0005,XL,28,28241.59,911.0190322580645,31,296,268,50,In Stock
J0005-DR-XS,Western Dress,J0005,XS,17,18551.57,976.3984210526315,19,302,285,50,In Stock
J0005-DR-XXL,Western Dress,J0005,XXL,28,28047.77,876.4928125,32,283,255,50,In Stock
J0005-DR-XXXL,Western Dress,J0005,3XL,37,36138.76,903.469,40,455,418,50,In Stock
J0006-SET-L,Ethnic Dress,J0006,L,30,33268.340000000004,899.1443243243244,37,415,385,50,In Stock
J0006-SET-M,Ethnic Dress,J0006,M,53,46577.95,846.8718181818182,55,204,151,50,In Stock
J0006-SET-S,Ethnic Dress,J0006,S,35,32892.04,843.385641025641,39,327,292,50,In Stock
J0006-SET-XL,Ethnic Dress,J0006,XL,33,30090.48,859.728,35,205,172,50,In Stock
J0006-SET-XS,Ethnic Dress,J0006,XS,7,6293.0,899.0,7,321,314,50,In Stock
J0006-SET-XXL,Ethnic Dress,J0006,XXL,25,21162.76,813.9523076923076,26,456,431,50,In Stock
J0006-SET-XXXL,Ethnic Dress,J0006,3XL,29,25217.0,869.551724137931,29,400,371,50,In Stock
J0007-SKD-L,Set,J0007,L,11,9745.0,885.9090909090909,11,211,200,50,In Stock
J0007-SKD-M,Set,J0007,M,15,18108.78,1065.2223529411765,17,364,349,50,In Stock
J0007-SKD-S,Set,J0007,S,9,10753.89,1075.389,10,137,128,50,In Stock
J0007-SKD-XL,Set,J0007,XL,17,19125.0,1125.0,17,234,217,50,In Stock
J0007-SKD-XS,Set,J0007,XS,4,4396.0,1099.0,4,485,481,50,In Stock
J0007-SKD-XXL,Set,J0007,XXL,6,6608.0,1101.3333333333333,6,332,326,50,In Stock
J0007-SKD-XXXL,Set,J0007,3XL,12,13270.0,1105.8333333333333,12,116,104,50,In Stock
J0008-SKD-L,Set,J0008,L,90,98876.0,1098.6222222222223,90,149,59,50,In Stock
J0008-SKD-M,Set,J0008,M,107,116270.89,1076.5823148148147,108,241,134,50,In Stock
J0008-SKD-S,Set,J0008,S,108,117370.61,1076.7945871559632,109,348,240,50,In Stock
J0008-SKD-XL,Set,J0008,XL,53,57447.0,1083.9056603773586,53,270,217,50,In Stock
J0008-SKD-XS,Set,J0008,XS,82,93489.82,1126.383373493976,83,101,19,50,Low Stock
J0008-SKD-XXL,Set,J0008,XXL,48,52362.0,1114.0851063829787,47,354,306,50,In Stock
J0008-SKD-XXXL,Set,J0008,3XL,30,33452.0,1115.0666666666666,30,443,413,50,In Stock
J0009-SKD-L,Set,J0009,L,30,24016.0,800.5333333333333,30,376,346,50,In Stock
J0009-SKD-M,Set,J0009,M,25,22271.0,890.84,25,173,148,50,In Stock
J0009-SKD-S,Set,J0009,S,16,14679.0,917.4375,16,467,451,50,In Stock
J0009-SKD-XL,Set,J0009,XL,11,10008.0,909.8181818181819,11,378,367,50,In Stock
J0009-SKD-XS,Set,J0009,XS,9,7258.0,907.25,8,482,473,50,In Stock
J0009-SKD-XXL,Set,J0009,XXL,11,9948.0,904.3636363636364,11,194,183,50,In Stock
J0009-SKD-XXXL,Set,J0009,3XL,15,13443.57,840.223125,16,245,230,50,In Stock
J0010-LCD-L,Set,J0010,L,12,13830.86,1063.9123076923076,13,118,106,50,In Stock
J0010-LCD-M,Set,J0010,M,22,22809.43,991.714347826087,23,473,451,50,In Stock
J0010-LCD-S,Set,J0010,S,19,21718.15,987.1886363636364,22,320,301,50,In Stock
J0010-LCD-XL,Set,J0010,XL,6,5994.0,999.0,6,484,478,50,In Stock
J0010-LCD-XS,Set,J0010,XS,11,10821.43,901.7858333333334,12,122,111,50,In Stock
J0010-LCD-XXL,Set,J0010,XXL,6,5994.0,999.0,6,324,318,50,In Stock
J0010-LCD-XXXL,Set,J0010,3XL,11,10989.0,999.0,11,155,144,50,In Stock
J0011-LCD-M,Set,J0011,M,18,29538.28,1476.914,20,395,377,50,In Stock
J0011-LCD-S,Set,J0011,S,16,28760.78,1597.8211111111111,18,323,307,50,In Stock
J0011-LCD-XL,Set,J0011,XL,5,9526.39,1587.7316666666666,6,405,400,50,In Stock
J0011-LCD-XS,Set,J0011,XS,11,18719.89,1559.9908333333333,12,367,356,50,In Stock
J0011-LCD-XXL,Set,J0011,XXL,6,10170.0,1695.0,6,176,170,50,In Stock
J0011-LCD-XXXL,Set,J0011,3XL,6,9526.39,1360.912857142857,7,210,204,50,In Stock
J0012-SKD-L,Set,J0012,L,41,46798.0,1141.4146341463415,41,288,247,50,In Stock
J0012-SKD-M,Set,J0012,M,52,57817.0,1111.8653846153845,52,286,234,50,In Stock
J0012-SKD-S,Set,J0012,S,20,23520.0,1176.0,20,410,390,50,In Stock
J0012-SKD-XL,Set,J0012,XL,49,55582.0,1134.3265306122448,49,331,282,50,In Stock
J0012-SKD-XS,Set,J0012,XS,20,23242.0,1162.1,20,328,308,50,In Stock
J0012-SKD-XXL,Set,J0012,XXL,50,56837.0,1136.74,50,367,317,50,In Stock
J0012-SKD-XXXL,Set,J0012,3XL,40,45639.54,1113.159512195122,41,298,258,50,In Stock
J0013-SKD-L,Set,J0013,L,30,33330.25,1075.1693548387098,31,278,248,50,In Stock
J0013-SKD-M,Set,J0013,M,22,23631.0,1074.1363636363637,22,281,259,50,In Stock
J0013-SKD-S,Set,J0013,S,10,10828.0,1082.8,10,359,349,50,In Stock
J0013-SKD-XS,Set,J0013,XS,6,6384.0,1064.0,6,427,421,50,In Stock
J0013-SKD-XXL,Set,J0013,XXL,23,25765.25,1073.5520833333333,24,108,85,50,In Stock
J0013-SKD-XXXL,Set,J0013,3XL,23,26798.14,1339.907,20,403,380,50,In Stock
J0014-LCD-L,Set,J0014,L,5,7342.0,1468.4,5,211,206,50,In Stock
J0014-LCD-M,Set,J0014,M,13,19556.0,1504.3076923076924,13,259,246,50,In Stock
J0014-LCD-S,Set,J0014,S,7,13940.86,1548.9844444444445,9,309,302,50,In Stock
J0014-LCD-XL,Set,J0014,XL,4,6143.0,1535.75,4,475,471,50,In Stock
J0014-LCD-XS,Set,J0014,XS,10,15932.0,1593.2,10,301,291,50,In Stock
J0014-LCD-XXL,Set,J0014,XXL,1,1648.0,1648.0,1,153,152,50,In Stock
J0014-LCD-XXXL,Set,J0014,3XL,2,2847.0,1423.5,2,489,487,50,In Stock
J0015-DR-S,Ethnic Dress,J0015,S,2,1132.0,566.0,2,237,235,50,In Stock
J0015-DR-XS,Ethnic Dress,J0015,XS,2,1132.0,566.0,2,227,225,50,In Stock
J0016-DR-XS,Western Dress,J0016,XS,3,1250.0,416.6666666666667,3,213,210,50,In Stock
J0019-SET-S,Set,J0019,S,1,587.0,587.0,1,217,216,50,In Stock
J0019-SET-XS,Set,J0019,XS,1,579.0,579.0,1,217,216,50,In Stock
J0020-SET-XL,Set,J0020,XL,3,1694.0,564.6666666666666,3,244,241,50,In Stock
J0020-SET-XS,Set,J0020,XS,1,571.0,571.0,1,295,294,50,In Stock
J0020-SET-XXL,Set,J0020,XXL,2,1142.0,571.0,2,330,328,50,In Stock
J0020-SET-XXXL,Set,J0020,3XL,4,2229.0,557.25,4,460,456,50,In Stock
J0021-TP-L,Top,J0021,L,1,329.0,329.0,1,216,215,50,In Stock
J0021-TP-XXL,Top,J0021,XXL,1,319.0,319.0,1,332,331,50,In Stock
J0022-KR-XS,kurta,J0022,XS,1,527.0,527.0,1,454,453,50,In Stock
J0023-TP-L,Top,J0023,L,14,5418.0,387.0,14,483,469,50,In Stock
J0023-TP-S,Top,J0023,S,15,5901.0,393.4,15,496,481,50,In Stock
J0023-TP-XL,Top,J0023,XL,4,1584.0,396.0,4,238,234,50,In Stock
J0023-TP-XS,Top,J0023,XS,6,2358.0,393.0,6,192,186,50,In Stock
J0023-TP-XXL,Top,J0023,XXL,25,9771.0,390.84,25,379,354,50,In Stock
J0023-TP-XXXL,Top,J0023,3XL,9,3519.0,391.0,9,434,425,50,In Stock
J0024-KR-M,kurta,J0024,M,1,321.0,321.0,1,301,300,50,In Stock
J0024-KR-XL,kurta,J0024,XL,3,979.0,326.3333333333333,3,168,165,50,In Stock
J0024-KR-XXL,kurta,J0024,XXL,2,321.0,160.5,2,403,401,50,In Stock
J0025-DR-M,Western Dress,J0025,M,2,1132.0,566.0,2,456,454,50,In Stock
J0025-DR-S,Western Dress,J0025,S,21,12289.0,614.45,20,144,123,50,In Stock
J0025-DR-XL,Western Dress,J0025,XL,4,2560.0,640.0,4,486,482,50,In Stock
J0025-DR-XS,Western Dress,J0025,XS,20,11320.0,595.7894736842105,19,493,473,50,In Stock
J0025-DR-XXL,Western Dress,J0025,XXL,12,7331.05,563.9269230769231,13,244,232,50,In Stock
J0025-DR-XXXL,Western Dress,J0025,3XL,14,9150.1,571.88125,16,303,289,50,In Stock
J0026-KR-S,kurta,J0026,S,6,1908.0,318.0,6,214,208,50,In Stock
J0026-KR-XS,kurta,J0026,XS,1,620.86,310.43,2,476,475,50,In Stock
J0027-SET-S,Set,J0027,S,1,625.0,625.0,1,497,496,50,In Stock
J0027-SET-XS,Set,J0027,XS,3,1856.0,618.6666666666666,3,499,496,50,In Stock
J0027-SET-XXL,Set,J0027,XXL,1,0.0,0.0,1,335,334,50,In Stock
J0028-KR-L,kurta,J0028,L,3,954.0,318.0,3,196,193,50,In Stock
J0028-KR-S,kurta,J0028,S,2,645.0,322.5,2,266,264,50,In Stock
J0029-KR-S,kurta,J0029,S,6,2070.0,345.0,6,199,193,50,In Stock
J0029-KR-XS,kurta,J0029,XS,3,1045.0,348.3333333333333,3,144,141,50,In Stock
J0033-KR-L,kurta,J0033,L,3,1197.0,399.0,3,227,224,50,In Stock
J0033-KR-M,kurta,J0033,M,1,425.0,425.0,1,417,416,50,In Stock
J0033-KR-S,kurta,J0033,S,4,1197.0,299.25,4,245,241,50,In Stock
J0033-KR-XL,kurta,J0033,XL,1,425.0,425.0,1,322,321,50,In Stock
J0033-KR-XS,kurta,J0033,XS,4,1596.0,399.0,4,277,273,50,In Stock
J0033-KR-XXL,kurta,J0033,XXL,5,2021.0,404.2,5,288,283,50,In Stock
J0033-KR-XXXL,kurta,J0033,3XL,5,1995.0,399.0,5,187,182,50,In Stock
J0034-SET-L,Set,J0034,L,6,4302.0,717.0,6,290,284,50,In Stock
J0034-SET-M,Set,J0034,M,3,2151.0,717.0,3,469,466,50,In Stock
J0034-SET-XL,Set,J0034,XL,4,2894.0,723.5,4,432,428,50,In Stock
J0034-SET-XS,Set,J0034,XS,1,743.0,743.0,1,294,293,50,In Stock
J0034-SET-XXL,Set,J0034,XXL,3,2151.0,717.0,3,455,452,50,In Stock
J0034-SET-XXXL,Set,J0034,3XL,4,3550.86,710.172,5,357,353,50,In Stock
J0036-TP-XS,Top,J0036,XS,1,671.62,335.81,2,197,196,50,In Stock
J0037-KR-XXL,kurta,J0037,XXL,1,522.0,522.0,1,297,296,50,In Stock
J0037-KR-XXXL,kurta,J0037,3XL,1,522.0,522.0,1,194,193,50,In Stock
J0038-DR-S,Ethnic Dress,J0038,S,1,546.0,546.0,1,289,288,50,In Stock
J0038-DR-XS,Ethnic Dress,J0038,XS,5,3250.0,541.6666666666666,6,272,267,50,In Stock
J0038-DR-XXXL,Ethnic Dress,J0038,3XL,2,1221.0,610.5,2,391,389,50,In Stock
J0039-SET-S,Set,J0039,S,2,1296.0,648.0,2,321,319,50,In Stock
J0040-SET-XS,Set,J0040,XS,1,643.0,643.0,1,127,126,50,In Stock
J0040-SET-XXXL,Set,J0040,3XL,1,1279.38,639.69,2,250,249,50,In Stock
J0041-SET-L,Set,J0041,L,40,25168.0,662.3157894736842,38,136,96,50,In Stock
J0041-SET-M,Set,J0041,M,47,34442.52,637.8244444444443,54,432,385,50,In Stock
J0041-SET-S,Set,J0041,S,39,28491.66,619.3839130434783,46,365,326,50,In Stock
J0041-SET-XL,Set,J0041,XL,54,35253.95,640.980909090909,55,457,403,50,In Stock
J0041-SET-XS,Set,J0041,XS,41,29175.66,634.2534782608695,46,126,85,50,In Stock
J0041-SET-XXL,Set,J0041,XXL,8,5251.0,656.375,8,399,391,50,In Stock
J0041-SET-XXXL,Set,J0041,3XL,5,3481.0,696.2,5,358,353,50,In Stock
J0042-DR-L,Western Dress,J0042,L,2,657.0,328.5,2,321,319,50,In Stock
J0042-DR-S,Western Dress,J0042,S,2,1291.0,645.5,2,189,187,50,In Stock
J0042-DR-XL,Western Dress,J0042,XL,1,634.0,634.0,1,119,118,50,In Stock
J0043-SET-S,Set,J0043,S,1,611.0,611.0,1,456,455,50,In Stock
J0043-SET-XL,Set,J0043,XL,2,1246.0,623.0,2,118,116,50,In Stock
J0043-SET-XS,Set,J0043,XS,3,1839.0,613.0,3,491,488,50,In Stock
J0044-TP-S,Top,J0044,S,2,598.0,299.0,2,368,366,50,In Stock
J0044-TP-XS,Top,J0044,XS,2,598.0,299.0,2,115,113,50,In Stock
J0047-TP-XL,Top,J0047,XL,2,675.0,337.5,2,124,122,50,In Stock
J0048-TP-S,Top,J0048,S,3,1011.0,337.0,3,401,398,50,In Stock
J0048-TP-XL,Top,J0048,XL,4,1350.0,337.5,4,147,143,50,In Stock
J0048-TP-XS,Top,J0048,XS,1,335.0,335.0,1,403,402,50,In Stock
J0048-TP-XXL,Top,J0048,XXL,6,1673.0,278.8333333333333,6,268,262,50,In Stock
J0049-TP-L,Top,J0049,L,2,642.0,321.0,2,470,468,50,In Stock
J0049-TP-M,Top,J0049,M,1,634.71,317.355,2,266,265,50,In Stock
J0049-TP-S,Top,J0049,S,1,329.0,329.0,1,302,301,50,In Stock
J0049-TP-XL,Top,J0049,XL,2,632.0,316.0,2,109,107,50,In Stock
J0049-TP-XS,Top,J0049,XS,1,329.0,329.0,1,315,314,50,In Stock
J0049-TP-XXL,Top,J0049,XXL,3,971.0,323.6666666666667,3,466,463,50,In Stock
J0049-TP-XXXL,Top,J0049,3XL,3,987.0,329.0,3,318,315,50,In Stock
J0051-KR-S,kurta,J0051,S,3,1836.0,612.0,3,447,444,50,In Stock
J0055-SET-XS,Set,J0055,XS,3,2805.0,935.0,3,420,417,50,In Stock
J0057-DR-XS,Ethnic Dress,J0057,XS,5,2391.0,478.2,5,356,351,50,In Stock
J0057-DR-XXXL,Ethnic Dress,J0057,3XL,0,452.38,452.38,1,185,185,50,In Stock
J0058-DR-XS,Ethnic Dress,J0058,XS,1,473.0,473.0,1,355,354,50,In Stock
J0062-DR-L,Western Dress,J0062,L,1,475.0,475.0,1,417,416,50,In Stock
J0062-DR-S,Western Dress,J0062,S,2,982.0,491.0,2,266,264,50,In Stock
J0062-DR-XS,Western Dress,J0062,XS,3,1441.0,480.3333333333333,3,252,249,50,In Stock
J0062-DR-XXL,Western Dress,J0062,XXL,3,1473.0,491.0,3,362,359,50,In Stock
J0070-KR-M,kurta,J0070,M,2,636.0,318.0,2,337,335,50,In Stock
J0070-KR-XS,kurta,J0070,XS,1,318.0,318.0,1,205,204,50,In Stock
J0070-KR-XXL,kurta,J0070,XXL,1,318.0,318.0,1,357,356,50,In Stock
J0072-KR-M,kurta,J0072,M,2,636.0,318.0,2,309,307,50,In Stock
J0072-KR-S,kurta,J0072,S,3,954.0,318.0,3,403,400,50,In Stock
J0072-KR-XL,kurta,J0072,XL,3,954.0,318.0,3,334,331,50,In Stock
J0072-KR-XS,kurta,J0072,XS,1,318.0,318.0,1,214,213,50,In Stock
J0072-KR-XXL,kurta,J0072,XXL,1,318.0,318.0,1,125,124,50,In Stock
J0072-KR-XXXL,kurta,J0072,3XL,1,318.0,318.0,1,258,257,50,In Stock
J0073-KR-L,kurta,J0073,L,1,333.0,333.0,1,221,220,50,In Stock
J0073-KR-M,kurta,J0073,M,1,345.0,345.0,1,201,200,50,In Stock
J0073-KR-XL,kurta,J0073,XL,2,688.0,344.0,2,358,356,50,In Stock
J0073-KR-XXL,kurta,J0073,XXL,1,323.0,323.0,1,211,210,50,In Stock
J0073-KR-XXXL,kurta,J0073,3XL,4,1356.0,339.0,4,479,475,50,In Stock
J0074-TP-L,Top,J0074,L,1,294.0,294.0,1,410,409,50,In Stock
J0074-TP-S,Top,J0074,S,1,294.0,294.0,1,261,260,50,In Stock
J0074-TP-XL,Top,J0074,XL,1,299.0,299.0,1,358,357,50,In Stock
J0074-TP-XXL,Top,J0074,XXL,2,602.0,301.0,2,334,332,50,In Stock
J0075-KR-M,kurta,J0075,M,1,363.0,363.0,1,108,107,50,In Stock
J0075-KR-S,kurta,J0075,S,1,359.0,359.0,1,471,470,50,In Stock
J0075-KR-XS,kurta,J0075,XS,1,359.0,359.0,1,185,184,50,In Stock
J0076-SET-S,Set,J0076,S,1,468.0,468.0,1,154,153,50,In Stock
J0077-SKD-L,Set,J0077,L,1,2191.9300000000003,1095.9650000000001,2,134,133,50,In Stock
J0077-SKD-M,Set,J0077,M,4,5641.64,1128.328,5,224,220,50,In Stock
J0077-SKD-S,Set,J0077,S,8,8948.0,1118.5,8,481,473,50,In Stock
J0077-SKD-XL,Set,J0077,XL,1,1170.0,1170.0,1,379,378,50,In Stock
J0077-SKD-XS,Set,J0077,XS,6,6665.0,1110.8333333333333,6,423,417,50,In Stock
J0077-SKD-XXL,Set,J0077,XXL,3,3415.0,1138.3333333333333,3,390,387,50,In Stock
J0077-SKD-XXXL,Set,J0077,3XL,3,3427.0,1142.3333333333333,3,120,117,50,In Stock
J0078-SET-L,Set,J0078,L,1,999.0,999.0,1,218,217,50,In Stock
J0078-SET-M,Set,J0078,M,2,1998.0,999.0,2,486,484,50,In Stock
J0078-SET-S,Set,J0078,S,3,2997.0,999.0,3,321,318,50,In Stock
J0078-SET-XL,Set,J0078,XL,2,1923.0,961.5,2,500,498,50,In Stock
J0078-SET-XXL,Set,J0078,XXL,1,999.0,999.0,1,130,129,50,In Stock
J0078-SET-XXXL,Set,J0078,3XL,1,947.0,947.0,1,411,410,50,In Stock
J0079-SKD-L,Set,J0079,L,1,2915.8199999999997,1457.9099999999999,2,361,360,50,In Stock
J0079-SKD-S,Set,J0079,S,1,1556.0,1556.0,1,118,117,50,In Stock
J0079-SKD-XXXL,Set,J0079,3XL,2,3112.0,1556.0,2,469,467,50,In Stock
J0080-TP-L,Top,J0080,L,0,474.11,474.11,1,253,253,50,In Stock
J0080-TP-S,Top,J0080,S,7,4158.0,594.0,7,131,124,50,In Stock
J0080-TP-XS,Top,J0080,XS,16,8918.0,557.375,16,308,292,50,In Stock
J0080-TP-XXL,Top,J0080,XXL,2,1209.0,604.5,2,449,447,50,In Stock
J0081-DR-L,Western Dress,J0081,L,3,1974.0,658.0,3,138,135,50,In Stock
J0081-DR-M,Western Dress,J0081,M,8,5890.67,654.5188888888889,9,231,223,50,In Stock
J0081-DR-S,Western Dress,J0081,S,4,2632.0,658.0,4,139,135,50,In Stock
J0081-DR-XL,Western Dress,J0081,XL,7,6039.01,603.9010000000001,10,136,129,50,In Stock
J0081-DR-XS,Western Dress,J0081,XS,1,658.0,658.0,1,392,391,50,In Stock
J0081-DR-XXL,Western Dress,J0081,XXL,9,5922.0,658.0,9,329,320,50,In Stock
J0081-DR-XXXL,Western Dress,J0081,3XL,4,2612.0,653.0,4,476,472,50,In Stock
J0082-TP-L,Top,J0082,L,1,360.0,360.0,1,339,338,50,In Stock
J0082-TP-S,Top,J0082,S,3,1080.0,360.0,3,431,428,50,In Stock
J0082-TP-XL,Top,J0082,XL,7,2520.0,360.0,7,108,101,50,In Stock
J0082-TP-XS,Top,J0082,XS,1,360.0,360.0,1,159,158,50,In Stock
J0082-TP-XXL,Top,J0082,XXL,2,720.0,360.0,2,382,380,50,In Stock
J0083-KR-L,kurta,J0083,L,7,3372.1,421.5125,8,194,187,50,In Stock
J0083-KR-M,kurta,J0083,M,9,5267.0,585.2222222222222,9,239,230,50,In Stock
J0083-KR-S,kurta,J0083,S,3,1721.0,573.6666666666666,3,387,384,50,In Stock
J0083-KR-XL,kurta,J0083,XL,5,2286.0,457.2,5,213,208,50,In Stock
J0083-KR-XS,kurta,J0083,XS,1,565.0,565.0,1,421,420,50,In Stock
J0083-KR-XXL,kurta,J0083,XXL,3,1156.0,385.3333333333333,3,384,381,50,In Stock
J0083-KR-XXXL,kurta,J0083,3XL,4,2312.0,578.0,4,234,230,50,In Stock
J0084-TP-M,Top,J0084,M,1,560.0,560.0,1,350,349,50,In Stock
J0084-TP-S,Top,J0084,S,1,560.0,560.0,1,226,225,50,In Stock
J0084-TP-XS,Top,J0084,XS,2,1120.0,560.0,2,358,356,50,In Stock
J0085-TP-M,Top,J0085,M,3,706.0,235.33333333333334,3,200,197,50,In Stock
J0085-TP-S,Top,J0085,S,3,1066.0,355.3333333333333,3,392,389,50,In Stock
J0085-TP-XL,Top,J0085,XL,6,2090.0,348.3333333333333,6,343,337,50,In Stock
J0085-TP-XS,Top,J0085,XS,2,1049.52,349.84,3,211,209,50,In Stock
J0085-TP-XXL,Top,J0085,XXL,1,360.0,360.0,1,425,424,50,In Stock
J0085-TP-XXXL,Top,J0085,3XL,2,720.0,360.0,2,478,476,50,In Stock
J0086-DR-XS,Ethnic Dress,J0086,XS,2,1138.0,569.0,2,301,299,50,In Stock
J0086-DR-XXXL,Ethnic Dress,J0086,3XL,3,1707.0,569.0,3,135,132,50,In Stock
J0087-TP-L,Top,J0087,L,2,658.0,329.0,2,499,497,50,In Stock
J0087-TP-M,Top,J0087,M,6,1974.0,329.0,6,246,240,50,In Stock
J0087-TP-S,Top,J0087,S,2,658.0,329.0,2,273,271,50,In Stock
J0087-TP-XL,Top,J0087,XL,1,329.0,329.0,1,483,482,50,In Stock
J0087-TP-XS,Top,J0087,XS,2,658.0,329.0,2,473,471,50,In Stock
J0087-TP-XXL,Top,J0087,XXL,1,329.0,329.0,1,245,244,50,In Stock
J0087-TP-XXXL,Top,J0087,3XL,2,658.0,329.0,2,284,282,50,In Stock
J0088-TP-L,Top,J0088,L,3,1197.0,399.0,3,306,303,50,In Stock
J0088-TP-M,Top,J0088,M,7,3553.0,394.77777777777777,9,187,180,50,In Stock
J0088-TP-S,Top,J0088,S,3,1577.0,394.25,4,425,422,50,In Stock
J0088-TP-XL,Top,J0088,XL,9,3591.0,399.0,9,460,451,50,In Stock
J0088-TP-XS,Top,J0088,XS,3,1197.0,399.0,3,419,416,50,In Stock
J0088-TP-XXL,Top,J0088,XXL,4,1596.0,399.0,4,310,306,50,In Stock
J0088-TP-XXXL,Top,J0088,3XL,4,1596.0,399.0,4,489,485,50,In Stock
J0089-TP-L,Top,J0089,L,1,346.0,346.0,1,274,273,50,In Stock
J0089-TP-M,Top,J0089,M,2,1021.52,340.50666666666666,3,385,383,50,In Stock
J0089-TP-S,Top,J0089,S,2,706.0,353.0,2,221,219,50,In Stock
J0089-TP-XL,Top,J0089,XL,3,1381.52,345.38,4,307,304,50,In Stock
J0089-TP-XS,Top,J0089,XS,2,1049.52,349.84,3,283,281,50,In Stock
J0089-TP-XXL,Top,J0089,XXL,6,2474.86,353.5514285714286,7,310,304,50,In Stock
J0089-TP-XXXL,Top,J0089,3XL,5,1758.0,351.6,5,439,434,50,In Stock
J0090-TP-L,Top,J0090,L,8,5118.25,568.6944444444445,9,364,356,50,In Stock
J0090-TP-M,Top,J0090,M,5,2767.0,553.4,5,240,235,50,In Stock
J0090-TP-S,Top,J0090,S,8,4913.25,545.9166666666666,9,446,438,50,In Stock
J0090-TP-XL,Top,J0090,XL,5,2815.0,563.0,5,235,230,50,In Stock
J0090-TP-XS,Top,J0090,XS,1,563.0,563.0,1,460,459,50,In Stock
J0090-TP-XXL,Top,J0090,XXL,2,1628.68,542.8933333333333,3,490,488,50,In Stock
J0090-TP-XXXL,Top,J0090,3XL,5,2815.0,563.0,5,216,211,50,In Stock
J0091-TP-L,Top,J0091,L,1,298.0,298.0,1,165,164,50,In Stock
J0091-TP-M,Top,J0091,M,2,597.0,298.5,2,383,381,50,In Stock
J0091-TP-XL,Top,J0091,XL,9,2686.0,298.44444444444446,9,294,285,50,In Stock
J0091-TP-XS,Top,J0091,XS,2,602.0,301.0,2,337,335,50,In Stock
J0091-TP-XXL,Top,J0091,XXL,5,1787.24,297.87333333333333,6,304,299,50,In Stock
J0091-TP-XXXL,Top,J0091,3XL,4,1201.0,300.25,4,362,358,50,In Stock
J0092-SET-L,Set,J0092,L,14,10804.0,771.7142857142857,14,166,152,50,In Stock
J0092-SET-M,Set,J0092,M,10,8330.0,833.0,10,451,441,50,In Stock
J0092-SET-S,Set,J0092,S,2,1666.0,833.0,2,291,289,50,In Stock
J0092-SET-XL,Set,J0092,XL,20,17234.33,820.682380952381,21,227,207,50,In Stock
J0092-SET-XS,Set,J0092,XS,4,3332.0,833.0,4,422,418,50,In Stock
J0092-SET-XXL,Set,J0092,XXL,12,9956.33,765.8715384615384,13,424,412,50,In Stock
J0092-SET-XXXL,Set,J0092,3XL,10,8441.0,844.1,10,380,370,50,In Stock
J0093-DR-L,Ethnic Dress,J0093,L,3,1911.0,637.0,3,426,423,50,In Stock
J0093-DR-M,Ethnic Dress,J0093,M,1,799.0,799.0,1,361,360,50,In Stock
J0093-DR-S,Ethnic Dress,J0093,S,3,1835.0,611.6666666666666,3,166,163,50,In Stock
J0093-DR-XS,Ethnic Dress,J0093,XS,4,2672.0,668.0,4,370,366,50,In Stock
J0093-DR-XXL,Ethnic Dress,J0093,XXL,3,2073.0,691.0,3,465,462,50,In Stock
J0094-KR-L,kurta,J0094,L,6,3543.0,590.5,6,317,311,50,In Stock
J0094-KR-M,kurta,J0094,M,22,12881.0,585.5,22,281,259,50,In Stock
J0094-KR-S,kurta,J0094,S,7,3971.0,567.2857142857143,7,154,147,50,In Stock
J0094-KR-XL,kurta,J0094,XL,14,8063.29,537.5526666666667,15,340,326,50,In Stock
J0094-KR-XS,kurta,J0094,XS,2,1136.0,568.0,2,371,369,50,In Stock
J0094-KR-XXL,kurta,J0094,XXL,13,7974.96,569.64,14,340,327,50,In Stock
J0094-KR-XXXL,kurta,J0094,3XL,4,2297.0,574.25,4,240,236,50,In Stock
J0095-SET-L,Set,J0095,L,50,30572.0,611.44,50,206,156,50,In Stock
J0095-SET-M,Set,J0095,M,46,31148.8,648.9333333333333,48,275,229,50,In Stock
J0095-SET-S,Set,J0095,S,15,9789.0,652.6,15,240,225,50,In Stock
J0095-SET-XL,Set,J0095,XL,54,36367.09,638.0191228070175,57,140,86,50,In Stock
J0095-SET-XS,Set,J0095,XS,10,6484.0,648.4,10,177,167,50,In Stock
J0095-SET-XXL,Set,J0095,XXL,50,32408.8,623.2461538461538,52,375,325,50,In Stock
J0095-SET-XXXL,Set,J0095,3XL,64,43383.16,637.9876470588235,68,324,260,50,In Stock
J0096-KR-L,kurta,J0096,L,21,13069.9,568.2565217391304,23,146,125,50,In Stock
J0096-KR-M,kurta,J0096,M,18,10425.0,579.1666666666666,18,257,239,50,In Stock
J0096-KR-S,kurta,J0096,S,7,4553.71,505.96777777777777,9,483,476,50,In Stock
J0096-KR-XL,kurta,J0096,XL,31,18402.8,525.7942857142857,35,227,196,50,In Stock
J0096-KR-XS,kurta,J0096,XS,8,6774.81,564.5675,12,349,341,50,In Stock
J0096-KR-XXL,kurta,J0096,XXL,42,25718.0,612.3333333333334,42,132,90,50,In Stock
J0096-KR-XXXL,kurta,J0096,3XL,10,5934.0,593.4,10,297,287,50,In Stock
J0097-KR-L,kurta,J0097,L,33,24660.45,560.4647727272727,44,161,128,50,In Stock
J0097-KR-M,kurta,J0097,M,40,22594.0,564.85,40,442,402,50,In Stock
J0097-KR-S,kurta,J0097,S,21,11770.95,535.0431818181819,22,435,414,50,In Stock
J0097-KR-XL,kurta,J0097,XL,15,8588.57,536.785625,16,460,445,50,In Stock
J0097-KR-XS,kurta,J0097,XS,13,7605.57,543.255,14,127,114,50,In Stock
J0097-KR-XXL,kurta,J0097,XXL,26,14384.57,532.7618518518518,27,421,395,50,In Stock
J0097-KR-XXXL,kurta,J0097,3XL,22,12178.0,553.5454545454545,22,489,467,50,In Stock
J0098-TP-L,Top,J0098,L,3,1984.0,396.8,5,409,406,50,In Stock
J0098-TP-M,Top,J0098,M,8,3242.33,360.25888888888886,9,193,185,50,In Stock
J0098-TP-S,Top,J0098,S,2,826.0,413.0,2,487,485,50,In Stock
J0098-TP-XS,Top,J0098,XS,5,2064.0,412.8,5,468,463,50,In Stock
J0098-TP-XXL,Top,J0098,XXL,5,2065.0,413.0,5,436,431,50,In Stock
J0098-TP-XXXL,Top,J0098,3XL,4,2045.33,409.066,5,157,153,50,In Stock
J0100-DR-XS,Western Dress,J0100,XS,1,1099.0,1099.0,1,240,239,50,In Stock
J0100-DR-XXL,Western Dress,J0100,XXL,1,1499.0,1499.0,1,336,335,50,In Stock
J0100-DR-XXXL,Western Dress,J0100,3XL,1,1099.0,1099.0,1,296,295,50,In Stock
J0101-DR-A-XXXL,Ethnic Dress,J0101,3XL,2,1598.0,799.0,2,400,398,50,In Stock
J0101-DR-L,Ethnic Dress,J0101,L,3,2397.0,799.0,3,335,332,50,In Stock
J0101-DR-S,Ethnic Dress,J0101,S,1,842.0,842.0,1,177,176,50,In Stock
J0101-DR-XS,Ethnic Dress,J0101,XS,1,799.0,799.0,1,266,265,50,In Stock
J0101-DR-XXL,Ethnic Dress,J0101,XXL,2,1598.0,799.0,2,203,201,50,In Stock
J0102-SKD-L,Set,J0102,L,1,1186.0,1186.0,1,114,113,50,In Stock
J0102-SKD-M,Set,J0102,M,1,1115.0,1115.0,1,300,299,50,In Stock
J0102-SKD-S,Set,J0102,S,1,1186.0,1186.0,1,386,385,50,In Stock
J0102-SKD-XL,Set,J0102,XL,2,3359.9300000000003,1119.9766666666667,3,445,443,50,In Stock
J0102-SKD-XS,Set,J0102,XS,1,1186.0,1186.0,1,166,165,50,In Stock
J0102-SKD-XXL,Set,J0102,XXL,2,2372.0,1186.0,2,483,481,50,In Stock
J0103-SKD-A-M,Set,J0103,M,2,3870.6400000000003,1290.2133333333334,3,428,426,50,In Stock
J0103-SKD-L,Set,J0103,L,4,7741.280000000001,1290.2133333333334,6,289,285,50,In Stock
J0103-SKD-S,Set,J0103,S,5,6722.0,1344.4,5,115,110,50,In Stock
J0103-SKD-XL,Set,J0103,XL,2,3870.6400000000003,1290.2133333333334,3,306,304,50,In Stock
J0103-SKD-XS,Set,J0103,XS,3,3934.0,1311.3333333333333,3,464,461,50,In Stock
J0103-SKD-XXL,Set,J0103,XXL,2,1338.0,669.0,2,253,251,50,In Stock
J0103-SKD-XXXL,Set,J0103,3XL,7,8028.0,1146.857142857143,7,156,149,50,In Stock
J0104-KR-M,kurta,J0104,M,12,5421.0,451.75,12,299,287,50,In Stock
J0104-KR-S,kurta,J0104,S,7,3963.52,440.3911111111111,9,434,427,50,In Stock
J0104-KR-XL,kurta,J0104,XL,2,884.0,442.0,2,206,204,50,In Stock
J0104-KR-XS,kurta,J0104,XS,8,3168.0,396.0,8,243,235,50,In Stock
J0104-KR-XXL,kurta,J0104,XXL,8,3614.0,451.75,8,307,299,50,In Stock
J0105-KR-L,Western Dress,J0105,L,3,2997.0,999.0,3,192,189,50,In Stock
J0105-KR-M,Western Dress,J0105,M,8,7992.0,999.0,8,472,464,50,In Stock
J0105-KR-S,Western Dress,J0105,S,3,3948.43,987.1075,4,310,307,50,In Stock
J0105-KR-XL,Western Dress,J0105,XL,9,8991.0,999.0,9,125,116,50,In Stock
J0105-KR-XS,Western Dress,J0105,XS,2,1998.0,999.0,2,198,196,50,In Stock
J0105-KR-XXL,Western Dress,J0105,XXL,3,2997.0,999.0,3,280,277,50,In Stock
J0105-KR-XXXL,Western Dress,J0105,3XL,5,4995.0,999.0,5,326,321,50,In Stock
J0106-KR-L,Western Dress,J0106,L,4,3946.0,986.5,4,308,304,50,In Stock
J0106-KR-M,Western Dress,J0106,M,7,6993.0,999.0,7,175,168,50,In Stock
J0106-KR-S,Western Dress,J0106,S,11,11389.0,1035.3636363636363,11,357,346,50,In Stock
J0106-KR-XL,Western Dress,J0106,XL,10,10220.0,1022.0,10,446,436,50,In Stock
J0106-KR-XS,Western Dress,J0106,XS,1,999.0,999.0,1,444,443,50,In Stock
J0106-KR-XXL,Western Dress,J0106,XXL,5,5838.86,834.1228571428571,7,162,157,50,In Stock
J0106-KR-XXXL,Western Dress,J0106,3XL,12,11928.0,994.0,12,162,150,50,In Stock
J0108-SKD-L,Set,J0108,L,11,14702.46,1130.9584615384615,13,286,275,50,In Stock
J0108-SKD-M,Set,J0108,M,16,19232.89,1131.3464705882352,17,100,84,50,In Stock
J0108-SKD-S,Set,J0108,S,2,2298.0,1149.0,2,199,197,50,In Stock
J0108-SKD-XL,Set,J0108,XL,9,9063.0,1007.0,9,140,131,50,In Stock
J0108-SKD-XS,Set,J0108,XS,2,2298.0,1149.0,2,475,473,50,In Stock
J0108-SKD-XXL,Set,J0108,XXL,6,5765.0,960.8333333333334,6,189,183,50,In Stock
J0108-SKD-XXXL,Set,J0108,3XL,12,13737.0,1144.75,12,292,280,50,In Stock
J0109-SKD-L,Set,J0109,L,4,4867.0,1216.75,4,256,252,50,In Stock
J0109-SKD-XL,Set,J0109,XL,7,8577.0,1225.2857142857142,7,404,397,50,In Stock
J0109-SKD-XXL,Set,J0109,XXL,4,5950.04,1190.008,5,242,238,50,In Stock
J0109-SKD-XXXL,Set,J0109,3XL,1,1213.0,1213.0,1,171,170,50,In Stock
J0110-SKD-M,Set,J0110,M,3,2665.0,888.3333333333334,3,413,410,50,In Stock
J0110-SKD-S,Set,J0110,S,1,864.0,864.0,1,239,238,50,In Stock
J0110-SKD-XL,Set,J0110,XL,2,1728.0,864.0,2,468,466,50,In Stock
J0110-SKD-XXL,Set,J0110,XXL,1,864.0,864.0,1,141,140,50,In Stock
J0111-TP-L,Top,J0111,L,5,2115.0,423.0,5,196,191,50,In Stock
J0111-TP-M,Top,J0111,M,1,423.0,423.0,1,137,136,50,In Stock
J0111-TP-S,Top,J0111,S,6,2538.0,423.0,6,115,109,50,In Stock
J0111-TP-XL,Top,J0111,XL,15,6734.86,420.92875,16,217,202,50,In Stock
J0111-TP-XS,Top,J0111,XS,3,1269.0,423.0,3,119,116,50,In Stock
J0111-TP-XXL,Top,J0111,XXL,19,8842.72,442.13599999999997,20,370,351,50,In Stock
J0111-TP-XXXL,Top,J0111,3XL,20,8447.0,422.35,20,382,362,50,In Stock
J0112-TP-L,Top,J0112,L,8,2827.0,353.375,8,246,238,50,In Stock
J0112-TP-M,Top,J0112,M,5,1775.0,355.0,5,301,296,50,In Stock
J0112-TP-S,Top,J0112,S,2,708.0,354.0,2,169,167,50,In Stock
J0112-TP-XL,Top,J0112,XL,12,4218.0,351.5,12,225,213,50,In Stock
J0112-TP-XS,Top,J0112,XS,4,1416.0,354.0,4,254,250,50,In Stock
J0112-TP-XXL,Top,J0112,XXL,5,1745.0,349.0,5,242,237,50,In Stock
J0112-TP-XXXL,Top,J0112,3XL,4,1411.0,352.75,4,447,443,50,In Stock
J0113-TP-L,Top,J0113,L,17,9184.0,540.2352941176471,17,411,394,50,In Stock
J0113-TP-M,Top,J0113,M,34,20218.67,577.6762857142857,35,409,375,50,In Stock
J0113-TP-S,Top,J0113,S,24,13932.0,580.5,24,130,106,50,In Stock
J0113-TP-XL,Top,J0113,XL,35,19594.0,559.8285714285714,35,358,323,50,In Stock
J0113-TP-XS,Top,J0113,XS,17,8226.0,483.88235294117646,17,245,228,50,In Stock
J0113-TP-XXL,Top,J0113,XXL,31,17608.67,550.2709375,32,430,399,50,In Stock
J0113-TP-XXXL,Top,J0113,3XL,18,9992.0,555.1111111111111,18,113,95,50,In Stock
J0114-TP-M,Top,J0114,M,6,1979.0,329.8333333333333,6,392,386,50,In Stock
J0114-TP-S,Top,J0114,S,2,678.0,339.0,2,189,187,50,In Stock
J0114-TP-XS,Top,J0114,XS,1,314.0,314.0,1,339,338,50,In Stock
J0116-TP-M,Top,J0116,M,1,360.0,360.0,1,218,217,50,In Stock
J0116-TP-S,Top,J0116,S,2,754.0,377.0,2,401,399,50,In Stock
J0116-TP-XXL,Top,J0116,XXL,1,360.0,360.0,1,363,362,50,In Stock
J0117-TP-M,Top,J0117,M,54,32856.72,529.9470967741936,62,318,264,50,In Stock
J0117-TP-S,Top,J0117,S,24,12704.05,508.162,25,268,244,50,In Stock
J0117-TP-XL,Top,J0117,XL,58,33293.48,536.9916129032258,62,384,326,50,In Stock
J0117-TP-XS,Top,J0117,XS,16,8427.0,526.6875,16,447,431,50,In Stock
J0117-TP-XXL,Top,J0117,XXL,54,28429.38,507.6675,56,273,219,50,In Stock
J0117-TP-XXXL,Top,J0117,3XL,38,20621.57,515.53925,40,278,240,50,In Stock
J0118-TP-L,Top,J0118,L,55,25431.0,470.94444444444446,54,397,342,50,In Stock
J0118-TP-M,Top,J0118,M,32,15438.0,482.4375,32,380,348,50,In Stock
J0118-TP-S,Top,J0118,S,25,12479.0,519.9583333333334,24,186,161,50,In Stock
J0118-TP-XL,Top,J0118,XL,99,49682.29,482.35233009708736,103,238,139,50,In Stock
J0118-TP-XS,Top,J0118,XS,3,1470.0,490.0,3,366,363,50,In Stock
J0118-TP-XXL,Top,J0118,XXL,89,43013.0,483.29213483146066,89,240,151,50,In Stock
J0118-TP-XXXL,Top,J0118,3XL,94,48193.0,512.6914893617021,94,354,260,50,In Stock
J0119-TP-L,Top,J0119,L,86,48072.29,552.5550574712644,87,251,165,50,In Stock
J0119-TP-M,Top,J0119,M,79,45451.63,554.2881707317073,82,367,288,50,In Stock
J0119-TP-S,Top,J0119,S,26,15557.34,555.6192857142858,28,189,163,50,In Stock
J0119-TP-XL,Top,J0119,XL,128,71520.0,563.1496062992126,127,413,285,50,In Stock
J0119-TP-XS,Top,J0119,XS,11,6320.0,574.5454545454545,11,250,239,50,In Stock
J0119-TP-XXL,Top,J0119,XXL,120,67820.29,569.9184033613445,119,396,276,50,In Stock
J0119-TP-XXXL,Top,J0119,3XL,135,76154.87,551.846884057971,138,321,186,50,In Stock
J0120-TP-L,Top,J0120,L,1,365.0,365.0,1,403,402,50,In Stock
J0120-TP-M,Top,J0120,M,1,365.0,365.0,1,490,489,50,In Stock
J0120-TP-S,Top,J0120,S,3,1095.0,365.0,3,321,318,50,In Stock
J0120-TP-XL,Top,J0120,XL,2,730.0,365.0,2,387,385,50,In Stock
J0120-TP-XXL,Top,J0120,XXL,1,365.0,365.0,1,289,288,50,In Stock
J0120-TP-XXXL,Top,J0120,3XL,3,1095.0,365.0,3,462,459,50,In Stock
J0121-TP-L,Top,J0121,L,2,498.0,249.0,2,311,309,50,In Stock
J0122-TP-L,Top,J0122,L,0,313.33,313.33,1,177,177,50,In Stock
J0122-TP-M,Top,J0122,M,7,2620.29,327.53625,8,463,456,50,In Stock
J0122-TP-S,Top,J0122,S,13,4597.33,328.3807142857143,14,346,333,50,In Stock
J0122-TP-XL,Top,J0122,XL,12,3936.34,302.79538461538465,13,216,204,50,In Stock
J0122-TP-XS,Top,J0122,XS,2,659.0,329.5,2,108,106,50,In Stock
J0122-TP-XXL,Top,J0122,XXL,28,9186.29,316.7686206896552,29,263,235,50,In Stock
J0122-TP-XXXL,Top,J0122,3XL,36,10865.0,301.80555555555554,36,396,360,50,In Stock
J0123-TP-M,Top,J0123,M,1,301.0,301.0,1,107,106,50,In Stock
J0123-TP-XL,Top,J0123,XL,4,1068.0,267.0,4,105,101,50,In Stock
J0123-TP-XS,Top,J0123,XS,2,534.0,267.0,2,261,259,50,In Stock
J0123-TP-XXL,Top,J0123,XXL,9,2437.0,270.77777777777777,9,128,119,50,In Stock
J0123-TP-XXXL,Top,J0123,3XL,1,301.0,301.0,1,406,405,50,In Stock
J0124-TP-L,Top,J0124,L,10,5317.0,531.7,10,494,484,50,In Stock
J0124-TP-M,Top,J0124,M,6,3586.67,512.3814285714286,7,371,365,50,In Stock
J0124-TP-S,Top,J0124,S,7,4344.86,543.1075,8,173,166,50,In Stock
J0124-TP-XL,Top,J0124,XL,11,5779.0,525.3636363636364,11,241,230,50,In Stock
J0124-TP-XS,Top,J0124,XS,2,1093.0,546.5,2,483,481,50,In Stock
J0124-TP-XXL,Top,J0124,XXL,13,6832.0,525.5384615384615,13,384,371,50,In Stock
J0124-TP-XXXL,Top,J0124,3XL,12,6262.0,521.8333333333334,12,396,384,50,In Stock
J0126-SKD-L,Set,J0126,L,4,3141.71,628.342,5,474,470,50,In Stock
J0126-SKD-M,Set,J0126,M,6,4776.0,796.0,6,442,436,50,In Stock
J0126-SKD-S,Set,J0126,S,3,2419.0,806.3333333333334,3,168,165,50,In Stock
J0126-SKD-XL,Set,J0126,XL,3,2326.0,775.3333333333334,3,463,460,50,In Stock
J0126-SKD-XS,Set,J0126,XS,3,2419.0,806.3333333333334,3,464,461,50,In Stock
J0126-SKD-XXL,Set,J0126,XXL,8,6346.0,793.25,8,186,178,50,In Stock
J0126-SKD-XXXL,Set,J0126,3XL,9,7137.0,793.0,9,311,302,50,In Stock
J0127-SKD-L,Set,J0127,L,3,4616.93,1154.2325,4,493,490,50,In Stock
J0127-SKD-S,Set,J0127,S,8,9430.0,1178.75,8,323,315,50,In Stock
J0127-SKD-XL,Set,J0127,XL,5,5859.0,1171.8,5,311,306,50,In Stock
J0127-SKD-XS,Set,J0127,XS,11,15215.86,1170.4507692307693,13,303,292,50,In Stock
J0127-SKD-XXL,Set,J0127,XXL,1,2173.92,1086.96,2,291,290,50,In Stock
J0127-SKD-XXXL,Set,J0127,3XL,3,3558.0,1186.0,3,278,275,50,In Stock
J0129-SET-S,Set,J0129,S,5,3651.0,730.2,5,101,96,50,In Stock
J0129-SET-XS,Set,J0129,XS,6,4382.0,730.3333333333334,6,395,389,50,In Stock
J0130-SET-L,Set,J0130,L,1,659.0,659.0,1,121,120,50,In Stock
J0130-SET-M,Set,J0130,M,1,659.0,659.0,1,115,114,50,In Stock
J0130-SET-S,Set,J0130,S,4,2706.0,676.5,4,191,187,50,In Stock
J0130-SET-XL,Set,J0130,XL,1,659.0,659.0,1,385,384,50,In Stock
J0130-SET-XS,Set,J0130,XS,7,4708.0,672.5714285714286,7,345,338,50,In Stock
J0130-SET-XXL,Set,J0130,XXL,5,3992.62,665.4366666666666,6,164,159,50,In Stock
J0130-SET-XXXL,Set,J0130,3XL,7,4683.0,669.0,7,320,313,50,In Stock
J0131-KR-A-M,kurta,J0131,M,1,369.0,369.0,1,322,321,50,In Stock
J0131-KR-L,kurta,J0131,L,2,687.0,343.5,2,262,260,50,In Stock
J0131-KR-S,kurta,J0131,S,3,1029.0,343.0,3,392,389,50,In Stock
J0131-KR-XL,kurta,J0131,XL,2,684.0,342.0,2,200,198,50,In Stock
J0131-KR-XS,kurta,J0131,XS,5,2097.43,349.57166666666666,6,126,121,50,In Stock
J0131-KR-XXL,kurta,J0131,XXL,7,2511.0,358.7142857142857,7,329,322,50,In Stock
J0131-KR-XXXL,kurta,J0131,3XL,2,1675.71,335.142,5,463,461,50,In Stock
J0132-KR-L,kurta,J0132,L,14,5366.76,357.784,15,361,347,50,In Stock
J0132-KR-XL,kurta,J0132,XL,12,4327.0,360.5833333333333,12,179,167,50,In Stock
J0132-KR-XS,kurta,J0132,XS,6,2143.0,357.1666666666667,6,147,141,50,In Stock
J0132-KR-XXL,kurta,J0132,XXL,8,2875.0,359.375,8,305,297,50,In Stock
J0132-KR-XXXL,kurta,J0132,3XL,21,7770.95,353.22499999999997,22,413,392,50,In Stock
J0133-KR-A-L,kurta,J0133,L,1,364.0,364.0,1,243,242,50,In Stock
J0133-KR-A-M,kurta,J0133,M,1,377.0,377.0,1,165,164,50,In Stock
J0133-KR-A-XL,kurta,J0133,XL,2,758.0,379.0,2,356,354,50,In Stock
J0133-KR-XS,kurta,J0133,XS,2,762.0,381.0,2,452,450,50,In Stock
J0133-KR-XXL,kurta,J0133,XXL,2,758.0,379.0,2,140,138,50,In Stock
J0133-KR-XXXL,kurta,J0133,3XL,1,377.0,377.0,1,315,314,50,In Stock
J0134-SET-L,Set,J0134,L,8,5604.0,700.5,8,275,267,50,In Stock
J0134-SET-M,Set,J0134,M,8,5646.0,705.75,8,426,418,50,In Stock
J0134-SET-S,Set,J0134,S,17,12003.0,706.0588235294117,17,489,472,50,In Stock
J0134-SET-XL,Set,J0134,XL,10,7080.0,708.0,10,483,473,50,In Stock
J0134-SET-XS,Set,J0134,XS,5,4219.29,703.215,6,311,306,50,In Stock
J0134-SET-XXL,Set,J0134,XXL,7,4923.0,703.2857142857143,7,461,454,50,In Stock
J0134-SET-XXXL,Set,J0134,3XL,4,3479.71,695.942,5,448,444,50,In Stock
J0135-SET-L,Set,J0135,L,25,18715.02,584.844375,32,488,463,50,In Stock
J0135-SET-M,Set,J0135,M,22,13564.86,589.7765217391304,23,280,258,50,In Stock
J0135-SET-S,Set,J0135,S,11,8752.44,583.496,15,456,445,50,In Stock
J0135-SET-XL,Set,J0135,XL,19,14043.3,585.1374999999999,24,362,343,50,In Stock
J0135-SET-XS,Set,J0135,XS,10,5910.0,591.0,10,244,234,50,In Stock
J0135-SET-XXL,Set,J0135,XXL,7,4137.0,591.0,7,270,263,50,In Stock
J0135-SET-XXXL,Set,J0135,3XL,10,5910.0,591.0,10,439,429,50,In Stock
J0136-KR-S,kurta,J0136,S,4,2065.0,516.25,4,122,118,50,In Stock
J0136-KR-XS,kurta,J0136,XS,1,499.0,499.0,1,122,121,50,In Stock
J0136-KR-XXL,kurta,J0136,XXL,5,2840.0,568.0,5,476,471,50,In Stock
J0136-KR-XXXL,kurta,J0136,3XL,5,2840.0,568.0,5,120,115,50,In Stock
J0137-SET-L,Set,J0137,L,2,1579.0,789.5,2,296,294,50,In Stock
J0137-SET-S,Set,J0137,S,1,0.0,0.0,1,354,353,50,In Stock
J0137-SET-XS,Set,J0137,XS,1,841.0,841.0,1,219,218,50,In Stock
J0137-SET-XXL,Set,J0137,XXL,1,841.0,841.0,1,377,376,50,In Stock
J0137-SET-XXXL,Set,J0137,3XL,0,692.38,692.38,1,216,216,50,In Stock
J0138-KR-M,kurta,J0138,M,1,474.0,474.0,1,308,307,50,In Stock
J0138-KR-S,kurta,J0138,S,1,499.0,499.0,1,110,109,50,In Stock
J0138-KR-XS,kurta,J0138,XS,1,478.0,478.0,1,164,163,50,In Stock
J0138-KR-XXL,kurta,J0138,XXL,1,499.0,499.0,1,341,340,50,In Stock
J0139-KR-L,kurta,J0139,L,22,9918.0,396.72,25,412,390,50,In Stock
J0139-KR-M,kurta,J0139,M,3,1191.0,397.0,3,322,319,50,In Stock
J0139-KR-S,kurta,J0139,S,5,2375.0,395.8333333333333,6,456,451,50,In Stock
J0139-KR-XL,kurta,J0139,XL,12,4782.0,398.5,12,312,300,50,In Stock
J0139-KR-XS,kurta,J0139,XS,9,3971.0,397.1,10,397,388,50,In Stock
J0139-KR-XXL,kurta,J0139,XXL,19,7543.0,359.1904761904762,21,447,428,50,In Stock
J0139-KR-XXXL,kurta,J0139,3XL,19,8703.0,395.59090909090907,22,169,150,50,In Stock
J0140-SET-L,Set,J0140,L,2,1182.0,591.0,2,213,211,50,In Stock
J0140-SET-M,Set,J0140,M,2,1182.0,591.0,2,257,255,50,In Stock
J0140-SET-S,Set,J0140,S,3,1803.0,601.0,3,283,280,50,In Stock
J0140-SET-XL,Set,J0140,XL,7,4699.86,587.4825,8,205,198,50,In Stock
J0140-SET-XXL,Set,J0140,XXL,3,1768.0,589.3333333333334,3,254,251,50,In Stock
J0140-SET-XXXL,Set,J0140,3XL,1,586.0,586.0,1,169,168,50,In Stock
J0141-KR-XXL,kurta,J0141,XXL,2,927.0,463.5,2,476,474,50,In Stock
J0142-KR-L,kurta,J0142,L,4,1993.1399999999999,398.628,5,495,491,50,In Stock
J0142-KR-M,kurta,J0142,M,6,2746.71,392.38714285714286,7,399,393,50,In Stock
J0142-KR-S,kurta,J0142,S,2,792.0,396.0,2,377,375,50,In Stock
J0142-KR-XL,kurta,J0142,XL,6,2803.33,400.4757142857143,7,184,178,50,In Stock
J0142-KR-XS,kurta,J0142,XS,1,396.0,396.0,1,147,146,50,In Stock
J0142-KR-XXXL,kurta,J0142,3XL,1,396.0,396.0,1,240,239,50,In Stock
J0143-SET-A-L,Set,J0143,L,1,640.0,640.0,1,232,231,50,In Stock
J0143-SET-A-S,Set,J0143,S,5,3225.0,645.0,5,351,346,50,In Stock
J0143-SET-A-XS,Set,J0143,XS,2,1290.0,645.0,2,495,493,50,In Stock
J0143-SET-A-XXL,Set,J0143,XXL,2,1290.0,645.0,2,250,248,50,In Stock
J0143-SET-A-XXXL,Set,J0143,3XL,2,1290.0,645.0,2,448,446,50,In Stock
J0144-SET-S,Set,J0144,S,1,529.0,529.0,1,111,110,50,In Stock
J0144-SET-XS,Set,J0144,XS,9,4936.24,493.62399999999997,10,244,235,50,In Stock
J0144-SET-XXL,Set,J0144,XXL,5,2600.0,520.0,5,450,445,50,In Stock
J0145-SET-L,Set,J0145,L,1,493.0,493.0,1,301,300,50,In Stock
J0145-SET-M,Set,J0145,M,2,986.0,493.0,2,399,397,50,In Stock
J0145-SET-S,Set,J0145,S,1,511.0,511.0,1,110,109,50,In Stock
J0145-SET-XS,Set,J0145,XS,5,2519.0,503.8,5,437,432,50,In Stock
J0145-SET-XXL,Set,J0145,XXL,1,511.0,511.0,1,183,182,50,In Stock
J0147-SET-L,Set,J0147,L,1,583.0,583.0,1,192,191,50,In Stock
J0147-SET-M,Set,J0147,M,1,583.0,583.0,1,384,383,50,In Stock
J0147-SET-XL,Set,J0147,XL,15,8745.0,583.0,15,125,110,50,In Stock
J0147-SET-XS,Set,J0147,XS,3,2269.54,567.385,4,273,270,50,In Stock
J0147-SET-XXL,Set,J0147,XXL,7,4050.54,506.3175,8,398,391,50,In Stock
J0147-SET-XXXL,Set,J0147,3XL,2,1182.0,591.0,2,490,488,50,In Stock
J0148-SET-L,Set,J0148,L,10,6286.0,628.6,10,121,111,50,In Stock
J0148-SET-M,Set,J0148,M,5,3143.0,628.6,5,322,317,50,In Stock
J0148-SET-S,Set,J0148,S,12,11834.970000000001,622.8931578947369,19,482,470,50,In Stock
J0148-SET-XL,Set,J0148,XL,17,11128.42,585.7063157894737,19,276,259,50,In Stock
J0148-SET-XS,Set,J0148,XS,6,3668.0,611.3333333333334,6,108,102,50,In Stock
J0148-SET-XXL,Set,J0148,XXL,7,4378.0,625.4285714285714,7,255,248,50,In Stock
J0148-SET-XXXL,Set,J0148,3XL,4,3591.19,598.5316666666666,6,143,139,50,In Stock
J0149-KR-S,kurta,J0149,S,2,633.0,316.5,2,297,295,50,In Stock
J0149-KR-XS,kurta,J0149,XS,2,633.0,316.5,2,227,225,50,In Stock
J0150-KR-L,kurta,J0150,L,2,840.0,420.0,2,477,475,50,In Stock
J0150-KR-M,kurta,J0150,M,2,798.0,399.0,2,496,494,50,In Stock
J0150-KR-S,kurta,J0150,S,23,9979.0,399.16,25,183,160,50,In Stock
J0150-KR-XS,kurta,J0150,XS,7,3173.0,396.625,8,125,118,50,In Stock
J0150-KR-XXL,kurta,J0150,XXL,14,5670.0,405.0,14,277,263,50,In Stock
J0150-KR-XXXL,kurta,J0150,3XL,13,5771.0,412.2142857142857,14,290,277,50,In Stock
J0151-KR-A-M,kurta,J0151,M,1,477.0,477.0,1,440,439,50,In Stock
J0151-KR-A-XXXL,kurta,J0151,3XL,3,1431.0,477.0,3,326,323,50,In Stock
J0151-KR-L,kurta,J0151,L,7,2920.0,417.14285714285717,7,236,229,50,In Stock
J0151-KR-S,kurta,J0151,S,4,1974.0,493.5,4,462,458,50,In Stock
J0151-KR-XS,kurta,J0151,XS,5,2425.0,485.0,5,129,124,50,In Stock
J0151-KR-XXL,kurta,J0151,XXL,5,3359.58,479.94,7,328,323,50,In Stock
J0152-DR-L,Western Dress,J0152,L,16,14103.0,881.4375,16,321,305,50,In Stock
J0152-DR-S,Western Dress,J0152,S,10,9536.0,953.6,10,239,229,50,In Stock
J0152-DR-XL,Western Dress,J0152,XL,7,6293.0,899.0,7,352,345,50,In Stock
J0152-DR-XS,Western Dress,J0152,XS,3,2655.0,885.0,3,147,144,50,In Stock
J0152-DR-XXL,Western Dress,J0152,XXL,8,7164.0,895.5,8,179,171,50,In Stock
J0153-DR-L,Western Dress,J0153,L,7,3101.0,443.0,7,375,368,50,In Stock
J0153-DR-M,Western Dress,J0153,M,1,443.0,443.0,1,289,288,50,In Stock
J0153-DR-S,Western Dress,J0153,S,16,7488.8,416.0444444444445,18,198,182,50,In Stock
J0153-DR-XL,Western Dress,J0153,XL,10,4838.9,439.9,11,327,317,50,In Stock
J0153-DR-XS,Western Dress,J0153,XS,8,3940.52,437.8355555555556,9,370,362,50,In Stock
J0153-DR-XXL,Western Dress,J0153,XXL,6,2645.0,440.8333333333333,6,130,124,50,In Stock
J0153-DR-XXXL,Western Dress,J0153,3XL,9,4408.9,440.89,10,179,170,50,In Stock
J0154-DR-L,Western Dress,J0154,L,4,1508.0,377.0,4,273,269,50,In Stock
J0154-DR-M,Western Dress,J0154,M,1,377.0,377.0,1,328,327,50,In Stock
J0154-DR-S,Western Dress,J0154,S,3,754.0,251.33333333333334,3,463,460,50,In Stock
J0154-DR-XL,Western Dress,J0154,XL,4,2585.14,369.30571428571426,7,101,97,50,In Stock
J0154-DR-XS,Western Dress,J0154,XS,19,7141.0,375.8421052631579,19,249,230,50,In Stock
J0154-DR-XXL,Western Dress,J0154,XXL,8,3016.0,377.0,8,364,356,50,In Stock
J0154-DR-XXXL,Western Dress,J0154,3XL,3,1131.0,377.0,3,476,473,50,In Stock
J0155-KR-L,kurta,J0155,L,2,1254.0,627.0,2,220,218,50,In Stock
J0155-KR-S,kurta,J0155,S,1,627.0,627.0,1,346,345,50,In Stock
J0155-KR-XL,kurta,J0155,XL,1,635.0,635.0,1,120,119,50,In Stock
J0155-KR-XXXL,kurta,J0155,3XL,2,1371.0,685.5,2,437,435,50,In Stock
J0157-DR-L,Western Dress,J0157,L,31,22244.28,674.0690909090908,33,452,421,50,In Stock
J0157-DR-M,Western Dress,J0157,M,52,35798.14,675.4366037735849,53,353,301,50,In Stock
J0157-DR-S,Western Dress,J0157,S,28,17961.0,619.3448275862069,29,396,368,50,In Stock
J0157-DR-XL,Western Dress,J0157,XL,32,22779.14,669.974705882353,34,126,94,50,In Stock
J0157-DR-XS,Western Dress,J0157,XS,24,15418.0,642.4166666666666,24,452,428,50,In Stock
J0157-DR-XXL,Western Dress,J0157,XXL,52,33374.0,641.8076923076923,52,268,216,50,In Stock
J0157-DR-XXXL,Western Dress,J0157,3XL,31,20268.0,633.375,32,126,95,50,In Stock
J0158-DR-L,Western Dress,J0158,L,15,11716.0,781.0666666666667,15,449,434,50,In Stock
J0158-DR-M,Western Dress,J0158,M,6,5388.71,769.8157142857143,7,470,464,50,In Stock
J0158-DR-S,Western Dress,J0158,S,10,6974.0,697.4,10,393,383,50,In Stock
J0158-DR-XL,Western Dress,J0158,XL,14,10842.71,722.8473333333333,15,155,141,50,In Stock
J0158-DR-XS,Western Dress,J0158,XS,6,4381.0,730.1666666666666,6,487,481,50,In Stock
J0158-DR-XXL,Western Dress,J0158,XXL,14,10891.0,777.9285714285714,14,205,191,50,In Stock
J0158-DR-XXXL,Western Dress,J0158,3XL,12,9804.71,754.2084615384615,13,159,147,50,In Stock
J0159-DR-L,Western Dress,J0159,L,4,2376.0,594.0,4,328,324,50,In Stock
J0159-DR-M,Western Dress,J0159,M,2,1344.0,672.0,2,478,476,50,In Stock
J0159-DR-S,Western Dress,J0159,S,4,2336.0,584.0,4,159,155,50,In Stock
J0159-DR-XS,Western Dress,J0159,XS,3,1737.0,579.0,3,381,378,50,In Stock
J0159-DR-XXL,Western Dress,J0159,XXL,8,5469.43,607.7144444444444,9,438,430,50,In Stock
J0159-DR-XXXL,Western Dress,J0159,3XL,3,1760.0,586.6666666666666,3,370,367,50,In Stock
J0160-TP-L,Top,J0160,L,2,704.0,352.0,2,297,295,50,In Stock
J0160-TP-S,Top,J0160,S,1,352.0,352.0,1,220,219,50,In Stock
J0160-TP-XXL,Top,J0160,XXL,2,678.0,339.0,2,467,465,50,In Stock
J0161-DR-L,Western Dress,J0161,L,1,473.0,473.0,1,323,322,50,In Stock
J0161-DR-M,Western Dress,J0161,M,2,946.0,473.0,2,226,224,50,In Stock
J0161-DR-S,Western Dress,J0161,S,2,473.0,236.5,2,326,324,50,In Stock
J0161-DR-XL,Western Dress,J0161,XL,6,2838.0,473.0,6,322,316,50,In Stock
J0161-DR-XS,Western Dress,J0161,XS,8,3784.0,473.0,8,415,407,50,In Stock
J0161-DR-XXL,Western Dress,J0161,XXL,2,932.0,466.0,2,238,236,50,In Stock
J0161-DR-XXXL,Western Dress,J0161,3XL,2,1396.48,465.49333333333334,3,108,106,50,In Stock
J0162-SKD-L,Set,J0162,L,6,7142.0,1190.3333333333333,6,315,309,50,In Stock
J0162-SKD-S,Set,J0162,S,3,3584.0,1194.6666666666667,3,228,225,50,In Stock
J0162-SKD-XL,Set,J0162,XL,5,5969.0,1193.8,5,448,443,50,In Stock
J0162-SKD-XS,Set,J0162,XS,2,2372.0,1186.0,2,485,483,50,In Stock
J0162-SKD-XXL,Set,J0162,XXL,4,4744.0,1186.0,4,155,151,50,In Stock
J0162-SKD-XXXL,Set,J0162,3XL,6,7155.0,1192.5,6,224,218,50,In Stock
J0163-SKD-L,Set,J0163,L,0,1058.93,1058.93,1,258,258,50,In Stock
J0163-SKD-M,Set,J0163,M,1,1186.0,1186.0,1,147,146,50,In Stock
J0163-SKD-S,Set,J0163,S,3,3584.0,1194.6666666666667,3,172,169,50,In Stock
J0163-SKD-XL,Set,J0163,XL,1,1199.0,1199.0,1,222,221,50,In Stock
J0163-SKD-XS,Set,J0163,XS,2,2372.0,1186.0,2,290,288,50,In Stock
J0164-DR-L,Ethnic Dress,J0164,L,32,12003.24,353.03647058823526,34,153,121,50,In Stock
J0164-DR-M,Ethnic Dress,J0164,M,19,6841.0,360.05263157894734,19,284,265,50,In Stock
J0164-DR-S,Ethnic Dress,J0164,S,17,6733.52,374.08444444444444,18,166,149,50,In Stock
J0164-DR-XL,Ethnic Dress,J0164,XL,22,8349.24,363.0104347826087,23,489,467,50,In Stock
J0164-DR-XS,Ethnic Dress,J0164,XS,7,2615.0,373.57142857142856,7,408,401,50,In Stock
J0164-DR-XXL,Ethnic Dress,J0164,XXL,26,8680.0,347.2,25,191,165,50,In Stock
J0164-DR-XXXL,Ethnic Dress,J0164,3XL,19,7088.0,393.77777777777777,18,460,441,50,In Stock
J0165-TP-L,Top,J0165,L,8,2874.0,359.25,8,432,424,50,In Stock
J0165-TP-M,Top,J0165,M,4,1067.0,266.75,4,173,169,50,In Stock
J0165-TP-S,Top,J0165,S,1,371.0,371.0,1,345,344,50,In Stock
J0165-TP-XL,Top,J0165,XL,4,1067.0,266.75,4,354,350,50,In Stock
J0165-TP-XS,Top,J0165,XS,3,1013.0,337.6666666666667,3,464,461,50,In Stock
J0165-TP-XXL,Top,J0165,XXL,17,6025.0,354.4117647058824,17,261,244,50,In Stock
J0166-DR-M,Western Dress,J0166,M,1,458.0,458.0,1,426,425,50,In Stock
J0166-DR-S,Western Dress,J0166,S,3,1278.0,426.0,3,404,401,50,In Stock
J0166-DR-XL,Western Dress,J0166,XL,2,882.0,441.0,2,292,290,50,In Stock
J0166-DR-XS,Western Dress,J0166,XS,2,441.0,220.5,2,229,227,50,In Stock
J0167-KR-L,kurta,J0167,L,12,3784.0,315.3333333333333,12,439,427,50,In Stock
J0167-KR-M,kurta,J0167,M,4,1277.0,319.25,4,147,143,50,In Stock
J0167-KR-S,kurta,J0167,S,3,953.0,317.6666666666667,3,393,390,50,In Stock
J0167-KR-XL,kurta,J0167,XL,11,3454.0,314.0,11,186,175,50,In Stock
J0167-KR-XS,kurta,J0167,XS,1,319.0,319.0,1,475,474,50,In Stock
J0167-KR-XXL,kurta,J0167,XXL,4,1281.0,320.25,4,383,379,50,In Stock
J0168-DR-L,Ethnic Dress,J0168,L,1,443.0,443.0,1,119,118,50,In Stock
J0168-DR-M,Ethnic Dress,J0168,M,1,443.0,443.0,1,411,410,50,In Stock
J0168-DR-S,Ethnic Dress,J0168,S,3,1363.0,454.3333333333333,3,491,488,50,In Stock
J0170-TP-A-XL,Top,J0170,XL,3,987.0,329.0,3,336,333,50,In Stock
J0171-DR-L,Western Dress,J0171,L,4,1953.0,488.25,4,218,214,50,In Stock
J0171-DR-M,Western Dress,J0171,M,1,488.0,488.0,1,273,272,50,In Stock
J0171-DR-XL,Western Dress,J0171,XL,1,488.0,488.0,1,176,175,50,In Stock
J0171-DR-XXL,Western Dress,J0171,XXL,5,2442.0,488.4,5,354,349,50,In Stock
J0172-TP-L,Top,J0172,L,2,1036.0,518.0,2,369,367,50,In Stock
J0172-TP-M,Top,J0172,M,1,518.0,518.0,1,121,120,50,In Stock
J0172-TP-XL,Top,J0172,XL,2,1036.0,518.0,2,271,269,50,In Stock
J0172-TP-XS,Top,J0172,XS,1,499.0,499.0,1,243,242,50,In Stock
J0172-TP-XXXL,Top,J0172,3XL,1,518.0,518.0,1,184,183,50,In Stock
J0173-DR-L,Western Dress,J0173,L,1,420.0,420.0,1,465,464,50,In Stock
J0173-DR-S,Western Dress,J0173,S,2,856.0,428.0,2,381,379,50,In Stock
J0173-DR-XL,Western Dress,J0173,XL,0,400.0,400.0,1,215,215,50,In Stock
J0173-DR-XS,Western Dress,J0173,XS,3,1292.0,430.6666666666667,3,490,487,50,In Stock
J0174-TP-XL,Top,J0174,XL,2,846.0,423.0,2,411,409,50,In Stock
J0174-TP-XS,Top,J0174,XS,2,846.0,423.0,2,292,290,50,In Stock
J0175-KR-L,kurta,J0175,L,1,476.0,476.0,1,362,361,50,In Stock
J0175-KR-M,kurta,J0175,M,2,975.0,487.5,2,276,274,50,In Stock
J0175-KR-S,kurta,J0175,S,1,476.0,476.0,1,450,449,50,In Stock
J0175-KR-XL,kurta,J0175,XL,2,961.0,480.5,2,485,483,50,In Stock
J0175-KR-XXL,kurta,J0175,XXL,1,499.0,499.0,1,342,341,50,In Stock
J0175-KR-XXXL,kurta,J0175,3XL,2,975.0,487.5,2,139,137,50,In Stock
J0176-TP-L,Top,J0176,L,6,2322.0,387.0,6,317,311,50,In Stock
J0176-TP-M,Top,J0176,M,7,2709.0,387.0,7,274,267,50,In Stock
J0176-TP-S,Top,J0176,S,5,1935.0,387.0,5,333,328,50,In Stock
J0176-TP-XL,Top,J0176,XL,9,3471.0,385.6666666666667,9,218,209,50,In Stock
J0176-TP-XS,Top,J0176,XS,2,774.0,387.0,2,386,384,50,In Stock
J0176-TP-XXL,Top,J0176,XXL,25,9997.57,384.5219230769231,26,170,145,50,In Stock
J0176-TP-XXXL,Top,J0176,3XL,5,1935.0,387.0,5,473,468,50,In Stock
J0177-KR-S,kurta,J0177,S,1,344.0,344.0,1,152,151,50,In Stock
J0177-KR-XS,kurta,J0177,XS,3,1032.0,344.0,3,273,270,50,In Stock
J0178-TP-L,Top,J0178,L,2,622.0,311.0,2,460,458,50,In Stock
J0178-TP-M,Top,J0178,M,1,311.0,311.0,1,473,472,50,In Stock
J0178-TP-XL,Top,J0178,XL,2,638.0,319.0,2,491,489,50,In Stock
J0178-TP-XS,Top,J0178,XS,2,638.0,319.0,2,279,277,50,In Stock
J0178-TP-XXL,Top,J0178,XXL,1,319.0,319.0,1,278,277,50,In Stock
J0178-TP-XXXL,Top,J0178,3XL,6,1914.0,319.0,6,229,223,50,In Stock
J0179-KR-L,kurta,J0179,L,12,8352.0,696.0,12,199,187,50,In Stock
J0179-KR-M,kurta,J0179,M,2,1392.0,696.0,2,332,330,50,In Stock
J0179-KR-S,kurta,J0179,S,5,3464.0,692.8,5,377,372,50,In Stock
J0179-KR-XL,kurta,J0179,XL,8,4830.0,603.75,8,159,151,50,In Stock
J0179-KR-XS,kurta,J0179,XS,2,2046.8600000000001,682.2866666666667,3,340,338,50,In Stock
J0179-KR-XXL,kurta,J0179,XXL,6,4176.0,696.0,6,133,127,50,In Stock
J0179-KR-XXXL,kurta,J0179,3XL,7,4864.0,694.8571428571429,7,277,270,50,In Stock
J0180-DR-XXL,Western Dress,J0180,XXL,2,906.0,453.0,2,368,366,50,In Stock
J0180-DR-XXXL,Western Dress,J0180,3XL,1,436.0,436.0,1,187,186,50,In Stock
J0181-TP-L,Top,J0181,L,7,2793.0,399.0,7,424,417,50,In Stock
J0181-TP-M,Top,J0181,M,12,4776.0,398.0,12,212,200,50,In Stock
J0181-TP-S,Top,J0181,S,3,1197.0,399.0,3,186,183,50,In Stock
J0181-TP-XL,Top,J0181,XL,4,1976.0,395.2,5,164,160,50,In Stock
J0181-TP-XS,Top,J0181,XS,5,1995.0,399.0,5,176,171,50,In Stock
J0181-TP-XXL,Top,J0181,XXL,11,4769.0,397.4166666666667,12,138,127,50,In Stock
J0181-TP-XXXL,Top,J0181,3XL,8,2793.0,349.125,8,499,491,50,In Stock
J0182-SET-S,Set,J0182,S,1,699.0,699.0,1,334,333,50,In Stock
J0183-TP-M,Top,J0183,M,2,908.0,454.0,2,343,341,50,In Stock
J0183-TP-XL,Top,J0183,XL,1,443.0,443.0,1,481,480,50,In Stock
J0183-TP-XS,Top,J0183,XS,3,886.0,295.3333333333333,3,325,322,50,In Stock
J0184-KR-A-S,kurta,J0184,S,3,1169.0,389.6666666666667,3,254,251,50,In Stock
J0184-KR-A-XL,kurta,J0184,XL,2,810.0,405.0,2,109,107,50,In Stock
J0184-KR-M,kurta,J0184,M,1,378.0,378.0,1,316,315,50,In Stock
J0184-KR-XS,kurta,J0184,XS,4,1520.0,380.0,4,263,259,50,In Stock
J0184-KR-XXL,kurta,J0184,XXL,1,382.0,382.0,1,422,421,50,In Stock
J0184-KR-XXXL,kurta,J0184,3XL,2,760.0,380.0,2,283,281,50,In Stock
J0185-DR-M,Ethnic Dress,J0185,M,2,1532.0,766.0,2,424,422,50,In Stock
J0185-DR-S,Ethnic Dress,J0185,S,4,3130.0,782.5,4,372,368,50,In Stock
J0185-DR-XS,Ethnic Dress,J0185,XS,3,2331.0,777.0,3,478,475,50,In Stock
J0185-DR-XXL,Ethnic Dress,J0185,XXL,4,3196.0,799.0,4,185,181,50,In Stock
J0186-SET-L,Set,J0186,L,5,3392.0,678.4,5,119,114,50,In Stock
J0186-SET-S,Set,J0186,S,1,848.0,848.0,1,494,493,50,In Stock
J0186-SET-XL,Set,J0186,XL,1,848.0,848.0,1,118,117,50,In Stock
J0186-SET-XS,Set,J0186,XS,1,848.0,848.0,1,448,447,50,In Stock
J0186-SET-XXL,Set,J0186,XXL,1,848.0,848.0,1,445,444,50,In Stock
J0187-KR-S,kurta,J0187,S,1,587.0,587.0,1,307,306,50,In Stock
J0187-KR-XL,kurta,J0187,XL,2,1174.0,587.0,2,267,265,50,In Stock
J0187-KR-XS,kurta,J0187,XS,2,1174.0,587.0,2,209,207,50,In Stock
J0188-KR-XS,kurta,J0188,XS,1,399.0,399.0,1,298,297,50,In Stock
J0188-KR-XXXL,kurta,J0188,3XL,1,381.0,381.0,1,401,400,50,In Stock
J0189-TP-L,Top,J0189,L,8,1970.0,246.25,8,184,176,50,In Stock
J0189-TP-M,Top,J0189,M,8,2564.0,320.5,8,434,426,50,In Stock
J0189-TP-S,Top,J0189,S,2,646.0,323.0,2,173,171,50,In Stock
J0189-TP-XL,Top,J0189,XL,9,2562.0,284.6666666666667,9,219,210,50,In Stock
J0189-TP-XS,Top,J0189,XS,1,317.0,317.0,1,370,369,50,In Stock
J0189-TP-XXL,Top,J0189,XXL,11,3523.0,320.27272727272725,11,240,229,50,In Stock
J0189-TP-XXXL,Top,J0189,3XL,6,1966.0,327.6666666666667,6,325,319,50,In Stock
J0190-TP-L,Top,J0190,L,14,4970.0,382.3076923076923,13,354,340,50,In Stock
J0190-TP-M,Top,J0190,M,1,345.0,345.0,1,322,321,50,In Stock
J0190-TP-S,Top,J0190,S,3,1384.05,346.0125,4,447,444,50,In Stock
J0190-TP-XS,Top,J0190,XS,1,345.0,345.0,1,289,288,50,In Stock
J0190-TP-XXXL,Top,J0190,3XL,1,345.0,345.0,1,180,179,50,In Stock
J0192-TP-S,Top,J0192,S,1,301.0,301.0,1,188,187,50,In Stock
J0192-TP-XL,Top,J0192,XL,4,1206.0,301.5,4,424,420,50,In Stock
J0192-TP-XXL,Top,J0192,XXL,1,311.0,311.0,1,349,348,50,In Stock
J0193-SET-XXXL,Set,J0193,3XL,1,674.0,674.0,1,276,275,50,In Stock
J0194-DR-L,Western Dress,J0194,L,2,1336.0,668.0,2,289,287,50,In Stock
J0194-DR-XXL,Western Dress,J0194,XXL,2,1366.0,683.0,2,500,498,50,In Stock
J0194-DR-XXXL,Western Dress,J0194,3XL,2,1366.0,683.0,2,457,455,50,In Stock
J0195-TP-L,Top,J0195,L,1,665.0,665.0,1,231,230,50,In Stock
J0195-TP-M,Top,J0195,M,1,665.0,665.0,1,142,141,50,In Stock
J0195-TP-S,Top,J0195,S,1,665.0,665.0,1,170,169,50,In Stock
J0195-TP-XL,Top,J0195,XL,1,665.0,665.0,1,328,327,50,In Stock
J0195-TP-XS,Top,J0195,XS,1,665.0,665.0,1,459,458,50,In Stock
J0195-TP-XXL,Top,J0195,XXL,1,665.0,665.0,1,200,199,50,In Stock
J0195-TP-XXXL,Top,J0195,3XL,4,2660.0,886.6666666666666,3,144,140,50,In Stock
J0196-TP-L,Top,J0196,L,7,4040.52,448.94666666666666,9,166,159,50,In Stock
J0196-TP-M,Top,J0196,M,4,2298.76,459.75200000000007,5,260,256,50,In Stock
J0196-TP-S,Top,J0196,S,2,892.0,446.0,2,356,354,50,In Stock
J0196-TP-XL,Top,J0196,XL,3,1428.0,476.0,3,204,201,50,In Stock
J0196-TP-XXL,Top,J0196,XXL,9,4160.0,462.22222222222223,9,471,462,50,In Stock
J0196-TP-XXXL,Top,J0196,3XL,7,3705.76,463.22,8,222,215,50,In Stock
J0197-TP-L,Top,J0197,L,4,2500.0,625.0,4,236,232,50,In Stock
J0197-TP-M,Top,J0197,M,8,4963.0,620.375,8,397,389,50,In Stock
J0197-TP-S,Top,J0197,S,3,1875.0,625.0,3,379,376,50,In Stock
J0197-TP-XL,Top,J0197,XL,3,1875.0,625.0,3,166,163,50,In Stock
J0197-TP-XS,Top,J0197,XS,1,625.0,625.0,1,257,256,50,In Stock
J0197-TP-XXL,Top,J0197,XXL,7,4375.0,625.0,7,382,375,50,In Stock
J0197-TP-XXXL,Top,J0197,3XL,10,7089.24,644.4763636363637,11,334,324,50,In Stock
J0198-TP-L,Top,J0198,L,12,5991.0,499.25,12,162,150,50,In Stock
J0198-TP-M,Top,J0198,M,29,17426.0,600.8965517241379,29,142,113,50,In Stock
J0198-TP-S,Top,J0198,S,8,4933.0,616.625,8,350,342,50,In Stock
J0198-TP-XL,Top,J0198,XL,15,9042.0,602.8,15,377,362,50,In Stock
J0198-TP-XS,Top,J0198,XS,2,1213.0,606.5,2,466,464,50,In Stock
J0198-TP-XXL,Top,J0198,XXL,1,1220.24,610.12,2,243,242,50,In Stock
J0198-TP-XXXL,Top,J0198,3XL,8,5558.24,617.5822222222222,9,143,135,50,In Stock
J0199-SET-XL,Set,J0199,XL,2,949.0,474.5,2,322,320,50,In Stock
J0199-SET-XS,Set,J0199,XS,2,949.0,474.5,2,388,386,50,In Stock
J0199-SET-XXL,Set,J0199,XXL,4,1949.0,487.25,4,286,282,50,In Stock
J0199-SET-XXXL,Set,J0199,3XL,7,2886.0,412.2857142857143,7,323,316,50,In Stock
J0201-TP-L,Top,J0201,L,8,6153.48,615.348,10,148,140,50,In Stock
J0201-TP-M,Top,J0201,M,7,6160.72,616.072,10,427,420,50,In Stock
J0201-TP-S,Top,J0201,S,3,1875.0,625.0,3,240,237,50,In Stock
J0201-TP-XL,Top,J0201,XL,5,3125.0,625.0,5,424,419,50,In Stock
J0201-TP-XS,Top,J0201,XS,5,3125.0,625.0,5,267,262,50,In Stock
J0201-TP-XXL,Top,J0201,XXL,6,4345.24,620.7485714285714,7,344,338,50,In Stock
J0201-TP-XXXL,Top,J0201,3XL,7,4619.0,659.8571428571429,7,129,122,50,In Stock
J0202-TP-S,Top,J0202,S,3,1560.0,520.0,3,371,368,50,In Stock
J0202-TP-XL,Top,J0202,XL,2,1018.0,509.0,2,358,356,50,In Stock
J0202-TP-XXL,Top,J0202,XXL,4,2076.0,519.0,4,122,118,50,In Stock
J0202-TP-XXXL,Top,J0202,3XL,1,499.0,499.0,1,259,258,50,In Stock
J0203-TP-L,Top,J0203,L,3,1716.0,572.0,3,164,161,50,In Stock
J0203-TP-M,Top,J0203,M,5,2840.0,568.0,5,380,375,50,In Stock
J0203-TP-S,Top,J0203,S,2,1136.0,568.0,2,315,313,50,In Stock
J0203-TP-XL,Top,J0203,XL,3,1710.0,570.0,3,106,103,50,In Stock
J0203-TP-XS,Top,J0203,XS,2,2217.9,554.475,4,491,489,50,In Stock
J0203-TP-XXL,Top,J0203,XXL,1,568.0,568.0,1,338,337,50,In Stock
J0203-TP-XXXL,Top,J0203,3XL,1,568.0,568.0,1,376,375,50,In Stock
J0204-TP-L,Top,J0204,L,4,3717.33,743.466,5,125,121,50,In Stock
J0204-TP-M,Top,J0204,M,6,4794.0,799.0,6,404,398,50,In Stock
J0204-TP-S,Top,J0204,S,7,5249.0,749.8571428571429,7,391,384,50,In Stock
J0204-TP-XL,Top,J0204,XL,5,3755.0,751.0,5,250,245,50,In Stock
J0204-TP-XS,Top,J0204,XS,4,2998.0,749.5,4,421,417,50,In Stock
J0204-TP-XXL,Top,J0204,XXL,7,5249.0,749.8571428571429,7,322,315,50,In Stock
J0204-TP-XXXL,Top,J0204,3XL,6,5215.33,745.0471428571428,7,404,398,50,In Stock
J0205-TP-L,Top,J0205,L,2,774.0,387.0,2,497,495,50,In Stock
J0205-TP-M,Top,J0205,M,3,1161.0,387.0,3,151,148,50,In Stock
J0205-TP-S,Top,J0205,S,7,2709.0,387.0,7,210,203,50,In Stock
J0205-TP-XL,Top,J0205,XL,9,3851.57,385.15700000000004,10,177,168,50,In Stock
J0205-TP-XS,Top,J0205,XS,4,1548.0,387.0,4,153,149,50,In Stock
J0205-TP-XXL,Top,J0205,XXL,17,6935.57,385.3094444444444,18,236,219,50,In Stock
J0205-TP-XXXL,Top,J0205,3XL,1,387.0,387.0,1,113,112,50,In Stock
J0207-DR-L,Western Dress,J0207,L,1,885.0,885.0,1,333,332,50,In Stock
J0207-DR-S,Western Dress,J0207,S,4,3540.0,885.0,4,336,332,50,In Stock
J0207-DR-XL,Western Dress,J0207,XL,5,4425.0,885.0,5,276,271,50,In Stock
J0207-DR-XS,Western Dress,J0207,XS,2,1770.0,885.0,2,351,349,50,In Stock
J0207-DR-XXL,Western Dress,J0207,XXL,8,7080.0,885.0,8,109,101,50,In Stock
J0207-DR-XXXL,Western Dress,J0207,3XL,8,7027.0,878.375,8,107,99,50,In Stock
J0208-DR-L,Western Dress,J0208,L,1,605.0,605.0,1,222,221,50,In Stock
J0208-DR-M,Western Dress,J0208,M,2,1442.0,721.0,2,117,115,50,In Stock
J0208-DR-S,Western Dress,J0208,S,3,1931.0,643.6666666666666,3,310,307,50,In Stock
J0208-DR-XL,Western Dress,J0208,XL,1,721.0,721.0,1,500,499,50,In Stock
J0208-DR-XXL,Western Dress,J0208,XXL,3,2163.0,721.0,3,312,309,50,In Stock
J0208-DR-XXXL,Western Dress,J0208,3XL,2,1442.0,721.0,2,475,473,50,In Stock
J0209-DR-L,Ethnic Dress,J0209,L,15,11484.67,717.791875,16,415,400,50,In Stock
J0209-DR-M,Ethnic Dress,J0209,M,6,4490.0,748.3333333333334,6,139,133,50,In Stock
J0209-DR-S,Ethnic Dress,J0209,S,4,3898.66,779.732,5,493,489,50,In Stock
J0209-DR-XL,Ethnic Dress,J0209,XL,5,4619.67,769.945,6,467,462,50,In Stock
J0209-DR-XS,Ethnic Dress,J0209,XS,4,3048.0,762.0,4,278,274,50,In Stock
J0209-DR-XXL,Ethnic Dress,J0209,XXL,4,3890.86,778.172,5,141,137,50,In Stock
J0209-DR-XXXL,Ethnic Dress,J0209,3XL,3,2849.66,712.415,4,158,155,50,In Stock
J0210-DR-L,Ethnic Dress,J0210,L,5,4077.0,815.4,5,133,128,50,In Stock
J0210-DR-M,Ethnic Dress,J0210,M,6,5107.0,851.1666666666666,6,391,385,50,In Stock
J0210-DR-S,Ethnic Dress,J0210,S,11,9099.0,827.1818181818181,11,244,233,50,In Stock
J0210-DR-XL,Ethnic Dress,J0210,XL,10,7209.0,720.9,10,279,269,50,In Stock
J0210-DR-XS,Ethnic Dress,J0210,XS,4,3294.0,823.5,4,183,179,50,In Stock
J0210-DR-XXL,Ethnic Dress,J0210,XXL,8,6426.0,803.25,8,112,104,50,In Stock
J0210-DR-XXXL,Ethnic Dress,J0210,3XL,4,3958.14,791.6279999999999,5,497,493,50,In Stock
J0211-DR-L,Ethnic Dress,J0211,L,5,3551.0,710.2,5,135,130,50,In Stock
J0211-DR-M,Ethnic Dress,J0211,M,4,2796.0,699.0,4,146,142,50,In Stock
J0211-DR-S,Ethnic Dress,J0211,S,4,2796.0,699.0,4,160,156,50,In Stock
J0211-DR-XL,Ethnic Dress,J0211,XL,3,2097.0,699.0,3,482,479,50,In Stock
J0211-DR-XS,Ethnic Dress,J0211,XS,1,699.0,699.0,1,373,372,50,In Stock
J0211-DR-XXL,Ethnic Dress,J0211,XXL,3,2097.0,699.0,3,121,118,50,In Stock
J0211-DR-XXXL,Ethnic Dress,J0211,3XL,2,1398.0,699.0,2,264,262,50,In Stock
J0212-DR-L,Ethnic Dress,J0212,L,11,9009.0,819.0,11,238,227,50,In Stock
J0212-DR-M,Ethnic Dress,J0212,M,7,5537.0,791.0,7,432,425,50,In Stock
J0212-DR-S,Ethnic Dress,J0212,S,3,2373.0,791.0,3,248,245,50,In Stock
J0212-DR-XL,Ethnic Dress,J0212,XL,13,11344.33,810.3092857142857,14,345,332,50,In Stock
J0212-DR-XS,Ethnic Dress,J0212,XS,1,791.0,791.0,1,190,189,50,In Stock
J0212-DR-XXL,Ethnic Dress,J0212,XXL,4,3917.33,783.466,5,436,432,50,In Stock
J0212-DR-XXXL,Ethnic Dress,J0212,3XL,13,11160.0,858.4615384615385,13,197,184,50,In Stock
J0213-TP-L,Top,J0213,L,17,10384.0,610.8235294117648,17,430,413,50,In Stock
J0213-TP-M,Top,J0213,M,22,13142.0,597.3636363636364,22,450,428,50,In Stock
J0213-TP-S,Top,J0213,S,17,10075.0,592.6470588235294,17,437,420,50,In Stock
J0213-TP-XL,Top,J0213,XL,20,11908.0,595.4,20,144,124,50,In Stock
J0213-TP-XS,Top,J0213,XS,2,1198.0,599.0,2,352,350,50,In Stock
J0213-TP-XXL,Top,J0213,XXL,16,9584.0,599.0,16,378,362,50,In Stock
J0213-TP-XXXL,Top,J0213,3XL,15,9459.0,630.6,15,176,161,50,In Stock
J0214-TP-L,Top,J0214,L,2,990.0,495.0,2,282,280,50,In Stock
J0214-TP-M,Top,J0214,M,3,1485.0,495.0,3,438,435,50,In Stock
J0214-TP-S,Top,J0214,S,1,499.0,499.0,1,142,141,50,In Stock
J0214-TP-XL,Top,J0214,XL,4,990.0,247.5,4,401,397,50,In Stock
J0214-TP-XXL,Top,J0214,XXL,2,990.0,495.0,2,432,430,50,In Stock
J0214-TP-XXXL,Top,J0214,3XL,2,994.0,497.0,2,142,140,50,In Stock
J0215-BL-L,Blouse,J0215,L,11,5669.0,515.3636363636364,11,296,285,50,In Stock
J0215-BL-M,Blouse,J0215,M,17,9784.05,543.5583333333333,18,123,106,50,In Stock
J0215-BL-S,Blouse,J0215,S,10,5969.05,542.6409090909091,11,343,333,50,In Stock
J0215-BL-XL,Blouse,J0215,XL,9,6162.1,560.1909090909091,11,228,219,50,In Stock
J0215-BL-XXL,Blouse,J0215,XXL,13,7961.0,612.3846153846154,13,249,236,50,In Stock
J0216-BL-L,Blouse,J0216,L,9,5000.0,555.5555555555555,9,309,300,50,In Stock
J0216-BL-M,Blouse,J0216,M,10,6778.48,564.8733333333333,12,101,91,50,In Stock
J0216-BL-S,Blouse,J0216,S,15,9619.0,641.2666666666667,15,418,403,50,In Stock
J0216-BL-XL,Blouse,J0216,XL,13,7500.0,576.9230769230769,13,169,156,50,In Stock
J0216-BL-XXL,Blouse,J0216,XXL,6,4552.24,650.3199999999999,7,232,226,50,In Stock
J0217-BL-L,Blouse,J0217,L,23,15183.33,632.63875,24,128,105,50,In Stock
J0217-BL-M,Blouse,J0217,M,29,19141.66,617.4729032258065,31,211,182,50,In Stock
J0217-BL-S,Blouse,J0217,S,21,15864.99,689.7821739130435,23,484,463,50,In Stock
J0217-BL-XL,Blouse,J0217,XL,17,10640.0,625.8823529411765,17,355,338,50,In Stock
J0217-BL-XXL,Blouse,J0217,XXL,14,8565.0,611.7857142857143,14,254,240,50,In Stock
J0219-BL-L,Blouse,J0219,L,10,6120.0,612.0,10,230,220,50,In Stock
J0219-BL-M,Blouse,J0219,M,18,11659.48,582.9739999999999,20,417,399,50,In Stock
J0219-BL-S,Blouse,J0219,S,12,9625.92,687.5657142857143,14,369,357,50,In Stock
J0219-BL-XL,Blouse,J0219,XL,10,8405.91,600.4221428571428,14,163,153,50,In Stock
J0219-BL-XXL,Blouse,J0219,XXL,15,9179.0,611.9333333333333,15,111,96,50,In Stock
J0220-BL-L,Blouse,J0220,L,5,3720.24,620.04,6,363,358,50,In Stock
J0220-BL-M,Blouse,J0220,M,8,5000.0,625.0,8,298,290,50,In Stock
J0220-BL-S,Blouse,J0220,S,6,3994.0,665.6666666666666,6,438,432,50,In Stock
J0220-BL-XL,Blouse,J0220,XL,11,7363.0,669.3636363636364,11,207,196,50,In Stock
J0220-BL-XXL,Blouse,J0220,XXL,6,3125.0,520.8333333333334,6,312,306,50,In Stock
J0223-SKD-XXXL,Set,J0223,3XL,1,1181.0,1181.0,1,189,188,50,In Stock
J0224-SKD-M,Set,J0224,M,2,3186.0,1593.0,2,478,476,50,In Stock
J0224-SKD-XL,Set,J0224,XL,2,3186.0,1593.0,2,210,208,50,In Stock
J0224-SKD-XS,Set,J0224,XS,2,2957.0,1478.5,2,347,345,50,In Stock
J0224-SKD-XXL,Set,J0224,XXL,2,2957.0,1478.5,2,410,408,50,In Stock
J0224-SKD-XXXL,Set,J0224,3XL,3,4051.0,1350.3333333333333,3,499,496,50,In Stock
J0225-SKD-L,Set,J0225,L,1,0.0,0.0,1,136,135,50,In Stock
J0225-SKD-M,Set,J0225,M,1,1284.0,1284.0,1,228,227,50,In Stock
J0225-SKD-S,Set,J0225,S,2,2568.0,1284.0,2,176,174,50,In Stock
J0225-SKD-XL,Set,J0225,XL,1,1284.0,1284.0,1,153,152,50,In Stock
J0225-SKD-XS,Set,J0225,XS,2,2568.0,1284.0,2,253,251,50,In Stock
J0225-SKD-XXL,Set,J0225,XXL,1,1499.0,1499.0,1,405,404,50,In Stock
J0225-SKD-XXXL,Set,J0225,3XL,1,1245.0,1245.0,1,239,238,50,In Stock
J0226-SKD-L,Set,J0226,L,2,2998.0,1499.0,2,475,473,50,In Stock
J0226-SKD-XS,Set,J0226,XS,1,1593.0,1593.0,1,370,369,50,In Stock
J0226-SKD-XXL,Set,J0226,XXL,4,5996.0,1499.0,4,264,260,50,In Stock
J0226-SKD-XXXL,Set,J0226,3XL,3,4591.0,1530.3333333333333,3,420,417,50,In Stock
J0228-SKD-L,Set,J0228,L,2,3389.0,1694.5,2,166,164,50,In Stock
J0228-SKD-M,Set,J0228,M,4,6690.0,1672.5,4,330,326,50,In Stock
J0228-SKD-S,Set,J0228,S,5,8481.0,1696.2,5,197,192,50,In Stock
J0228-SKD-XL,Set,J0228,XL,6,10236.0,1706.0,6,493,487,50,In Stock
J0228-SKD-XS,Set,J0228,XS,1,1669.0,1669.0,1,172,171,50,In Stock
J0228-SKD-XXL,Set,J0228,XXL,5,8418.0,1683.6,5,220,215,50,In Stock
J0228-SKD-XXXL,Set,J0228,3XL,5,8461.0,1692.2,5,326,321,50,In Stock
J0229-SKD-L,Set,J0229,L,1,1189.0,1189.0,1,111,110,50,In Stock
J0229-SKD-S,Set,J0229,S,1,1249.0,1249.0,1,374,373,50,In Stock
J0229-SKD-XL,Set,J0229,XL,1,1189.0,1189.0,1,252,251,50,In Stock
J0229-SKD-XXL,Set,J0229,XXL,3,3735.0,1245.0,3,435,432,50,In Stock
J0230-SKD-L,Set,J0230,L,185,202974.0,1097.1567567567567,185,109,0,50,Low Stock
J0230-SKD-M,Set,J0230,M,366,408454.2,1103.9302702702703,370,352,0,50,Low Stock
J0230-SKD-S,Set,J0230,S,320,354027.86,1106.3370625,320,493,173,50,In Stock
J0230-SKD-XL,Set,J0230,XL,123,146499.58,1171.9966399999998,125,212,89,50,In Stock
J0230-SKD-XS,Set,J0230,XS,140,154911.86,1098.665673758865,141,174,34,50,Low Stock
J0230-SKD-XXL,Set,J0230,XXL,68,79312.9,1117.0830985915493,71,459,391,50,In Stock
J0230-SKD-XXXL,Set,J0230,3XL,15,17233.68,1077.105,16,341,326,50,In Stock
J0231-SKD-L,Set,J0231,L,5,6336.0,1267.2,5,368,363,50,In Stock
J0231-SKD-M,Set,J0231,M,10,12565.0,1256.5,10,149,139,50,In Stock
J0231-SKD-S,Set,J0231,S,4,5081.0,1270.25,4,395,391,50,In Stock
J0231-SKD-XL,Set,J0231,XL,12,16157.75,1242.9038461538462,13,145,133,50,In Stock
J0231-SKD-XS,Set,J0231,XS,1,1238.0,1238.0,1,365,364,50,In Stock
J0231-SKD-XXL,Set,J0231,XXL,5,7264.36,1210.7266666666667,6,439,434,50,In Stock
J0231-SKD-XXXL,Set,J0231,3XL,15,19508.36,1219.2725,16,287,272,50,In Stock
J0232-SKD-L,Set,J0232,L,2,3524.04,1174.68,3,167,165,50,In Stock
J0232-SKD-S,Set,J0232,S,1,1213.0,1213.0,1,398,397,50,In Stock
J0232-SKD-XL,Set,J0232,XL,2,2426.0,1213.0,2,457,455,50,In Stock
J0232-SKD-XS,Set,J0232,XS,1,1213.0,1213.0,1,217,216,50,In Stock
J0232-SKD-XXL,Set,J0232,XXL,4,4888.0,1222.0,4,446,442,50,In Stock
J0232-SKD-XXXL,Set,J0232,3XL,1,1228.0,1228.0,1,258,257,50,In Stock
J0233-SKD-L,Set,J0233,L,8,9015.0,1126.875,8,239,231,50,In Stock
J0233-SKD-M,Set,J0233,M,8,11601.82,1289.091111111111,9,411,403,50,In Stock
J0233-SKD-S,Set,J0233,S,7,9040.0,1291.4285714285713,7,158,151,50,In Stock
J0233-SKD-XL,Set,J0233,XL,6,8953.82,1279.1171428571429,7,412,406,50,In Stock
J0233-SKD-XS,Set,J0233,XS,2,2598.0,1299.0,2,236,234,50,In Stock
J0233-SKD-XXL,Set,J0233,XXL,2,3757.8199999999997,1252.6066666666666,3,180,178,50,In Stock
J0233-SKD-XXXL,Set,J0233,3XL,8,10417.0,1302.125,8,427,419,50,In Stock
J0234-SKD-L,Set,J0234,L,19,22702.0,1194.842105263158,19,467,448,50,In Stock
J0234-SKD-M,Set,J0234,M,9,10587.0,1176.3333333333333,9,187,178,50,In Stock
J0234-SKD-S,Set,J0234,S,11,13140.0,1194.5454545454545,11,265,254,50,In Stock
J0234-SKD-XL,Set,J0234,XL,18,20054.93,1055.5226315789473,19,175,157,50,In Stock
J0234-SKD-XS,Set,J0234,XS,4,4825.0,1206.25,4,223,219,50,In Stock
J0234-SKD-XXL,Set,J0234,XXL,12,15423.04,1186.3876923076923,13,137,125,50,In Stock
J0234-SKD-XXXL,Set,J0234,3XL,13,18724.9,1170.30625,16,257,244,50,In Stock
J0235-SKD-L,Set,J0235,L,1,1089.0,1089.0,1,113,112,50,In Stock
J0235-SKD-M,Set,J0235,M,2,2088.0,1044.0,2,266,264,50,In Stock
J0235-SKD-S,Set,J0235,S,2,2188.0,1094.0,2,494,492,50,In Stock
J0235-SKD-XL,Set,J0235,XL,1,1089.0,1089.0,1,250,249,50,In Stock
J0235-SKD-XS,Set,J0235,XS,1,1089.0,1089.0,1,487,486,50,In Stock
J0236-SKD-L,Set,J0236,L,54,50775.2,906.6999999999999,56,342,288,50,In Stock
J0236-SKD-M,Set,J0236,M,21,21027.71,876.1545833333333,24,142,121,50,In Stock
J0236-SKD-S,Set,J0236,S,43,40662.0,945.6279069767442,43,373,330,50,In Stock
J0236-SKD-XL,Set,J0236,XL,54,50116.62,894.9396428571429,56,322,268,50,In Stock
J0236-SKD-XS,Set,J0236,XS,21,20389.1,926.7772727272727,22,455,434,50,In Stock
J0236-SKD-XXL,Set,J0236,XXL,47,48061.39,906.818679245283,53,239,192,50,In Stock
J0236-SKD-XXXL,Set,J0236,3XL,45,44429.0,906.7142857142857,49,238,193,50,In Stock
J0237-SKD-L,Set,J0237,L,3,3782.0,1260.6666666666667,3,490,487,50,In Stock
J0237-SKD-M,Set,J0237,M,2,2512.0,1256.0,2,281,279,50,In Stock
J0237-SKD-XL,Set,J0237,XL,5,6506.0,1301.2,5,163,158,50,In Stock
J0237-SKD-XXL,Set,J0237,XXL,3,3881.0,1293.6666666666667,3,416,413,50,In Stock
J0237-SKD-XXXL,Set,J0237,3XL,4,7480.75,1246.7916666666667,6,481,477,50,In Stock
J0238-LCD-L,Set,J0238,L,4,9309.0,2327.25,4,445,441,50,In Stock
J0238-LCD-XL,Set,J0238,XL,4,6568.0,1642.0,4,167,163,50,In Stock
J0238-LCD-XS,Set,J0238,XS,1,2442.0,2442.0,1,153,152,50,In Stock
J0238-LCD-XXXL,Set,J0238,3XL,2,3970.0,1985.0,2,174,172,50,In Stock
J0239-SKD-L,Set,J0239,L,7,12572.46,1257.2459999999999,10,378,371,50,In Stock
J0239-SKD-M,Set,J0239,M,5,10311.07,1288.88375,8,441,436,50,In Stock
J0239-SKD-S,Set,J0239,S,7,9193.0,1313.2857142857142,7,257,250,50,In Stock
J0239-SKD-XL,Set,J0239,XL,9,15484.75,1290.3958333333333,12,304,295,50,In Stock
J0239-SKD-XS,Set,J0239,XS,6,8978.82,1282.6885714285713,7,453,447,50,In Stock
J0239-SKD-XXL,Set,J0239,XXL,7,16451.92,1265.5323076923075,13,182,175,50,In Stock
J0239-SKD-XXXL,Set,J0239,3XL,11,14414.0,1310.3636363636363,11,117,106,50,In Stock
J0240-SKD-L,Set,J0240,L,1,1593.0,1593.0,1,481,480,50,In Stock
J0240-SKD-M,Set,J0240,M,4,6484.0,1621.0,4,418,414,50,In Stock
J0240-SKD-S,Set,J0240,S,1,1593.0,1593.0,1,305,304,50,In Stock
J0240-SKD-XL,Set,J0240,XL,3,3242.0,1080.6666666666667,3,312,309,50,In Stock
J0240-SKD-XS,Set,J0240,XS,2,3186.0,1593.0,2,240,238,50,In Stock
J0240-SKD-XXL,Set,J0240,XXL,2,3186.0,1593.0,2,431,429,50,In Stock
J0240-SKD-XXXL,Set,J0240,3XL,3,4779.0,1593.0,3,470,467,50,In Stock
J0241-SKD-S,Set,J0241,S,2,2676.0,1338.0,2,268,266,50,In Stock
J0241-SKD-XL,Set,J0241,XL,5,6706.0,1341.2,5,158,153,50,In Stock
J0241-SKD-XS,Set,J0241,XS,1,0.0,0.0,1,442,441,50,In Stock
J0241-SKD-XXL,Set,J0241,XXL,1,1338.0,1338.0,1,379,378,50,In Stock
J0241-SKD-XXXL,Set,J0241,3XL,1,1338.0,1338.0,1,455,454,50,In Stock
J0242-SKD-L,Set,J0242,L,2,2298.0,1149.0,2,280,278,50,In Stock
J0242-SKD-M,Set,J0242,M,1,1166.0,1166.0,1,102,101,50,In Stock
J0242-SKD-S,Set,J0242,S,1,1149.0,1149.0,1,398,397,50,In Stock
J0242-SKD-XS,Set,J0242,XS,1,1149.0,1149.0,1,193,192,50,In Stock
J0242-SKD-XXL,Set,J0242,XXL,4,3447.0,861.75,4,485,481,50,In Stock
J0243-DR-L,Ethnic Dress,J0243,L,13,11988.0,922.1538461538462,13,286,273,50,In Stock
J0243-DR-M,Ethnic Dress,J0243,M,16,16878.29,992.8405882352941,17,476,460,50,In Stock
J0243-DR-S,Ethnic Dress,J0243,S,10,10440.0,1044.0,10,133,123,50,In Stock
J0243-DR-XL,Ethnic Dress,J0243,XL,18,19383.43,1020.1805263157895,19,153,135,50,In Stock
J0243-DR-XS,Ethnic Dress,J0243,XS,1,999.0,999.0,1,446,445,50,In Stock
J0243-DR-XXL,Ethnic Dress,J0243,XXL,3,3888.43,972.1075,4,481,478,50,In Stock
J0243-DR-XXXL,Ethnic Dress,J0243,3XL,16,16374.0,1023.375,16,210,194,50,In Stock
J0244-SKD-L,Set,J0244,L,41,49905.72,1160.5981395348838,43,297,256,50,In Stock
J0244-SKD-M,Set,J0244,M,27,44407.89,1200.2132432432431,37,285,258,50,In Stock
J0244-SKD-S,Set,J0244,S,12,16927.01,1128.4673333333333,15,340,328,50,In Stock
J0244-SKD-XL,Set,J0244,XL,12,18194.25,1212.95,15,480,468,50,In Stock
J0244-SKD-XS,Set,J0244,XS,3,3662.0,1220.6666666666667,3,347,344,50,In Stock
J0244-SKD-XXXL,Set,J0244,3XL,18,22559.0,1253.2777777777778,18,436,418,50,In Stock
J0245-SKD-L,Set,J0245,L,8,9609.0,1201.125,8,465,457,50,In Stock
J0245-SKD-M,Set,J0245,M,1,1149.0,1149.0,1,402,401,50,In Stock
J0245-SKD-S,Set,J0245,S,2,2398.0,1199.0,2,266,264,50,In Stock
J0245-SKD-XL,Set,J0245,XL,5,4696.0,939.2,5,124,119,50,In Stock
J0245-SKD-XXL,Set,J0245,XXL,5,5862.0,1172.4,5,187,182,50,In Stock
J0245-SKD-XXXL,Set,J0245,3XL,3,3464.0,1154.6666666666667,3,266,263,50,In Stock
J0246-SKD-XXXL,Set,J0246,3XL,1,1279.0,1279.0,1,182,181,50,In Stock
J0247-SKD-L,Set,J0247,L,4,3977.0,795.4,5,456,452,50,In Stock
J0247-SKD-M,Set,J0247,M,17,12567.0,837.8,15,361,344,50,In Stock
J0247-SKD-S,Set,J0247,S,9,6365.0,707.2222222222222,9,343,334,50,In Stock
J0247-SKD-XS,Set,J0247,XS,8,6474.0,809.25,8,357,349,50,In Stock
J0247-SKD-XXL,Set,J0247,XXL,1,820.0,820.0,1,293,292,50,In Stock
J0247-SKD-XXXL,Set,J0247,3XL,4,3194.0,798.5,4,181,177,50,In Stock
J0248-KR-DPT-L,Set,J0248,L,9,8385.0,931.6666666666666,9,493,484,50,In Stock
J0248-KR-DPT-M,Set,J0248,M,8,6864.0,858.0,8,405,397,50,In Stock
J0248-KR-DPT-S,Set,J0248,S,6,4560.0,760.0,6,139,133,50,In Stock
J0248-KR-DPT-XL,Set,J0248,XL,6,5559.0,926.5,6,214,208,50,In Stock
J0248-KR-DPT-XS,Set,J0248,XS,4,3851.0,962.75,4,475,471,50,In Stock
J0248-KR-DPT-XXL,Set,J0248,XXL,6,5388.0,898.0,6,454,448,50,In Stock
J0248-KR-DPT-XXXL,Set,J0248,3XL,6,5695.0,949.1666666666666,6,131,125,50,In Stock
J0249-SKD-L,Set,J0249,L,8,7432.0,929.0,8,293,285,50,In Stock
J0249-SKD-S,Set,J0249,S,3,1878.0,626.0,3,489,486,50,In Stock
J0249-SKD-XL,Set,J0249,XL,7,5610.0,801.4285714285714,7,205,198,50,In Stock
J0249-SKD-XS,Set,J0249,XS,2,1878.0,939.0,2,401,399,50,In Stock
J0249-SKD-XXL,Set,J0249,XXL,2,1878.0,939.0,2,102,100,50,In Stock
J0249-SKD-XXXL,Set,J0249,3XL,2,1878.0,939.0,2,236,234,50,In Stock
J0250-SKD-L,Set,J0250,L,5,3701.0,740.2,5,414,409,50,In Stock
J0250-SKD-M,Set,J0250,M,3,2175.0,725.0,3,330,327,50,In Stock
J0250-SKD-XL,Set,J0250,XL,4,2954.0,738.5,4,154,150,50,In Stock
J0250-SKD-XXL,Set,J0250,XXL,4,2916.0,729.0,4,286,282,50,In Stock
J0250-SKD-XXXL,Set,J0250,3XL,5,3666.48,611.08,6,216,211,50,In Stock
J0251-SKD-L,Set,J0251,L,1,763.0,763.0,1,364,363,50,In Stock
J0251-SKD-M,Set,J0251,M,5,3717.0,743.4,5,244,239,50,In Stock
J0251-SKD-S,Set,J0251,S,2,1488.0,744.0,2,103,101,50,In Stock
J0251-SKD-XL,Set,J0251,XL,4,3014.0,753.5,4,200,196,50,In Stock
J0251-SKD-XS,Set,J0251,XS,3,2251.0,750.3333333333334,3,231,228,50,In Stock
J0251-SKD-XXL,Set,J0251,XXL,2,1488.0,744.0,2,279,277,50,In Stock
J0251-SKD-XXXL,Set,J0251,3XL,2,1450.0,725.0,2,215,213,50,In Stock
J0252-SKD-L,Set,J0252,L,2,899.0,449.5,2,379,377,50,In Stock
J0252-SKD-M,Set,J0252,M,3,2777.0,925.6666666666666,3,348,345,50,In Stock
J0252-SKD-S,Set,J0252,S,3,2793.0,931.0,3,208,205,50,In Stock
J0252-SKD-XL,Set,J0252,XL,5,4631.0,926.2,5,163,158,50,In Stock
J0252-SKD-XS,Set,J0252,XS,4,3716.0,929.0,4,261,257,50,In Stock
J0252-SKD-XXL,Set,J0252,XXL,1,899.0,899.0,1,273,272,50,In Stock
J0252-SKD-XXXL,Set,J0252,3XL,3,2777.0,925.6666666666666,3,386,383,50,In Stock
J0254-SKD-L,Set,J0254,L,2,1517.0,758.5,2,344,342,50,In Stock
J0254-SKD-M,Set,J0254,M,3,2367.0,789.0,3,131,128,50,In Stock
J0254-SKD-S,Set,J0254,S,3,2660.0,886.6666666666666,3,136,133,50,In Stock
J0254-SKD-XL,Set,J0254,XL,1,789.0,789.0,1,155,154,50,In Stock
J0254-SKD-XS,Set,J0254,XS,1,789.0,789.0,1,375,374,50,In Stock
J0254-SKD-XXL,Set,J0254,XXL,1,750.0,750.0,1,220,219,50,In Stock
J0254-SKD-XXXL,Set,J0254,3XL,3,2328.0,776.0,3,188,185,50,In Stock
J0277-SKD-L,Set,J0277,L,29,40543.18,1351.4393333333333,30,194,165,50,In Stock
J0277-SKD-M,Set,J0277,M,25,36512.0,1460.48,25,206,181,50,In Stock
J0277-SKD-S,Set,J0277,S,16,22739.0,1421.1875,16,185,169,50,In Stock
J0277-SKD-XL,Set,J0277,XL,18,28470.54,1423.527,20,254,236,50,In Stock
J0277-SKD-XS,Set,J0277,XS,6,8320.0,1386.6666666666667,6,249,243,50,In Stock
J0277-SKD-XXL,Set,J0277,XXL,9,12951.0,1439.0,9,358,349,50,In Stock
J0277-SKD-XXXL,Set,J0277,3XL,14,20254.0,1446.7142857142858,14,102,88,50,In Stock
J0278-SET-M,Set,J0278,M,6,4566.0,761.0,6,349,343,50,In Stock
J0278-SET-S,Set,J0278,S,4,3021.0,755.25,4,448,444,50,In Stock
J0278-SET-XL,Set,J0278,XL,1,761.0,761.0,1,465,464,50,In Stock
J0278-SET-XXL,Set,J0278,XXL,2,1522.0,761.0,2,177,175,50,In Stock
J0278-SET-XXXL,Set,J0278,3XL,6,4566.0,761.0,6,351,345,50,In Stock
J0279-SET-L,Set,J0279,L,1,955.0,955.0,1,285,284,50,In Stock
J0279-SET-S,Set,J0279,S,1,955.0,955.0,1,208,207,50,In Stock
J0280-SKD-L,Set,J0280,L,12,18411.0,1534.25,12,295,283,50,In Stock
J0280-SKD-M,Set,J0280,M,15,21804.0,1453.6,15,340,325,50,In Stock
J0280-SKD-S,Set,J0280,S,31,46283.25,1446.3515625,32,130,99,50,In Stock
J0280-SKD-XL,Set,J0280,XL,12,20631.58,1473.6842857142858,14,432,420,50,In Stock
J0280-SKD-XS,Set,J0280,XS,23,34558.0,1502.5217391304348,23,172,149,50,In Stock
J0280-SKD-XXL,Set,J0280,XXL,12,18732.0,1561.0,12,145,133,50,In Stock
J0280-SKD-XXXL,Set,J0280,3XL,13,19716.0,1516.6153846153845,13,499,486,50,In Stock
J0281-SKD-L,Set,J0281,L,12,17576.0,1464.6666666666667,12,269,257,50,In Stock
J0281-SKD-M,Set,J0281,M,3,4164.0,1388.0,3,105,102,50,In Stock
J0281-SKD-S,Set,J0281,S,34,44959.0,1322.3235294117646,34,412,378,50,In Stock
J0281-SKD-XL,Set,J0281,XL,22,32610.21,1417.8352173913042,23,392,370,50,In Stock
J0281-SKD-XS,Set,J0281,XS,26,36487.0,1403.3461538461538,26,486,460,50,In Stock
J0281-SKD-XXL,Set,J0281,XXL,10,13312.0,1331.2,10,248,238,50,In Stock
J0281-SKD-XXXL,Set,J0281,3XL,9,12759.0,1417.6666666666667,9,442,433,50,In Stock
J0282-SET-L,Set,J0282,L,3,2997.0,999.0,3,197,194,50,In Stock
J0282-SET-M,Set,J0282,M,2,2949.42,983.14,3,218,216,50,In Stock
J0282-SET-S,Set,J0282,S,3,4000.43,1000.1075,4,488,485,50,In Stock
J0282-SET-XL,Set,J0282,XL,2,1998.0,999.0,2,221,219,50,In Stock
J0282-SET-XS,Set,J0282,XS,2,2949.43,983.1433333333333,3,222,220,50,In Stock
J0282-SET-XXL,Set,J0282,XXL,2,999.0,499.5,2,405,403,50,In Stock
J0282-SET-XXXL,Set,J0282,3XL,6,4995.0,832.5,6,266,260,50,In Stock
J0283-SET-L,Set,J0283,L,31,31439.0,1014.1612903225806,31,202,171,50,In Stock
J0283-SET-M,Set,J0283,M,22,22797.32,991.1878260869565,23,217,195,50,In Stock
J0283-SET-S,Set,J0283,S,7,7349.0,1049.857142857143,7,476,469,50,In Stock
J0283-SET-XL,Set,J0283,XL,26,21950.0,844.2307692307693,26,463,437,50,In Stock
J0283-SET-XS,Set,J0283,XS,3,3270.0,1090.0,3,426,423,50,In Stock
J0283-SET-XXL,Set,J0283,XXL,17,17739.32,985.5177777777777,18,256,239,50,In Stock
J0283-SET-XXXL,Set,J0283,3XL,13,13555.0,1042.6923076923076,13,433,420,50,In Stock
J0284-SKD-L,Set,J0284,L,7,7337.0,1048.142857142857,7,467,460,50,In Stock
J0284-SKD-M,Set,J0284,M,6,7461.0,1243.5,6,303,297,50,In Stock
J0284-SKD-S,Set,J0284,S,15,20789.92,1222.9364705882351,17,471,456,50,In Stock
J0284-SKD-XL,Set,J0284,XL,1,2341.46,1170.73,2,368,367,50,In Stock
J0284-SKD-XS,Set,J0284,XS,2,2413.0,1206.5,2,478,476,50,In Stock
J0284-SKD-XXXL,Set,J0284,3XL,8,9613.0,1201.625,8,170,162,50,In Stock
J0285-SKD-L,Set,J0285,L,24,38466.82,1424.697037037037,27,190,166,50,In Stock
J0285-SKD-M,Set,J0285,M,39,60507.03,1407.1402325581396,43,126,87,50,In Stock
J0285-SKD-S,Set,J0285,S,35,54982.96,1486.025945945946,37,391,356,50,In Stock
J0285-SKD-XL,Set,J0285,XL,46,62832.0,1365.9130434782608,46,120,74,50,In Stock
J0285-SKD-XS,Set,J0285,XS,36,52918.0,1469.9444444444443,36,430,394,50,In Stock
J0285-SKD-XXL,Set,J0285,XXL,17,24764.46,1238.223,20,102,85,50,In Stock
J0285-SKD-XXXL,Set,J0285,3XL,25,32260.0,1290.4,25,174,149,50,In Stock
J0290-CD-L,Top,J0290,L,3,1602.0,534.0,3,286,283,50,In Stock
J0290-CD-S,Top,J0290,S,1,534.0,534.0,1,202,201,50,In Stock
J0290-CD-XL,Top,J0290,XL,1,534.0,534.0,1,190,189,50,In Stock
J0290-CD-XXL,Top,J0290,XXL,2,1068.0,534.0,2,484,482,50,In Stock
J0291-JS-M,Set,J0291,M,2,1718.0,859.0,2,325,323,50,In Stock
J0291-JS-S,Set,J0291,S,6,5154.0,859.0,6,268,262,50,In Stock
J0291-JS-XL,Set,J0291,XL,1,859.0,859.0,1,284,283,50,In Stock
J0291-JS-XS,Set,J0291,XS,1,859.0,859.0,1,157,156,50,In Stock
J0291-JS-XXXL,Set,J0291,3XL,1,859.0,859.0,1,146,145,50,In Stock
J0292-TP-L,Top,J0292,L,0,342.86,342.86,1,310,310,50,In Stock
J0292-TP-S,Top,J0292,S,5,2199.05,366.5083333333334,6,434,429,50,In Stock
J0292-TP-XL,Top,J0292,XL,2,754.0,377.0,2,233,231,50,In Stock
J0292-TP-XS,Top,J0292,XS,10,3971.86,361.0781818181818,11,324,314,50,In Stock
J0292-TP-XXL,Top,J0292,XXL,6,2245.0,374.1666666666667,6,408,402,50,In Stock
J0292-TP-XXXL,Top,J0292,3XL,1,360.0,360.0,1,431,430,50,In Stock
J0293-DR-M,Western Dress,J0293,M,2,900.0,450.0,2,244,242,50,In Stock
J0293-DR-S,Western Dress,J0293,S,7,3709.52,463.69,8,489,482,50,In Stock
J0293-DR-XL,Western Dress,J0293,XL,1,450.0,450.0,1,161,160,50,In Stock
J0293-DR-XS,Western Dress,J0293,XS,5,2294.0,458.8,5,102,97,50,In Stock
J0293-DR-XXL,Western Dress,J0293,XXL,1,450.0,450.0,1,440,439,50,In Stock
J0294-TP-S,Top,J0294,S,3,1565.1399999999999,391.28499999999997,4,298,295,50,In Stock
J0294-TP-XL,Top,J0294,XL,3,1150.0,383.3333333333333,3,462,459,50,In Stock
J0294-TP-XS,Top,J0294,XS,12,4608.0,384.0,12,473,461,50,In Stock
J0294-TP-XXL,Top,J0294,XXL,3,1188.0,396.0,3,121,118,50,In Stock
J0295-DR-L,Western Dress,J0295,L,22,21786.3,871.452,25,206,184,50,In Stock
J0295-DR-M,Western Dress,J0295,M,26,21475.0,825.9615384615385,26,169,143,50,In Stock
J0295-DR-S,Western Dress,J0295,S,12,10308.0,859.0,12,211,199,50,In Stock
J0295-DR-XL,Western Dress,J0295,XL,17,14940.0,878.8235294117648,17,251,234,50,In Stock
J0295-DR-XS,Western Dress,J0295,XS,5,4295.0,859.0,5,447,442,50,In Stock
J0295-DR-XXL,Western Dress,J0295,XXL,12,10308.0,859.0,12,462,450,50,In Stock
J0295-DR-XXXL,Western Dress,J0295,3XL,12,11944.2,853.157142857143,14,497,485,50,In Stock
J0296-DR-M,Western Dress,J0296,M,1,519.0,519.0,1,146,145,50,In Stock
J0296-DR-S,Western Dress,J0296,S,3,1038.0,346.0,3,141,138,50,In Stock
J0296-DR-XS,Western Dress,J0296,XS,11,6203.29,516.9408333333333,12,259,248,50,In Stock
J0296-DR-XXL,Western Dress,J0296,XXL,1,519.0,519.0,1,281,280,50,In Stock
J0297-TP-L,Top,J0297,L,43,24068.0,559.7209302325581,43,335,292,50,In Stock
J0297-TP-M,Top,J0297,M,30,17541.67,565.8603225806451,31,293,263,50,In Stock
J0297-TP-S,Top,J0297,S,12,6089.0,507.4166666666667,12,236,224,50,In Stock
J0297-TP-XL,Top,J0297,XL,15,8310.0,554.0,15,210,195,50,In Stock
J0297-TP-XS,Top,J0297,XS,10,5166.0,516.6,10,408,398,50,In Stock
J0297-TP-XXL,Top,J0297,XXL,15,8364.67,522.791875,16,457,442,50,In Stock
J0297-TP-XXXL,Top,J0297,3XL,7,3793.0,541.8571428571429,7,434,427,50,In Stock
J0298-DR-S,Western Dress,J0298,S,2,1011.0,505.5,2,316,314,50,In Stock
J0298-DR-XS,Western Dress,J0298,XS,3,2441.52,488.304,5,493,490,50,In Stock
J0299-KR-L,kurta,J0299,L,2,690.0,345.0,2,284,282,50,In Stock
J0299-KR-M,kurta,J0299,M,3,1363.57,340.8925,4,426,423,50,In Stock
J0299-KR-S,kurta,J0299,S,10,3778.57,343.50636363636363,11,144,134,50,In Stock
J0299-KR-XL,kurta,J0299,XL,2,684.0,342.0,2,277,275,50,In Stock
J0299-KR-XS,kurta,J0299,XS,6,2070.0,345.0,6,272,266,50,In Stock
J0299-KR-XXL,kurta,J0299,XXL,2,684.0,342.0,2,234,232,50,In Stock
J0299-KR-XXXL,kurta,J0299,3XL,6,2061.0,343.5,6,193,187,50,In Stock
J0300-TP-L,Top,J0300,L,3,837.0,279.0,3,159,156,50,In Stock
J0300-TP-S,Top,J0300,S,1,279.0,279.0,1,353,352,50,In Stock
J0300-TP-XL,Top,J0300,XL,9,2625.0,291.6666666666667,9,346,337,50,In Stock
J0300-TP-XXL,Top,J0300,XXL,7,2050.0,292.85714285714283,7,278,271,50,In Stock
J0300-TP-XXXL,Top,J0300,3XL,10,2838.0,283.8,10,298,288,50,In Stock
J0301-TP-L,Top,J0301,L,89,44305.52,497.8148314606741,89,351,262,50,In Stock
J0301-TP-M,Top,J0301,M,73,35914.23,472.5556578947369,76,288,215,50,In Stock
J0301-TP-S,Top,J0301,S,45,23287.09,485.14770833333336,48,305,260,50,In Stock
J0301-TP-XL,Top,J0301,XL,84,43018.14,500.21093023255816,86,224,140,50,In Stock
J0301-TP-XS,Top,J0301,XS,32,16005.0,500.15625,32,391,359,50,In Stock
J0301-TP-XXL,Top,J0301,XXL,80,38921.81,480.51617283950617,81,431,351,50,In Stock
J0301-TP-XXXL,Top,J0301,3XL,60,29032.0,483.8666666666667,60,356,296,50,In Stock
J0302-DR-XL,Western Dress,J0302,XL,0,513.33,513.33,1,247,247,50,In Stock
J0302-DR-XS,Western Dress,J0302,XS,2,1078.0,539.0,2,361,359,50,In Stock
J0302-DR-XXL,Western Dress,J0302,XXL,3,1623.0,541.0,3,327,324,50,In Stock
J0302-DR-XXXL,Western Dress,J0302,3XL,4,2470.0,617.5,4,168,164,50,In Stock
J0304-TP-XL,Top,J0304,XL,2,598.0,299.0,2,359,357,50,In Stock
J0304-TP-XS,Top,J0304,XS,4,1188.0,297.0,4,313,309,50,In Stock
J0304-TP-XXL,Top,J0304,XXL,4,1188.0,297.0,4,216,212,50,In Stock
J0304-TP-XXXL,Top,J0304,3XL,4,1188.0,297.0,4,139,135,50,In Stock
J0305-DR-L,Western Dress,J0305,L,1,774.0,774.0,1,307,306,50,In Stock
J0305-DR-M,Western Dress,J0305,M,1,613.0,613.0,1,151,150,50,In Stock
J0305-DR-S,Western Dress,J0305,S,2,1226.0,613.0,2,215,213,50,In Stock
J0305-DR-XS,Western Dress,J0305,XS,2,1226.0,613.0,2,389,387,50,In Stock
J0305-DR-XXL,Western Dress,J0305,XXL,5,3172.0,634.4,5,115,110,50,In Stock
J0306-DR-L,Western Dress,J0306,L,9,7537.14,753.714,10,425,416,50,In Stock
J0306-DR-M,Western Dress,J0306,M,15,12952.47,761.91,17,465,450,50,In Stock
J0306-DR-S,Western Dress,J0306,S,7,4608.0,658.2857142857143,7,221,214,50,In Stock
J0306-DR-XL,Western Dress,J0306,XL,7,6873.47,763.718888888889,9,338,331,50,In Stock
J0306-DR-XS,Western Dress,J0306,XS,6,4608.0,768.0,6,417,411,50,In Stock
J0306-DR-XXL,Western Dress,J0306,XXL,12,8583.0,715.25,12,351,339,50,In Stock
J0306-DR-XXXL,Western Dress,J0306,3XL,10,7368.0,736.8,10,220,210,50,In Stock
J0307-TP-L,Top,J0307,L,1,518.0,518.0,1,259,258,50,In Stock
J0307-TP-M,Top,J0307,M,3,1554.0,518.0,3,347,344,50,In Stock
J0307-TP-S,Top,J0307,S,1,518.0,518.0,1,470,469,50,In Stock
J0307-TP-XL,Top,J0307,XL,2,1036.0,518.0,2,184,182,50,In Stock
J0307-TP-XS,Top,J0307,XS,1,518.0,518.0,1,136,135,50,In Stock
J0307-TP-XXL,Top,J0307,XXL,2,1036.0,518.0,2,481,479,50,In Stock
J0307-TP-XXXL,Top,J0307,3XL,5,2590.0,518.0,5,329,324,50,In Stock
J0308-DR-L,Western Dress,J0308,L,45,30081.66,640.0353191489362,47,197,152,50,In Stock
J0308-DR-M,Western Dress,J0308,M,32,20448.33,619.6463636363637,33,438,406,50,In Stock
J0308-DR-S,Western Dress,J0308,S,11,7948.33,662.3608333333333,12,115,104,50,In Stock
J0308-DR-XL,Western Dress,J0308,XL,31,21780.48,660.0145454545454,33,218,187,50,In Stock
J0308-DR-XS,Western Dress,J0308,XS,10,6570.0,657.0,10,439,429,50,In Stock
J0308-DR-XXL,Western Dress,J0308,XXL,62,40920.48,639.3825,64,332,270,50,In Stock
J0308-DR-XXXL,Western Dress,J0308,3XL,68,46096.66,658.5237142857144,70,487,419,50,In Stock
J0310-TP-L,Top,J0310,L,4,1324.0,331.0,4,248,244,50,In Stock
J0310-TP-M,Top,J0310,M,4,1324.0,331.0,4,459,455,50,In Stock
J0310-TP-S,Top,J0310,S,1,339.0,339.0,1,115,114,50,In Stock
J0310-TP-XL,Top,J0310,XL,5,1695.0,339.0,5,179,174,50,In Stock
J0310-TP-XS,Top,J0310,XS,1,339.0,339.0,1,308,307,50,In Stock
J0310-TP-XXL,Top,J0310,XXL,3,1017.0,339.0,3,453,450,50,In Stock
J0314-KR-M,kurta,J0314,M,1,795.0,795.0,1,384,383,50,In Stock
J0314-KR-S,kurta,J0314,S,1,761.0,761.0,1,415,414,50,In Stock
J0314-KR-XL,kurta,J0314,XL,1,761.0,761.0,1,272,271,50,In Stock
J0319-KR-L,kurta,J0319,L,2,1742.0,871.0,2,483,481,50,In Stock
J0319-KR-XXL,kurta,J0319,XXL,1,871.0,871.0,1,269,268,50,In Stock
J0323-CD-L,Top,J0323,L,0,508.57,508.57,1,104,104,50,In Stock
J0323-CD-S,Top,J0323,S,1,534.0,534.0,1,320,319,50,In Stock
J0323-CD-XXL,Top,J0323,XXL,1,534.0,534.0,1,145,144,50,In Stock
J0324-CD-L,Top,J0324,L,1,0.0,0.0,1,104,103,50,In Stock
J0328-KR-L,kurta,J0328,L,12,11268.0,939.0,12,295,283,50,In Stock
J0328-KR-M,kurta,J0328,M,1,927.0,927.0,1,135,134,50,In Stock
J0328-KR-S,kurta,J0328,S,2,1878.0,939.0,2,300,298,50,In Stock
J0328-KR-XL,kurta,J0328,XL,3,2793.0,931.0,3,258,255,50,In Stock
J0328-KR-XS,kurta,J0328,XS,3,2761.0,920.3333333333334,3,357,354,50,In Stock
J0328-KR-XXL,kurta,J0328,XXL,9,8427.0,936.3333333333334,9,381,372,50,In Stock
J0328-KR-XXXL,kurta,J0328,3XL,10,9278.0,927.8,10,380,370,50,In Stock
J0329-KR-L,kurta,J0329,L,6,4831.0,805.1666666666666,6,425,419,50,In Stock
J0329-KR-M,kurta,J0329,M,5,3661.0,732.2,5,385,380,50,In Stock
J0329-KR-S,kurta,J0329,S,5,4030.0,806.0,5,394,389,50,In Stock
J0329-KR-XL,kurta,J0329,XL,9,7807.9,780.79,10,442,433,50,In Stock
J0329-KR-XS,kurta,J0329,XS,5,3928.0,785.6,5,482,477,50,In Stock
J0329-KR-XXL,kurta,J0329,XXL,6,4743.0,790.5,6,284,278,50,In Stock
J0329-KR-XXXL,kurta,J0329,3XL,7,5509.0,787.0,7,141,134,50,In Stock
J0330-KR-L,kurta,J0330,L,2,1150.0,575.0,2,263,261,50,In Stock
J0330-KR-XL,kurta,J0330,XL,1,575.0,575.0,1,161,160,50,In Stock
J0330-KR-XS,kurta,J0330,XS,1,599.0,599.0,1,132,131,50,In Stock
J0330-KR-XXL,kurta,J0330,XXL,2,1198.0,599.0,2,413,411,50,In Stock
J0330-KR-XXXL,kurta,J0330,3XL,1,575.0,575.0,1,141,140,50,In Stock
J0331-KR-L,kurta,J0331,L,4,4020.38,804.076,5,429,425,50,In Stock
J0331-KR-M,kurta,J0331,M,7,6416.38,802.0475,8,146,139,50,In Stock
J0331-KR-S,kurta,J0331,S,3,2446.0,815.3333333333334,3,484,481,50,In Stock
J0331-KR-XL,kurta,J0331,XL,5,4010.0,802.0,5,468,463,50,In Stock
J0331-KR-XXL,kurta,J0331,XXL,4,3278.0,819.5,4,369,365,50,In Stock
J0331-KR-XXXL,kurta,J0331,3XL,10,8010.0,801.0,10,436,426,50,In Stock
J0332-DR-L,Western Dress,J0332,L,5,3495.0,699.0,5,308,303,50,In Stock
J0332-DR-M,Western Dress,J0332,M,12,8326.0,693.8333333333334,12,258,246,50,In Stock
J0332-DR-S,Western Dress,J0332,S,14,9673.0,806.0833333333334,12,274,260,50,In Stock
J0332-DR-XL,Western Dress,J0332,XL,19,13013.0,684.8947368421053,19,423,404,50,In Stock
J0332-DR-XS,Western Dress,J0332,XS,12,8162.0,680.1666666666666,12,404,392,50,In Stock
J0332-DR-XXL,Western Dress,J0332,XXL,18,12345.0,685.8333333333334,18,450,432,50,In Stock
J0332-DR-XXXL,Western Dress,J0332,3XL,7,4769.0,681.2857142857143,7,367,360,50,In Stock
J0333-DR-L,Western Dress,J0333,L,14,11730.0,837.8571428571429,14,183,169,50,In Stock
J0333-DR-M,Western Dress,J0333,M,8,6780.0,847.5,8,380,372,50,In Stock
J0333-DR-S,Western Dress,J0333,S,4,3420.0,855.0,4,388,384,50,In Stock
J0333-DR-XL,Western Dress,J0333,XL,10,9881.42,823.4516666666667,12,194,184,50,In Stock
J0333-DR-XS,Western Dress,J0333,XS,1,825.0,825.0,1,273,272,50,In Stock
J0333-DR-XXL,Western Dress,J0333,XXL,6,6698.57,837.32125,8,142,136,50,In Stock
J0333-DR-XXXL,Western Dress,J0333,3XL,26,23618.57,843.5203571428572,28,250,224,50,In Stock
J0334-TP-L,Top,J0334,L,21,11769.48,534.9763636363637,22,238,217,50,In Stock
J0334-TP-M,Top,J0334,M,38,20459.0,538.3947368421053,38,292,254,50,In Stock
J0334-TP-S,Top,J0334,S,31,17717.86,553.683125,32,154,123,50,In Stock
J0334-TP-XL,Top,J0334,XL,21,11919.62,541.8009090909092,22,124,103,50,In Stock
J0334-TP-XS,Top,J0334,XS,19,10739.05,536.9525,20,397,378,50,In Stock
J0334-TP-XXL,Top,J0334,XXL,9,5179.0,575.4444444444445,9,251,242,50,In Stock
J0334-TP-XXXL,Top,J0334,3XL,7,3931.0,561.5714285714286,7,362,355,50,In Stock
J0335-DR-L,Western Dress,J0335,L,111,100295.47,887.5705309734514,113,459,348,50,In Stock
J0335-DR-M,Western Dress,J0335,M,74,62424.57,832.3276,75,127,53,50,In Stock
J0335-DR-S,Western Dress,J0335,S,38,32005.1,820.6435897435897,39,399,361,50,In Stock
J0335-DR-XL,Western Dress,J0335,XL,74,67472.14,887.7913157894736,76,222,148,50,In Stock
J0335-DR-XS,Western Dress,J0335,XS,23,22574.14,902.9656,25,303,280,50,In Stock
J0335-DR-XXL,Western Dress,J0335,XXL,43,38367.47,852.6104444444445,45,145,102,50,In Stock
J0335-DR-XXXL,Western Dress,J0335,3XL,14,13052.1,870.14,15,263,249,50,In Stock
J0336-TP-L,Top,J0336,L,16,9881.0,617.5625,16,195,179,50,In Stock
J0336-TP-M,Top,J0336,M,18,11283.0,626.8333333333334,18,113,95,50,In Stock
J0336-TP-S,Top,J0336,S,9,5655.0,628.3333333333334,9,137,128,50,In Stock
J0336-TP-XL,Top,J0336,XL,19,12106.0,637.1578947368421,19,168,149,50,In Stock
J0336-TP-XS,Top,J0336,XS,6,3752.0,625.3333333333334,6,477,471,50,In Stock
J0336-TP-XXL,Top,J0336,XXL,14,9045.0,646.0714285714286,14,327,313,50,In Stock
J0336-TP-XXXL,Top,J0336,3XL,23,14173.0,616.2173913043479,23,253,230,50,In Stock
J0337-TP-L,Top,J0337,L,20,10292.0,514.6,20,174,154,50,In Stock
J0337-TP-M,Top,J0337,M,24,11981.0,499.2083333333333,24,179,155,50,In Stock
J0337-TP-S,Top,J0337,S,10,5026.0,502.6,10,154,144,50,In Stock
J0337-TP-XL,Top,J0337,XL,12,5866.0,488.8333333333333,12,271,259,50,In Stock
J0337-TP-XS,Top,J0337,XS,9,4686.0,520.6666666666666,9,149,140,50,In Stock
J0337-TP-XXL,Top,J0337,XXL,15,7649.0,509.93333333333334,15,109,94,50,In Stock
J0337-TP-XXXL,Top,J0337,3XL,11,5700.0,518.1818181818181,11,236,225,50,In Stock
J0338-DR-L,Western Dress,J0338,L,43,32869.0,782.5952380952381,42,201,158,50,In Stock
J0338-DR-M,Western Dress,J0338,M,24,18881.0,786.7083333333334,24,369,345,50,In Stock
J0338-DR-S,Western Dress,J0338,S,41,34997.14,813.8869767441861,43,390,349,50,In Stock
J0338-DR-XL,Western Dress,J0338,XL,27,22099.0,818.4814814814815,27,168,141,50,In Stock
J0338-DR-XS,Western Dress,J0338,XS,39,31246.0,801.1794871794872,39,393,354,50,In Stock
J0338-DR-XXL,Western Dress,J0338,XXL,15,11865.0,791.0,15,263,248,50,In Stock
J0338-DR-XXXL,Western Dress,J0338,3XL,24,19035.0,793.125,24,234,210,50,In Stock
J0339-DR-L,Western Dress,J0339,L,78,61671.56,752.0921951219511,82,272,194,50,In Stock
J0339-DR-M,Western Dress,J0339,M,100,79198.71,768.9195145631069,103,313,213,50,In Stock
J0339-DR-S,Western Dress,J0339,S,81,63278.57,771.6898780487804,82,456,375,50,In Stock
J0339-DR-XL,Western Dress,J0339,XL,118,92722.14,772.6845,120,301,183,50,In Stock
J0339-DR-XS,Western Dress,J0339,XS,26,21094.57,781.2803703703704,27,126,100,50,In Stock
J0339-DR-XXL,Western Dress,J0339,XXL,77,62419.33,800.2478205128206,78,346,269,50,In Stock
J0339-DR-XXXL,Western Dress,J0339,3XL,64,50456.14,764.4869696969697,66,130,66,50,In Stock
J0340-TP-L,Top,J0340,L,32,20094.38,591.0111764705882,34,371,339,50,In Stock
J0340-TP-M,Top,J0340,M,55,33134.0,602.4363636363636,55,284,229,50,In Stock
J0340-TP-S,Top,J0340,S,34,22596.14,645.6039999999999,35,206,172,50,In Stock
J0340-TP-XL,Top,J0340,XL,18,10338.0,574.3333333333334,18,355,337,50,In Stock
J0340-TP-XS,Top,J0340,XS,47,29539.38,602.8444897959184,49,174,127,50,In Stock
J0340-TP-XXL,Top,J0340,XXL,19,12202.0,642.2105263157895,19,380,361,50,In Stock
J0340-TP-XXXL,Top,J0340,3XL,5,2633.0,526.6,5,324,319,50,In Stock
J0341-DR-L,Western Dress,J0341,L,234,194009.95,795.1227459016394,244,178,0,50,Low Stock
J0341-DR-M,Western Dress,J0341,M,238,204642.09,812.0717857142857,252,469,231,50,In Stock
J0341-DR-S,Western Dress,J0341,S,181,155287.59,792.2836224489796,196,238,57,50,In Stock
J0341-DR-XL,Western Dress,J0341,XL,169,137932.24,792.7140229885057,174,303,134,50,In Stock
J0341-DR-XS,Western Dress,J0341,XS,117,95011.33,785.2176033057851,121,258,141,50,In Stock
J0341-DR-XXL,Western Dress,J0341,XXL,156,136624.96,848.6022360248446,161,410,254,50,In Stock
J0341-DR-XXXL,Western Dress,J0341,3XL,144,120448.0,819.374149659864,147,444,300,50,In Stock
J0342-TP-L,Top,J0342,L,29,17949.0,618.9310344827586,29,230,201,50,In Stock
J0342-TP-M,Top,J0342,M,25,15024.0,600.96,25,126,101,50,In Stock
J0342-TP-S,Top,J0342,S,25,14738.0,589.52,25,306,281,50,In Stock
J0342-TP-XL,Top,J0342,XL,5,3598.67,599.7783333333333,6,287,282,50,In Stock
J0342-TP-XS,Top,J0342,XS,16,10042.0,627.625,16,263,247,50,In Stock
J0342-TP-XXL,Top,J0342,XXL,11,6252.0,568.3636363636364,11,359,348,50,In Stock
J0342-TP-XXXL,Top,J0342,3XL,12,8382.33,644.7946153846153,13,364,352,50,In Stock
J0343-DR-L,Western Dress,J0343,L,26,21359.0,821.5,26,145,119,50,In Stock
J0343-DR-M,Western Dress,J0343,M,78,64574.86,827.8828205128206,78,334,256,50,In Stock
J0343-DR-S,Western Dress,J0343,S,43,33904.86,770.565,44,349,306,50,In Stock
J0343-DR-XL,Western Dress,J0343,XL,67,54203.57,797.1113235294117,68,475,408,50,In Stock
J0343-DR-XS,Western Dress,J0343,XS,13,11095.0,853.4615384615385,13,469,456,50,In Stock
J0343-DR-XXL,Western Dress,J0343,XXL,50,40413.0,808.26,50,288,238,50,In Stock
J0343-DR-XXXL,Western Dress,J0343,3XL,59,48739.0,826.0847457627119,59,216,157,50,In Stock
J0344-TP-L,Top,J0344,L,56,30939.82,515.6636666666667,60,349,293,50,In Stock
J0344-TP-M,Top,J0344,M,56,29478.67,517.169649122807,57,436,380,50,In Stock
J0344-TP-S,Top,J0344,S,42,21904.0,521.5238095238095,42,367,325,50,In Stock
J0344-TP-XL,Top,J0344,XL,53,27511.8,509.47777777777776,54,131,78,50,In Stock
J0344-TP-XS,Top,J0344,XS,22,11321.81,492.25260869565216,23,378,356,50,In Stock
J0344-TP-XXL,Top,J0344,XXL,40,21572.43,501.68441860465117,43,424,384,50,In Stock
J0344-TP-XXXL,Top,J0344,3XL,32,16144.0,504.5,32,488,456,50,In Stock
J0345-SET-L,Set,J0345,L,7,3905.24,488.155,8,334,327,50,In Stock
J0345-SET-M,Set,J0345,M,3,1516.0,505.3333333333333,3,420,417,50,In Stock
J0345-SET-XL,Set,J0345,XL,9,4469.0,496.55555555555554,9,327,318,50,In Stock
J0345-SET-XS,Set,J0345,XS,2,956.0,478.0,2,318,316,50,In Stock
J0345-SET-XXL,Set,J0345,XXL,3,1497.0,499.0,3,456,453,50,In Stock
J0345-SET-XXXL,Set,J0345,3XL,8,4816.48,481.64799999999997,10,159,151,50,In Stock
J0346-SET-L,Set,J0346,L,30,15167.14,473.973125,32,357,327,50,In Stock
J0346-SET-S,Set,J0346,S,4,1904.0,476.0,4,152,148,50,In Stock
J0346-SET-XL,Set,J0346,XL,40,19533.24,476.42048780487806,41,385,345,50,In Stock
J0346-SET-XS,Set,J0346,XS,13,6170.0,474.61538461538464,13,182,169,50,In Stock
J0346-SET-XXL,Set,J0346,XXL,10,5235.24,475.9309090909091,11,457,447,50,In Stock
J0346-SET-XXXL,Set,J0346,3XL,14,7139.24,475.9493333333333,15,288,274,50,In Stock
J0347-SET-L,Set,J0347,L,1,625.0,625.0,1,373,372,50,In Stock
J0347-SET-XL,Set,J0347,XL,9,8074.6,621.123076923077,13,123,114,50,In Stock
J0347-SET-XS,Set,J0347,XS,3,1929.0,643.0,3,397,394,50,In Stock
J0347-SET-XXL,Set,J0347,XXL,2,1264.0,632.0,2,433,431,50,In Stock
J0347-SET-XXXL,Set,J0347,3XL,4,2521.0,630.25,4,128,124,50,In Stock
J0348-SET-L,Set,J0348,L,8,3949.0,493.625,8,403,395,50,In Stock
J0348-SET-M,Set,J0348,M,8,3973.24,441.4711111111111,9,411,403,50,In Stock
J0348-SET-S,Set,J0348,S,11,4911.0,446.45454545454544,11,264,253,50,In Stock
J0348-SET-XL,Set,J0348,XL,5,2452.0,490.4,5,489,484,50,In Stock
J0348-SET-XS,Set,J0348,XS,10,4510.0,451.0,10,403,393,50,In Stock
J0348-SET-XXL,Set,J0348,XXL,2,998.0,499.0,2,340,338,50,In Stock
J0348-SET-XXXL,Set,J0348,3XL,2,942.0,471.0,2,360,358,50,In Stock
J0349-SET-L,Set,J0349,L,62,50365.71,799.4557142857143,63,169,107,50,In Stock
J0349-SET-M,Set,J0349,M,67,55622.42,806.1220289855072,69,278,211,50,In Stock
J0349-SET-S,Set,J0349,S,73,59970.71,810.415,74,422,349,50,In Stock
J0349-SET-XL,Set,J0349,XL,32,28452.57,836.8402941176471,34,261,229,50,In Stock
J0349-SET-XS,Set,J0349,XS,43,35502.0,825.6279069767442,43,352,309,50,In Stock
J0349-SET-XXL,Set,J0349,XXL,18,15583.0,865.7222222222222,18,149,131,50,In Stock
J0349-SET-XXXL,Set,J0349,3XL,15,13115.0,874.3333333333334,15,478,463,50,In Stock
J0350-SET-L,Set,J0350,L,2,950.0,475.0,2,381,379,50,In Stock
J0350-SET-M,Set,J0350,M,1,499.0,499.0,1,464,463,50,In Stock
J0350-SET-XL,Set,J0350,XL,9,4381.0,486.77777777777777,9,303,294,50,In Stock
J0350-SET-XS,Set,J0350,XS,1,499.0,499.0,1,311,310,50,In Stock
J0350-SET-XXL,Set,J0350,XXL,1,477.0,477.0,1,279,278,50,In Stock
J0350-SET-XXXL,Set,J0350,3XL,2,954.0,477.0,2,299,297,50,In Stock
J0351-SET-L,Set,J0351,L,21,15917.0,757.952380952381,21,392,371,50,In Stock
J0351-SET-M,Set,J0351,M,4,3126.0,781.5,4,150,146,50,In Stock
J0351-SET-S,Set,J0351,S,10,7060.0,706.0,10,382,372,50,In Stock
J0351-SET-XL,Set,J0351,XL,9,7699.96,699.9963636363636,11,469,460,50,In Stock
J0351-SET-XS,Set,J0351,XS,5,3637.0,727.4,5,127,122,50,In Stock
J0351-SET-XXL,Set,J0351,XXL,6,4687.0,781.1666666666666,6,225,219,50,In Stock
J0351-SET-XXXL,Set,J0351,3XL,13,10035.0,771.9230769230769,13,323,310,50,In Stock
J0352-KR-L,kurta,J0352,L,5,2524.0,504.8,5,104,99,50,In Stock
J0352-KR-M,kurta,J0352,M,7,5059.76,632.47,8,222,215,50,In Stock
J0352-KR-S,kurta,J0352,S,12,7638.0,636.5,12,441,429,50,In Stock
J0352-KR-XL,kurta,J0352,XL,7,6277.28,627.728,10,378,371,50,In Stock
J0352-KR-XXL,kurta,J0352,XXL,10,6504.0,650.4,10,248,238,50,In Stock
J0353-KR-L,kurta,J0353,L,4,2426.0,606.5,4,196,192,50,In Stock
J0353-KR-M,kurta,J0353,M,7,4407.0,629.5714285714286,7,119,112,50,In Stock
J0353-KR-S,kurta,J0353,S,4,3621.33,603.555,6,385,381,50,In Stock
J0353-KR-XL,kurta,J0353,XL,16,10827.33,601.5183333333333,18,185,169,50,In Stock
J0353-KR-XXL,kurta,J0353,XXL,13,7536.0,579.6923076923077,13,136,123,50,In Stock
J0354-KR-L,kurta,J0354,L,15,9884.95,617.809375,16,457,442,50,In Stock
J0354-KR-M,kurta,J0354,M,13,8121.0,624.6923076923077,13,121,108,50,In Stock
J0354-KR-S,kurta,J0354,S,9,5639.0,626.5555555555555,9,486,477,50,In Stock
J0354-KR-XL,kurta,J0354,XL,5,2989.0,597.8,5,142,137,50,In Stock
J0354-KR-XXL,kurta,J0354,XXL,7,4237.0,605.2857142857143,7,301,294,50,In Stock
J0355-KR-L,kurta,J0355,L,34,23135.43,625.2818918918919,37,415,381,50,In Stock
J0355-KR-M,kurta,J0355,M,24,15112.76,604.5104,25,205,181,50,In Stock
J0355-KR-S,kurta,J0355,S,16,9069.0,566.8125,16,479,463,50,In Stock
J0355-KR-XL,kurta,J0355,XL,4,3611.52,601.92,6,123,119,50,In Stock
J0355-KR-XXL,kurta,J0355,XXL,8,5592.76,621.4177777777778,9,262,254,50,In Stock
J0369-SKD-L,Set,J0369,L,3,3297.0,1099.0,3,160,157,50,In Stock
J0369-SKD-M,Set,J0369,M,5,5516.0,1103.2,5,237,232,50,In Stock
J0369-SKD-S,Set,J0369,S,5,5695.0,1139.0,5,142,137,50,In Stock
J0369-SKD-XL,Set,J0369,XL,3,3297.0,1099.0,3,354,351,50,In Stock
J0369-SKD-XS,Set,J0369,XS,4,4396.0,1099.0,4,227,223,50,In Stock
J0369-SKD-XXL,Set,J0369,XXL,2,2198.0,1099.0,2,409,407,50,In Stock
J0369-SKD-XXXL,Set,J0369,3XL,1,1099.0,1099.0,1,392,391,50,In Stock
J0370-SKD-L,Set,J0370,L,1,936.0,936.0,1,153,152,50,In Stock
J0370-SKD-S,Set,J0370,S,3,2198.0,732.6666666666666,3,204,201,50,In Stock
J0370-SKD-XL,Set,J0370,XL,5,4843.0,968.6,5,445,440,50,In Stock
J0370-SKD-XS,Set,J0370,XS,2,2035.0,1017.5,2,344,342,50,In Stock
J0370-SKD-XXL,Set,J0370,XXL,2,2056.0,1028.0,2,137,135,50,In Stock
J0370-SKD-XXXL,Set,J0370,3XL,3,3297.0,1099.0,3,356,353,50,In Stock
J0371-SKD-S,Set,J0371,S,2,2198.0,1099.0,2,380,378,50,In Stock
J0371-SKD-XL,Set,J0371,XL,1,1199.0,1199.0,1,282,281,50,In Stock
J0371-SKD-XS,Set,J0371,XS,3,3297.0,1099.0,3,323,320,50,In Stock
J0371-SKD-XXL,Set,J0371,XXL,3,3297.0,1099.0,3,440,437,50,In Stock
J0371-SKD-XXXL,Set,J0371,3XL,1,1099.0,1099.0,1,198,197,50,In Stock
J0372-SKD-L,Set,J0372,L,10,11990.0,1090.0,11,106,96,50,In Stock
J0372-SKD-M,Set,J0372,M,8,10754.5,1075.45,10,177,169,50,In Stock
J0372-SKD-S,Set,J0372,S,3,3297.0,1099.0,3,490,487,50,In Stock
J0372-SKD-XL,Set,J0372,XL,1,1033.0,1033.0,1,430,429,50,In Stock
J0372-SKD-XS,Set,J0372,XS,1,1099.0,1099.0,1,110,109,50,In Stock
J0372-SKD-XXL,Set,J0372,XXL,4,4396.0,1099.0,4,100,96,50,In Stock
J0372-SKD-XXXL,Set,J0372,3XL,2,2198.0,1099.0,2,398,396,50,In Stock
J0373-KR-L,kurta,J0373,L,10,5939.0,593.9,10,268,258,50,In Stock
J0373-KR-M,kurta,J0373,M,12,8297.1,592.65,14,181,169,50,In Stock
J0373-KR-S,kurta,J0373,S,7,4121.0,588.7142857142857,7,255,248,50,In Stock
J0373-KR-XL,kurta,J0373,XL,15,8800.0,586.6666666666666,15,181,166,50,In Stock
J0373-KR-XS,kurta,J0373,XS,10,5942.0,594.2,10,440,430,50,In Stock
J0373-KR-XXL,kurta,J0373,XXL,7,4121.0,588.7142857142857,7,174,167,50,In Stock
J0373-KR-XXXL,kurta,J0373,3XL,8,4679.0,584.875,8,448,440,50,In Stock
J0374-KR-L,kurta,J0374,L,1,614.0,614.0,1,343,342,50,In Stock
J0374-KR-XXL,kurta,J0374,XXL,2,1228.0,614.0,2,401,399,50,In Stock
J0374-KR-XXXL,kurta,J0374,3XL,1,614.0,614.0,1,293,292,50,In Stock
J0375-SKD-L,Set,J0375,L,2,2098.0,1049.0,2,453,451,50,In Stock
J0375-SKD-M,Set,J0375,M,2,2184.0,1092.0,2,172,170,50,In Stock
J0375-SKD-S,Set,J0375,S,2,2198.0,1099.0,2,416,414,50,In Stock
J0375-SKD-XL,Set,J0375,XL,5,5167.0,1033.4,5,448,443,50,In Stock
J0375-SKD-XS,Set,J0375,XS,1,999.0,999.0,1,421,420,50,In Stock
J0375-SKD-XXL,Set,J0375,XXL,2,2198.0,1099.0,2,207,205,50,In Stock
J0375-SKD-XXXL,Set,J0375,3XL,3,3197.0,1065.6666666666667,3,135,132,50,In Stock
J0376-SKD-L,Set,J0376,L,22,23029.43,1001.2795652173913,23,306,284,50,In Stock
J0376-SKD-M,Set,J0376,M,20,20176.0,1008.8,20,365,345,50,In Stock
J0376-SKD-S,Set,J0376,S,28,30216.54,1007.2180000000001,30,367,339,50,In Stock
J0376-SKD-XL,Set,J0376,XL,29,28136.0,970.2068965517242,29,232,203,50,In Stock
J0376-SKD-XS,Set,J0376,XS,22,23041.54,960.0641666666667,24,378,356,50,In Stock
J0376-SKD-XXL,Set,J0376,XXL,35,35971.0,1027.7428571428572,35,272,237,50,In Stock
J0376-SKD-XXXL,Set,J0376,3XL,21,21215.0,1010.2380952380952,21,453,432,50,In Stock
J0377-SKD-L,Set,J0377,L,17,18644.43,1096.7311764705883,17,144,127,50,In Stock
J0377-SKD-M,Set,J0377,M,18,17783.0,987.9444444444445,18,368,350,50,In Stock
J0377-SKD-S,Set,J0377,S,3,3297.0,1099.0,3,480,477,50,In Stock
J0377-SKD-XL,Set,J0377,XL,23,23767.0,1080.3181818181818,22,224,201,50,In Stock
J0377-SKD-XS,Set,J0377,XS,3,3097.0,1032.3333333333333,3,323,320,50,In Stock
J0377-SKD-XXL,Set,J0377,XXL,14,14486.0,1114.3076923076924,13,437,423,50,In Stock
J0377-SKD-XXXL,Set,J0377,3XL,15,15685.0,1120.357142857143,14,300,285,50,In Stock
J0378-SKD-M,Set,J0378,M,3,3297.0,1099.0,3,187,184,50,In Stock
J0378-SKD-S,Set,J0378,S,1,1099.0,1099.0,1,215,214,50,In Stock
J0378-SKD-XL,Set,J0378,XL,5,5683.0,1136.6,5,469,464,50,In Stock
J0378-SKD-XS,Set,J0378,XS,1,1146.0,1146.0,1,266,265,50,In Stock
J0378-SKD-XXL,Set,J0378,XXL,5,5508.0,1101.6,5,245,240,50,In Stock
J0378-SKD-XXXL,Set,J0378,3XL,2,2245.0,1122.5,2,473,471,50,In Stock
J0379-SKD-L,Set,J0379,L,10,13210.0,1321.0,10,318,308,50,In Stock
J0379-SKD-M,Set,J0379,M,7,10344.82,1293.1025,8,298,291,50,In Stock
J0379-SKD-S,Set,J0379,S,9,12249.0,1361.0,9,247,238,50,In Stock
J0379-SKD-XL,Set,J0379,XL,4,7601.43,1266.905,6,274,270,50,In Stock
J0379-SKD-XS,Set,J0379,XS,3,4107.0,1369.0,3,340,337,50,In Stock
J0379-SKD-XXL,Set,J0379,XXL,8,9366.0,1170.75,8,208,200,50,In Stock
J0379-SKD-XXXL,Set,J0379,3XL,3,3943.0,1314.3333333333333,3,464,461,50,In Stock
J0380-SKD-L,Set,J0380,L,3,4314.0,1438.0,3,377,374,50,In Stock
J0380-SKD-M,Set,J0380,M,1,1438.0,1438.0,1,491,490,50,In Stock
J0380-SKD-S,Set,J0380,S,7,9894.0,1413.4285714285713,7,296,289,50,In Stock
J0380-SKD-XL,Set,J0380,XL,2,2876.0,1438.0,2,243,241,50,In Stock
J0380-SKD-XXL,Set,J0380,XXL,4,5752.0,1438.0,4,232,228,50,In Stock
J0380-SKD-XXXL,Set,J0380,3XL,3,2876.0,958.6666666666666,3,447,444,50,In Stock
J0381-SKD-L,Set,J0381,L,9,9652.0,1072.4444444444443,9,150,141,50,In Stock
J0381-SKD-M,Set,J0381,M,11,11079.0,1007.1818181818181,11,176,165,50,In Stock
J0381-SKD-S,Set,J0381,S,7,9529.21,1191.15125,8,482,475,50,In Stock
J0381-SKD-XL,Set,J0381,XL,5,6036.0,1207.2,5,301,296,50,In Stock
J0381-SKD-XS,Set,J0381,XS,3,3591.0,1197.0,3,332,329,50,In Stock
J0381-SKD-XXL,Set,J0381,XXL,5,5043.0,1008.6,5,178,173,50,In Stock
J0381-SKD-XXXL,Set,J0381,3XL,7,9504.21,1188.02625,8,354,347,50,In Stock
J0382-SKD-L,Set,J0382,L,17,19282.32,1071.24,18,371,354,50,In Stock
J0382-SKD-M,Set,J0382,M,23,26941.0,1171.3478260869565,23,304,281,50,In Stock
J0382-SKD-S,Set,J0382,S,14,16239.0,1159.9285714285713,14,356,342,50,In Stock
J0382-SKD-XL,Set,J0382,XL,13,13318.0,1024.4615384615386,13,102,89,50,In Stock
J0382-SKD-XS,Set,J0382,XS,11,12060.0,1096.3636363636363,11,239,228,50,In Stock
J0382-SKD-XXL,Set,J0382,XXL,6,7224.64,1032.0914285714287,7,180,174,50,In Stock
J0382-SKD-XXXL,Set,J0382,3XL,4,6085.32,1217.0639999999999,5,492,488,50,In Stock
J0385-KR-L,kurta,J0385,L,6,5689.0,948.1666666666666,6,112,106,50,In Stock
J0385-KR-M,kurta,J0385,M,8,8310.71,923.4122222222221,9,129,121,50,In Stock
J0385-KR-S,kurta,J0385,S,2,1776.0,888.0,2,108,106,50,In Stock
J0385-KR-XL,kurta,J0385,XL,6,5275.0,879.1666666666666,6,174,168,50,In Stock
J0385-KR-XS,kurta,J0385,XS,3,2664.0,888.0,3,233,230,50,In Stock
J0385-KR-XXL,kurta,J0385,XXL,3,2664.0,888.0,3,471,468,50,In Stock
J0385-KR-XXXL,kurta,J0385,3XL,6,5275.0,879.1666666666666,6,355,349,50,In Stock
J0386-KR-L,kurta,J0386,L,11,11901.95,991.8291666666668,12,227,216,50,In Stock
J0386-KR-M,kurta,J0386,M,5,4777.0,955.4,5,178,173,50,In Stock
J0386-KR-S,kurta,J0386,S,4,2843.0,710.75,4,346,342,50,In Stock
J0386-KR-XL,kurta,J0386,XL,3,2901.0,967.0,3,175,172,50,In Stock
J0386-KR-XS,kurta,J0386,XS,1,909.0,909.0,1,467,466,50,In Stock
J0386-KR-XXL,kurta,J0386,XXL,1,967.0,967.0,1,476,475,50,In Stock
J0386-KR-XXXL,kurta,J0386,3XL,2,1934.0,967.0,2,179,177,50,In Stock
J0388-TP-L,Top,J0388,L,2,1380.0,690.0,2,326,324,50,In Stock
J0388-TP-M,Top,J0388,M,1,690.0,690.0,1,295,294,50,In Stock
J0388-TP-S,Top,J0388,S,1,690.0,690.0,1,236,235,50,In Stock
J0388-TP-XL,Top,J0388,XL,2,1380.0,690.0,2,382,380,50,In Stock
J0388-TP-XS,Top,J0388,XS,2,1380.0,690.0,2,266,264,50,In Stock
J0389-TP-L,Top,J0389,L,2,1290.0,645.0,2,153,151,50,In Stock
J0389-TP-M,Top,J0389,M,3,2259.0,753.0,3,243,240,50,In Stock
J0389-TP-S,Top,J0389,S,2,1330.0,665.0,2,380,378,50,In Stock
J0389-TP-XL,Top,J0389,XL,3,1995.0,665.0,3,125,122,50,In Stock
J0389-TP-XS,Top,J0389,XS,1,665.0,665.0,1,149,148,50,In Stock
J0389-TP-XXL,Top,J0389,XXL,2,1330.0,665.0,2,421,419,50,In Stock
J0389-TP-XXXL,Top,J0389,3XL,1,665.0,665.0,1,344,343,50,In Stock
J0390-TP-L,Top,J0390,L,5,3088.0,617.6,5,436,431,50,In Stock
J0390-TP-M,Top,J0390,M,3,1875.0,625.0,3,499,496,50,In Stock
J0390-TP-S,Top,J0390,S,3,1875.0,625.0,3,247,244,50,In Stock
J0390-TP-XL,Top,J0390,XL,4,2500.0,625.0,4,443,439,50,In Stock
J0390-TP-XS,Top,J0390,XS,7,4375.0,625.0,7,453,446,50,In Stock
J0390-TP-XXL,Top,J0390,XXL,2,1250.0,625.0,2,476,474,50,In Stock
J0390-TP-XXXL,Top,J0390,3XL,4,2500.0,625.0,4,272,268,50,In Stock
J0391-TP-L,Top,J0391,L,8,5479.0,684.875,8,338,330,50,In Stock
J0391-TP-M,Top,J0391,M,3,1988.0,662.6666666666666,3,460,457,50,In Stock
J0391-TP-XL,Top,J0391,XL,5,3450.0,690.0,5,184,179,50,In Stock
J0391-TP-XXL,Top,J0391,XXL,3,2070.0,690.0,3,170,167,50,In Stock
J0391-TP-XXXL,Top,J0391,3XL,2,1380.0,690.0,2,438,436,50,In Stock
J0392-TP-L,Top,J0392,L,1,625.0,625.0,1,158,157,50,In Stock
J0392-TP-XL,Top,J0392,XL,2,1250.0,625.0,2,328,326,50,In Stock
J0395-DR-L,Western Dress,J0395,L,6,5154.0,859.0,6,196,190,50,In Stock
J0395-DR-M,Western Dress,J0395,M,6,5491.0,915.1666666666666,6,283,277,50,In Stock
J0395-DR-S,Western Dress,J0395,S,3,2577.0,859.0,3,305,302,50,In Stock
J0395-DR-XL,Western Dress,J0395,XL,7,6013.0,859.0,7,270,263,50,In Stock
J0395-DR-XS,Western Dress,J0395,XS,3,2577.0,859.0,3,397,394,50,In Stock
J0395-DR-XXL,Western Dress,J0395,XXL,6,5491.0,915.1666666666666,6,117,111,50,In Stock
J0395-DR-XXXL,Western Dress,J0395,3XL,11,10215.1,851.2583333333333,12,348,337,50,In Stock
J0396-DR-L,Western Dress,J0396,L,8,6872.0,859.0,8,494,486,50,In Stock
J0396-DR-M,Western Dress,J0396,M,11,9293.0,844.8181818181819,11,358,347,50,In Stock
J0396-DR-S,Western Dress,J0396,S,3,3395.1,848.775,4,134,131,50,In Stock
J0396-DR-XL,Western Dress,J0396,XL,4,3773.0,943.25,4,349,345,50,In Stock
J0396-DR-XS,Western Dress,J0396,XS,7,5961.0,851.5714285714286,7,335,328,50,In Stock
J0396-DR-XXL,Western Dress,J0396,XXL,14,12026.0,859.0,14,130,116,50,In Stock
J0396-DR-XXXL,Western Dress,J0396,3XL,14,12363.0,883.0714285714286,14,386,372,50,In Stock
J0397-DR-L,Western Dress,J0397,L,4,3996.0,999.0,4,139,135,50,In Stock
J0397-DR-M,Western Dress,J0397,M,5,4995.0,999.0,5,309,304,50,In Stock
J0397-DR-S,Western Dress,J0397,S,3,2997.0,999.0,3,161,158,50,In Stock
J0397-DR-XL,Western Dress,J0397,XL,5,5946.43,991.0716666666667,6,396,391,50,In Stock
J0397-DR-XXL,Western Dress,J0397,XXL,3,2997.0,999.0,3,481,478,50,In Stock
J0397-DR-XXXL,Western Dress,J0397,3XL,10,10881.43,989.2209090909091,11,353,343,50,In Stock
J0398-DR-L,Western Dress,J0398,L,1,885.0,885.0,1,211,210,50,In Stock
J0398-DR-M,Western Dress,J0398,M,3,2655.0,885.0,3,363,360,50,In Stock
J0398-DR-S,Western Dress,J0398,S,2,1770.0,885.0,2,197,195,50,In Stock
J0398-DR-XS,Western Dress,J0398,XS,2,1770.0,885.0,2,241,239,50,In Stock
J0398-DR-XXL,Western Dress,J0398,XXL,7,6486.0,926.5714285714286,7,313,306,50,In Stock
J0399-DR-L,Western Dress,J0399,L,21,17317.33,787.1513636363637,22,235,214,50,In Stock
J0399-DR-M,Western Dress,J0399,M,10,7769.0,776.9,10,145,135,50,In Stock
J0399-DR-S,Western Dress,J0399,S,12,10151.33,780.8715384615384,13,158,146,50,In Stock
J0399-DR-XL,Western Dress,J0399,XL,15,12618.33,788.645625,16,283,268,50,In Stock
J0399-DR-XS,Western Dress,J0399,XS,12,9398.0,783.1666666666666,12,449,437,50,In Stock
J0399-DR-XXL,Western Dress,J0399,XXL,11,9369.68,720.7446153846154,13,422,411,50,In Stock
J0399-DR-XXXL,Western Dress,J0399,3XL,8,6281.0,785.125,8,163,155,50,In Stock
J0400-DR-L,Western Dress,J0400,L,8,6872.0,859.0,8,409,401,50,In Stock
J0400-DR-M,Western Dress,J0400,M,8,6872.0,859.0,8,187,179,50,In Stock
J0400-DR-S,Western Dress,J0400,S,5,4295.0,859.0,5,359,354,50,In Stock
J0400-DR-XL,Western Dress,J0400,XL,3,2525.0,841.6666666666666,3,498,495,50,In Stock
J0400-DR-XS,Western Dress,J0400,XS,4,3436.0,859.0,4,218,214,50,In Stock
J0400-DR-XXL,Western Dress,J0400,XXL,2,1718.0,859.0,2,419,417,50,In Stock
J0400-DR-XXXL,Western Dress,J0400,3XL,4,3384.0,846.0,4,198,194,50,In Stock
J0401-DR-L,Western Dress,J0401,L,13,13190.72,879.3813333333333,15,115,102,50,In Stock
J0401-DR-M,Western Dress,J0401,M,10,10380.86,943.7145454545455,11,471,461,50,In Stock
J0401-DR-S,Western Dress,J0401,S,37,37643.16,875.4223255813954,43,185,148,50,In Stock
J0401-DR-XL,Western Dress,J0401,XL,26,23757.72,848.49,28,279,253,50,In Stock
J0401-DR-XS,Western Dress,J0401,XS,13,11314.72,754.3146666666667,15,198,185,50,In Stock
J0401-DR-XXL,Western Dress,J0401,XXL,30,27152.0,905.0666666666667,30,483,453,50,In Stock
J0401-DR-XXXL,Western Dress,J0401,3XL,13,11399.0,876.8461538461538,13,364,351,50,In Stock
J0402-DR-L,Western Dress,J0402,L,8,5757.0,719.625,8,134,126,50,In Stock
J0402-DR-M,Western Dress,J0402,M,4,3026.0,756.5,4,163,159,50,In Stock
J0402-DR-S,Western Dress,J0402,S,4,2752.0,688.0,4,167,163,50,In Stock
J0402-DR-XL,Western Dress,J0402,XL,6,4244.0,707.3333333333334,6,305,299,50,In Stock
J0402-DR-XS,Western Dress,J0402,XS,4,2868.0,717.0,4,252,248,50,In Stock
J0402-DR-XXL,Western Dress,J0402,XXL,7,5069.0,724.1428571428571,7,446,439,50,In Stock
J0413-DR-L,Western Dress,J0413,L,10,7410.0,741.0,10,485,475,50,In Stock
J0413-DR-M,Western Dress,J0413,M,10,7554.0,755.4,10,111,101,50,In Stock
J0413-DR-S,Western Dress,J0413,S,5,3705.0,741.0,5,345,340,50,In Stock
J0413-DR-XL,Western Dress,J0413,XL,3,2223.0,741.0,3,211,208,50,In Stock
J0413-DR-XS,Western Dress,J0413,XS,7,5165.0,737.8571428571429,7,374,367,50,In Stock
J0413-DR-XXL,Western Dress,J0413,XXL,3,2367.0,789.0,3,414,411,50,In Stock
J0413-DR-XXXL,Western Dress,J0413,3XL,1,885.0,885.0,1,230,229,50,In Stock
J0414-DR-L,Western Dress,J0414,L,5,3884.0,776.8,5,339,334,50,In Stock
J0414-DR-M,Western Dress,J0414,M,8,7080.0,885.0,8,312,304,50,In Stock
J0414-DR-S,Western Dress,J0414,S,4,3540.0,885.0,4,414,410,50,In Stock
J0414-DR-XL,Western Dress,J0414,XL,5,5267.86,877.9766666666666,6,185,180,50,In Stock
J0414-DR-XS,Western Dress,J0414,XS,4,3540.0,885.0,4,137,133,50,In Stock
J0414-DR-XXL,Western Dress,J0414,XXL,5,5611.860000000001,935.3100000000001,6,433,428,50,In Stock
J0414-DR-XXXL,Western Dress,J0414,3XL,10,8850.0,885.0,10,300,290,50,In Stock
J0415-DR-L,Western Dress,J0415,L,8,7138.0,892.25,8,264,256,50,In Stock
J0415-DR-M,Western Dress,J0415,M,11,9889.0,899.0,11,277,266,50,In Stock
J0415-DR-S,Western Dress,J0415,S,7,8301.380000000001,922.3755555555557,9,364,357,50,In Stock
J0415-DR-XL,Western Dress,J0415,XL,5,4441.0,888.2,5,283,278,50,In Stock
J0415-DR-XS,Western Dress,J0415,XS,1,899.0,899.0,1,136,135,50,In Stock
J0415-DR-XXL,Western Dress,J0415,XXL,11,9835.0,894.0909090909091,11,309,298,50,In Stock
J0415-DR-XXXL,Western Dress,J0415,3XL,8,7192.0,899.0,8,114,106,50,In Stock
J0416-DR-L,Western Dress,J0416,L,12,9900.0,900.0,11,106,94,50,In Stock
J0416-DR-M,Western Dress,J0416,M,6,5735.71,819.3871428571429,7,367,361,50,In Stock
J0416-DR-S,Western Dress,J0416,S,13,11461.72,818.6942857142857,14,141,128,50,In Stock
J0416-DR-XL,Western Dress,J0416,XL,10,8201.0,820.1,10,426,416,50,In Stock
J0416-DR-XS,Western Dress,J0416,XS,4,3202.0,800.5,4,414,410,50,In Stock
J0416-DR-XXL,Western Dress,J0416,XXL,8,6551.0,818.875,8,254,246,50,In Stock
J0417-TP-XL,Top,J0417,XL,2,1582.0,791.0,2,143,141,50,In Stock
J0418-TP-L,Top,J0418,L,2,1453.0,726.5,2,119,117,50,In Stock
J0418-TP-M,Top,J0418,M,3,2202.0,734.0,3,353,350,50,In Stock
J0418-TP-S,Top,J0418,S,2,1453.0,726.5,2,372,370,50,In Stock
J0418-TP-XS,Top,J0418,XS,4,2951.0,737.75,4,376,372,50,In Stock
J0418-TP-XXL,Top,J0418,XXL,1,749.0,749.0,1,159,158,50,In Stock
J0419-TP-L,Top,J0419,L,4,3117.0,779.25,4,331,327,50,In Stock
J0419-TP-M,Top,J0419,M,1,791.0,791.0,1,116,115,50,In Stock
J0419-TP-S,Top,J0419,S,1,791.0,791.0,1,359,358,50,In Stock
J0419-TP-XL,Top,J0419,XL,1,1099.0,1099.0,1,427,426,50,In Stock
JNE0722-K,Saree,JNE0722,Free,1,819.0,819.0,1,319,318,50,In Stock
JNE0850-N,Saree,JNE0850,Free,2,1638.0,819.0,2,255,253,50,In Stock
JNE09186-BLUE-SR-JP7104RMV,Saree,JNE09186,Free,1,819.0,819.0,1,469,468,50,In Stock
JNE09186-BLUE-SR-JP7104RMV-K,Saree,JNE09186,Free,1,819.0,819.0,1,421,420,50,In Stock
JNE09186-BLUE-SR-JP7104RMV-N,Saree,JNE09186,Free,2,1718.0,859.0,2,318,316,50,In Stock
JNE09187-PINK-SR-JP7104RNV,Saree,JNE09187,Free,1,819.0,819.0,1,130,129,50,In Stock
JNE09209-MULTI-SR-JP8101RMV,Saree,JNE09209,Free,2,1638.0,819.0,2,301,299,50,In Stock
JNE09210-PINK-SR-JP8101RNV,Saree,JNE09210,Free,4,3356.0,839.0,4,350,346,50,In Stock
JNE1000-NAVY-SR-JB6102RMV-K,Saree,JNE1000,Free,4,3595.0,898.75,4,231,227,50,In Stock
JNE1233-BLUE-KR-031-L,kurta,JNE1233,L,6,2244.1,374.01666666666665,6,296,290,50,In Stock
JNE1233-BLUE-KR-031-M,kurta,JNE1233,M,6,2268.0,378.0,6,376,370,50,In Stock
JNE1233-BLUE-KR-031-S,kurta,JNE1233,S,6,2286.0,381.0,6,135,129,50,In Stock
JNE1233-BLUE-KR-031-XL,kurta,JNE1233,XL,22,8762.1,398.27727272727276,22,369,347,50,In Stock
JNE1233-BLUE-KR-031-XS,kurta,JNE1233,XS,3,1128.0,376.0,3,374,371,50,In Stock
JNE1233-BLUE-KR-031-XXL,kurta,JNE1233,XXL,15,5697.0,379.8,15,293,278,50,In Stock
JNE1233-BLUE-KR-031-XXXL,kurta,JNE1233,3XL,12,4536.0,412.3636363636364,11,462,450,50,In Stock
JNE1234-MULTI-KR-032-L,kurta,JNE1234,L,7,2065.0,295.0,7,240,233,50,In Stock
JNE1234-MULTI-KR-032-M,kurta,JNE1234,M,7,2050.95,256.36875,8,172,165,50,In Stock
JNE1234-MULTI-KR-032-S,kurta,JNE1234,S,5,1755.95,292.65833333333336,6,203,198,50,In Stock
JNE1234-MULTI-KR-032-XL,kurta,JNE1234,XL,10,3242.95,294.81363636363636,11,254,244,50,In Stock
JNE1234-MULTI-KR-032-XS,kurta,JNE1234,XS,2,870.95,290.31666666666666,3,304,302,50,In Stock
JNE1234-MULTI-KR-032-XXL,kurta,JNE1234,XXL,3,1177.38,294.345,4,259,256,50,In Stock
JNE1234-MULTI-KR-032-XXXL,kurta,JNE1234,3XL,3,885.0,295.0,3,369,366,50,In Stock
JNE1407-BLACK-KR-UDF18-XL,kurta,JNE1407,XL,1,390.0,390.0,1,395,394,50,In Stock
JNE1408-GREY-KR-UDF19-L,kurta,JNE1408,L,3,1059.0,353.0,3,486,483,50,In Stock
JNE1408-GREY-KR-UDF19-M,kurta,JNE1408,M,1,376.0,376.0,1,328,327,50,In Stock
JNE1408-GREY-KR-UDF19-S,kurta,JNE1408,S,2,683.0,341.5,2,467,465,50,In Stock
JNE1408-GREY-KR-UDF19-XL,kurta,JNE1408,XL,1,376.0,376.0,1,169,168,50,In Stock
JNE1408-GREY-KR-UDF19-XXL,kurta,JNE1408,XXL,5,1504.0,300.8,5,219,214,50,In Stock
JNE1408-GREY-KR-UDF19-XXXL,kurta,JNE1408,3XL,3,1128.0,376.0,3,136,133,50,In Stock
JNE1408-KR-UDF19-A-L,kurta,JNE1408,L,9,2832.0,314.6666666666667,9,423,414,50,In Stock
JNE1408-KR-UDF19-A-M,kurta,JNE1408,M,8,2801.0,350.125,8,342,334,50,In Stock
JNE1408-KR-UDF19-A-S,kurta,JNE1408,S,2,683.0,341.5,2,137,135,50,In Stock
JNE1408-KR-UDF19-A-XL,kurta,JNE1408,XL,2,1249.52,312.38,4,290,288,50,In Stock
JNE1408-KR-UDF19-A-XS,kurta,JNE1408,XS,3,990.0,330.0,3,146,143,50,In Stock
JNE1408-KR-UDF19-A-XXL,kurta,JNE1408,XXL,1,307.0,307.0,1,181,180,50,In Stock
JNE1408-KR-UDF19-A-XXXL,kurta,JNE1408,3XL,6,2476.1,353.7285714285714,7,350,344,50,In Stock
JNE1525-KR-UDF19-A-L,kurta,JNE1525,L,4,1244.0,311.0,4,375,371,50,In Stock
JNE1525-KR-UDF19-A-M,kurta,JNE1525,M,3,933.0,311.0,3,298,295,50,In Stock
JNE1525-KR-UDF19-A-S,kurta,JNE1525,S,4,1244.0,311.0,4,234,230,50,In Stock
JNE1525-KR-UDF19-A-XL,kurta,JNE1525,XL,6,1862.0,310.3333333333333,6,421,415,50,In Stock
JNE1525-KR-UDF19-A-XS,kurta,JNE1525,XS,1,607.19,303.595,2,160,159,50,In Stock
JNE1525-KR-UDF19-A-XXL,kurta,JNE1525,XXL,2,622.0,311.0,2,242,240,50,In Stock
JNE1525-KR-UDF19-A-XXXL,kurta,JNE1525,3XL,1,311.0,311.0,1,314,313,50,In Stock
JNE1525-KR-UDF19BLACK-L,kurta,JNE1525,L,3,929.0,309.6666666666667,3,323,320,50,In Stock
JNE1525-KR-UDF19BLACK-M,kurta,JNE1525,M,11,3417.0,310.6363636363636,11,134,123,50,In Stock
JNE1525-KR-UDF19BLACK-S,kurta,JNE1525,S,10,3106.0,310.6,10,148,138,50,In Stock
JNE1525-KR-UDF19BLACK-XL,kurta,JNE1525,XL,8,2488.0,311.0,8,446,438,50,In Stock
JNE1525-KR-UDF19BLACK-XS,kurta,JNE1525,XS,4,1244.0,311.0,4,466,462,50,In Stock
JNE1525-KR-UDF19BLACK-XXL,kurta,JNE1525,XXL,7,2465.38,308.1725,8,484,477,50,In Stock
JNE1525-KR-UDF19BLACK-XXXL,kurta,JNE1525,3XL,3,933.0,311.0,3,466,463,50,In Stock
JNE1906-KR-031-L,kurta,JNE1906,L,9,3595.0,359.5,10,369,360,50,In Stock
JNE1906-KR-031-M,kurta,JNE1906,M,16,5829.0,388.6,15,355,339,50,In Stock
JNE1906-KR-031-S,kurta,JNE1906,S,14,4791.0,342.2142857142857,14,237,223,50,In Stock
JNE1906-KR-031-XL,kurta,JNE1906,XL,5,2225.0,370.8333333333333,6,466,461,50,In Stock
JNE1906-KR-031-XS,kurta,JNE1906,XS,4,1478.0,369.5,4,415,411,50,In Stock
JNE1906-KR-031-XXL,kurta,JNE1906,XXL,21,7764.0,369.7142857142857,21,291,270,50,In Stock
JNE1906-KR-031-XXXL,kurta,JNE1906,3XL,15,5655.0,377.0,15,359,344,50,In Stock
JNE1951-KR-155-M,kurta,JNE1951,M,5,1840.0,368.0,5,239,234,50,In Stock
JNE1951-KR-155-S,kurta,JNE1951,S,3,1104.0,368.0,3,282,279,50,In Stock
JNE1951-KR-155-XL,kurta,JNE1951,XL,5,2232.48,372.08,6,308,303,50,In Stock
JNE1951-KR-155-XS,kurta,JNE1951,XS,4,1469.0,367.25,4,338,334,50,In Stock
JNE1951-KR-155-XXL,kurta,JNE1951,XXL,9,3393.0,377.0,9,410,401,50,In Stock
JNE1951-KR-155-XXXL,kurta,JNE1951,3XL,6,2600.48,520.096,5,338,332,50,In Stock
JNE1975-KR-309-S,kurta,JNE1975,S,1,229.0,229.0,1,286,285,50,In Stock
JNE1975-KR-309-XS,kurta,JNE1975,XS,2,458.0,229.0,2,448,446,50,In Stock
JNE1975-KR-309-XXL,kurta,JNE1975,XXL,3,687.0,229.0,3,106,103,50,In Stock
JNE1977-KR-237-L,kurta,JNE1977,L,8,2156.0,269.5,8,288,280,50,In Stock
JNE1977-KR-237-M,kurta,JNE1977,M,10,2929.67,266.33363636363634,11,175,165,50,In Stock
JNE1977-KR-237-S,kurta,JNE1977,S,2,560.0,280.0,2,270,268,50,In Stock
JNE1977-KR-237-XL,kurta,JNE1977,XL,4,1529.34,254.89,6,167,163,50,In Stock
JNE1977-KR-237-XS,kurta,JNE1977,XS,7,2428.34,303.5425,8,413,406,50,In Stock
JNE1977-KR-237-XXL,kurta,JNE1977,XXL,15,4609.67,288.104375,16,452,437,50,In Stock
JNE1977-KR-237-XXXL,kurta,JNE1977,3XL,3,819.0,273.0,3,455,452,50,In Stock
JNE1998-KR-311-L,kurta,JNE1998,L,4,1466.95,293.39,5,132,128,50,In Stock
JNE1998-KR-311-M,kurta,JNE1998,M,10,2968.0,296.8,10,357,347,50,In Stock
JNE1998-KR-311-S,kurta,JNE1998,S,4,1460.95,292.19,5,349,345,50,In Stock
JNE1998-KR-311-XL,kurta,JNE1998,XL,12,3588.0,299.0,12,152,140,50,In Stock
JNE1998-KR-311-XS,kurta,JNE1998,XS,4,1180.0,295.0,4,129,125,50,In Stock
JNE1998-KR-311-XXL,kurta,JNE1998,XXL,13,4432.9,295.52666666666664,15,486,473,50,In Stock
JNE2009-KR-310-L,kurta,JNE2009,L,2,590.0,295.0,2,168,166,50,In Stock
JNE2009-KR-310-M,kurta,JNE2009,M,4,1180.0,295.0,4,366,362,50,In Stock
JNE2009-KR-310-S,kurta,JNE2009,S,2,611.0,305.5,2,420,418,50,In Stock
JNE2009-KR-310-XL,kurta,JNE2009,XL,6,2074.67,296.38142857142856,7,369,363,50,In Stock
JNE2009-KR-310-XS,kurta,JNE2009,XS,3,897.0,299.0,3,471,468,50,In Stock
JNE2009-KR-310-XXL,kurta,JNE2009,XXL,4,1216.0,304.0,4,470,466,50,In Stock
JNE2014-KR-178-L,kurta,JNE2014,L,60,21801.77,346.0598412698413,63,213,153,50,In Stock
JNE2014-KR-178-M,kurta,JNE2014,M,60,21200.9,347.55573770491804,61,131,71,50,In Stock
JNE2014-KR-178-S,kurta,JNE2014,S,18,6390.0,355.0,18,390,372,50,In Stock
JNE2014-KR-178-XL,kurta,JNE2014,XL,88,31670.47,344.2442391304348,92,189,101,50,In Stock
JNE2014-KR-178-XS,kurta,JNE2014,XS,7,2501.0,357.2857142857143,7,498,491,50,In Stock
JNE2014-KR-178-XXL,kurta,JNE2014,XXL,35,12278.19,341.06083333333333,36,161,126,50,In Stock
JNE2014-KR-178-XXXL,kurta,JNE2014,3XL,34,11941.0,351.20588235294116,34,207,173,50,In Stock
JNE2032-KR-205-L,kurta,JNE2032,L,6,2170.38,310.05428571428575,7,472,466,50,In Stock
JNE2032-KR-205-M,kurta,JNE2032,M,5,1580.0,316.0,5,282,277,50,In Stock
JNE2032-KR-205-S,kurta,JNE2032,S,3,948.0,316.0,3,318,315,50,In Stock
JNE2032-KR-205-XL,kurta,JNE2032,XL,7,2212.0,316.0,7,410,403,50,In Stock
JNE2032-KR-205-XS,kurta,JNE2032,XS,1,316.0,316.0,1,495,494,50,In Stock
JNE2032-KR-205-XXL,kurta,JNE2032,XXL,7,1896.0,270.85714285714283,7,411,404,50,In Stock
JNE2032-KR-205-XXXL,kurta,JNE2032,3XL,13,4366.91,291.1273333333333,15,430,417,50,In Stock
JNE2049-KR-351-M,kurta,JNE2049,M,2,882.0,441.0,2,441,439,50,In Stock
JNE2049-KR-351-S,kurta,JNE2049,S,6,2386.0,397.6666666666667,6,299,293,50,In Stock
JNE2049-KR-351-XL,kurta,JNE2049,XL,4,2376.48,396.08,6,348,344,50,In Stock
JNE2049-KR-351-XS,kurta,JNE2049,XS,8,3216.0,402.0,8,198,190,50,In Stock
JNE2049-KR-351-XXL,kurta,JNE2049,XXL,2,778.0,389.0,2,127,125,50,In Stock
JNE2049-KR-351-XXXL1,kurta,JNE2049,3XL,8,3626.0,402.8888888888889,9,398,390,50,In Stock
JNE2086-KR-389-L,kurta,JNE2086,L,10,7305.71,664.1554545454545,11,478,468,50,In Stock
JNE2086-KR-389-M,kurta,JNE2086,M,11,9686.14,880.5581818181818,11,458,447,50,In Stock
JNE2086-KR-389-S,kurta,JNE2086,S,2,1321.0,660.5,2,495,493,50,In Stock
JNE2086-KR-389-XS,kurta,JNE2086,XS,1,671.0,671.0,1,310,309,50,In Stock
JNE2086-KR-389-XXXL,kurta,JNE2086,3XL,1,622.0,622.0,1,491,490,50,In Stock
JNE2100-KR-144-L,kurta,JNE2100,L,18,6576.0,365.3333333333333,18,459,441,50,In Stock
JNE2100-KR-144-M,kurta,JNE2100,M,20,7315.0,365.75,20,354,334,50,In Stock
JNE2100-KR-144-S,kurta,JNE2100,S,9,3530.14,353.014,10,185,176,50,In Stock
JNE2100-KR-144-XL,kurta,JNE2100,XL,18,6602.0,366.77777777777777,18,477,459,50,In Stock
JNE2100-KR-144-XS,kurta,JNE2100,XS,4,1453.0,363.25,4,174,170,50,In Stock
JNE2100-KR-144-XXL,kurta,JNE2100,XXL,14,4791.0,342.2142857142857,14,226,212,50,In Stock
JNE2100-KR-144-XXXL,kurta,JNE2100,3XL,2,764.0,382.0,2,146,144,50,In Stock
JNE2101-KR-210-L,kurta,JNE2101,L,1,277.0,277.0,1,230,229,50,In Stock
JNE2101-KR-210-S,kurta,JNE2101,S,1,280.0,280.0,1,411,410,50,In Stock
JNE2101-KR-210-XL,kurta,JNE2101,XL,3,840.0,280.0,3,251,248,50,In Stock
JNE2113-KR-381-M,kurta,JNE2113,M,2,1516.24,505.41333333333336,3,437,435,50,In Stock
JNE2113-KR-381-S,kurta,JNE2113,S,3,1497.0,499.0,3,159,156,50,In Stock
JNE2113-KR-381-XXL,kurta,JNE2113,XXL,6,3115.0,519.1666666666666,6,430,424,50,In Stock
JNE2131-KR-A-L,kurta,JNE2131,L,2,1528.0,764.0,2,330,328,50,In Stock
JNE2131-KR-A-S,kurta,JNE2131,S,1,599.0,599.0,1,283,282,50,In Stock
JNE2131-KR-A-XXL,kurta,JNE2131,XXL,1,563.0,563.0,1,275,274,50,In Stock
JNE2132-KR-398-M,kurta,JNE2132,M,2,1085.0,542.5,2,447,445,50,In Stock
JNE2132-KR-398-S,kurta,JNE2132,S,1,524.0,524.0,1,179,178,50,In Stock
JNE2132-KR-398-XL,kurta,JNE2132,XL,1,519.0,519.0,1,267,266,50,In Stock
JNE2132-KR-398-XS,kurta,JNE2132,XS,1,524.0,524.0,1,478,477,50,In Stock
JNE2132-KR-398-XXL,kurta,JNE2132,XXL,1,524.0,524.0,1,203,202,50,In Stock
JNE2132-KR-398-XXXL,kurta,JNE2132,3XL,4,2180.0,545.0,4,351,347,50,In Stock
JNE2153-KR-278-A-M,kurta,JNE2153,M,12,5620.8099999999995,468.4008333333333,12,188,176,50,In Stock
JNE2153-KR-278-A-S,kurta,JNE2153,S,9,4229.81,384.52818181818185,11,333,324,50,In Stock
JNE2153-KR-278-A-XL,kurta,JNE2153,XL,7,3044.0,434.85714285714283,7,133,126,50,In Stock
JNE2153-KR-278-A-XS,kurta,JNE2153,XS,2,848.0,424.0,2,273,271,50,In Stock
JNE2153-KR-278-A-XXL,kurta,JNE2153,XXL,9,3848.6,320.71666666666664,12,418,409,50,In Stock
JNE2153-KR-278-A-XXXL,kurta,JNE2153,3XL,10,4316.0,431.6,10,195,185,50,In Stock
JNE2170-KR-436-L,kurta,JNE2170,L,2,1036.0,518.0,2,268,266,50,In Stock
JNE2170-KR-436-M,kurta,JNE2170,M,2,1036.0,518.0,2,467,465,50,In Stock
JNE2170-KR-436-S,kurta,JNE2170,S,4,2090.0,522.5,4,415,411,50,In Stock
JNE2170-KR-436-XL,kurta,JNE2170,XL,3,1648.0,549.3333333333334,3,349,346,50,In Stock
JNE2170-KR-436-XS,kurta,JNE2170,XS,2,1130.0,565.0,2,398,396,50,In Stock
JNE2170-KR-436-XXL,kurta,JNE2170,XXL,3,1554.0,518.0,3,355,352,50,In Stock
JNE2170-KR-436-XXXL,kurta,JNE2170,3XL,2,1036.0,518.0,2,240,238,50,In Stock
JNE2171-KR-437-L,kurta,JNE2171,L,15,7929.4800000000005,466.44000000000005,17,499,484,50,In Stock
JNE2171-KR-437-M,kurta,JNE2171,M,41,21759.86,530.7282926829268,41,107,66,50,In Stock
JNE2171-KR-437-S,kurta,JNE2171,S,15,7512.0,500.8,15,235,220,50,In Stock
JNE2171-KR-437-XL,kurta,JNE2171,XL,52,28220.15,503.93125000000003,56,167,115,50,In Stock
JNE2171-KR-437-XXL,kurta,JNE2171,XXL,8,4518.43,502.0477777777778,9,202,194,50,In Stock
JNE2171-KR-437-XXXL,kurta,JNE2171,3XL,7,3890.43,486.30375,8,272,265,50,In Stock
JNE2199-KR-411-A-L,kurta,JNE2199,L,28,10443.19,360.11,29,343,315,50,In Stock
JNE2199-KR-411-A-M,kurta,JNE2199,M,11,5014.57,358.1835714285714,14,212,201,50,In Stock
JNE2199-KR-411-A-S,kurta,JNE2199,S,2,706.0,353.0,2,330,328,50,In Stock
JNE2199-KR-411-A-XL,kurta,JNE2199,XL,32,11531.0,360.34375,32,358,326,50,In Stock
JNE2199-KR-411-A-XS,kurta,JNE2199,XS,3,1059.0,353.0,3,221,218,50,In Stock
JNE2199-KR-411-A-XXL,kurta,JNE2199,XXL,21,9158.66,352.25615384615384,26,275,254,50,In Stock
JNE2199-KR-411-A-XXXL,kurta,JNE2199,3XL,14,4954.0,353.85714285714283,14,314,300,50,In Stock
JNE2205-KR-467-A-L,kurta,JNE2205,L,6,2136.0,356.0,6,216,210,50,In Stock
JNE2205-KR-467-A-M,kurta,JNE2205,M,9,3133.05,313.305,10,235,226,50,In Stock
JNE2205-KR-467-A-S,kurta,JNE2205,S,8,2688.0,336.0,8,473,465,50,In Stock
JNE2205-KR-467-A-XL,kurta,JNE2205,XL,6,2055.0,342.5,6,245,239,50,In Stock
JNE2205-KR-467-A-XS,kurta,JNE2205,XS,2,658.0,329.0,2,484,482,50,In Stock
JNE2205-KR-467-A-XXL,kurta,JNE2205,XXL,6,2394.05,342.00714285714287,7,109,103,50,In Stock
JNE2205-KR-467-A-XXXL,kurta,JNE2205,3XL,8,2821.0,352.625,8,220,212,50,In Stock
JNE2209-KR-498-A-XL,kurta,JNE2209,XL,1,499.0,499.0,1,107,106,50,In Stock
JNE2251-KR-537-C-L,kurta,JNE2251,L,1,425.0,425.0,1,150,149,50,In Stock
JNE2251-KR-537-C-S,kurta,JNE2251,S,1,399.0,399.0,1,107,106,50,In Stock
JNE2251-KR-537-C-XXL,kurta,JNE2251,XXL,4,1712.0,428.0,4,433,429,50,In Stock
JNE2251-KR-537-C-XXXL,kurta,JNE2251,3XL,1,399.0,399.0,1,434,433,50,In Stock
JNE2251-KR-537-L,kurta,JNE2251,L,1,429.0,429.0,1,402,401,50,In Stock
JNE2251-KR-537-M,kurta,JNE2251,M,1,429.0,429.0,1,361,360,50,In Stock
JNE2251-KR-537-XL,kurta,JNE2251,XL,2,858.0,429.0,2,281,279,50,In Stock
JNE2251-KR-537-XS,kurta,JNE2251,XS,2,858.0,429.0,2,285,283,50,In Stock
JNE2251-KR-537-XXL,kurta,JNE2251,XXL,3,1227.0,409.0,3,435,432,50,In Stock
JNE2251-KR-537-XXXL,kurta,JNE2251,3XL,1,399.0,399.0,1,111,110,50,In Stock
JNE2262-KR-569-S,kurta,JNE2262,S,3,1121.0,373.6666666666667,3,407,404,50,In Stock
JNE2265-KR-501-L,kurta,JNE2265,L,6,1974.0,329.0,6,466,460,50,In Stock
JNE2265-KR-501-M,kurta,JNE2265,M,5,1645.0,548.3333333333334,3,191,186,50,In Stock
JNE2265-KR-501-S,kurta,JNE2265,S,5,1645.0,329.0,5,211,206,50,In Stock
JNE2265-KR-501-XL,kurta,JNE2265,XL,6,1974.0,329.0,6,134,128,50,In Stock
JNE2265-KR-501-XS,kurta,JNE2265,XS,4,1306.0,326.5,4,170,166,50,In Stock
JNE2265-KR-501-XXL,kurta,JNE2265,XXL,9,2961.0,493.5,6,305,296,50,In Stock
JNE2266-KR-490-A-L,kurta,JNE2266,L,2,736.0,368.0,2,182,180,50,In Stock
JNE2266-KR-490-A-M,kurta,JNE2266,M,2,1073.48,357.82666666666665,3,141,139,50,In Stock
JNE2266-KR-490-A-S,kurta,JNE2266,S,3,1091.0,363.6666666666667,3,178,175,50,In Stock
JNE2266-KR-490-A-XL,kurta,JNE2266,XL,6,2208.0,368.0,6,312,306,50,In Stock
JNE2266-KR-490-A-XS,kurta,JNE2266,XS,4,2135.2,355.8666666666666,6,311,307,50,In Stock
JNE2266-KR-490-A-XXL,kurta,JNE2266,XXL,2,723.0,361.5,2,264,262,50,In Stock
JNE2270-KR-487-A-L,kurta,JNE2270,L,20,9826.0,491.3,20,348,328,50,In Stock
JNE2270-KR-487-A-M,kurta,JNE2270,M,23,11879.0,516.4782608695652,23,377,354,50,In Stock
JNE2270-KR-487-A-S,kurta,JNE2270,S,19,9777.0,514.578947368421,19,462,443,50,In Stock
JNE2270-KR-487-A-XL,kurta,JNE2270,XL,27,14417.33,514.9046428571429,28,388,361,50,In Stock
JNE2270-KR-487-A-XS,kurta,JNE2270,XS,3,1576.0,525.3333333333334,3,261,258,50,In Stock
JNE2270-KR-487-A-XXL,kurta,JNE2270,XXL,86,44102.0,518.8470588235294,85,374,288,50,In Stock
JNE2291-KR-602-L,kurta,JNE2291,L,13,4518.0,347.53846153846155,13,483,470,50,In Stock
JNE2291-KR-602-M,kurta,JNE2291,M,5,1931.0,386.2,5,389,384,50,In Stock
JNE2291-KR-602-S,kurta,JNE2291,S,9,3760.1,376.01,10,187,178,50,In Stock
JNE2291-KR-602-XL,kurta,JNE2291,XL,3,1537.1,384.275,4,424,421,50,In Stock
JNE2291-KR-602-XS,kurta,JNE2291,XS,4,1867.81,373.562,5,405,401,50,In Stock
JNE2291-KR-602-XXL,kurta,JNE2291,XXL,4,1867.81,373.562,5,492,488,50,In Stock
JNE2291-KR-602-XXXL,kurta,JNE2291,3XL,4,1879.8,375.96,5,301,297,50,In Stock
JNE2292-KR-588-L,kurta,JNE2292,L,1,424.0,424.0,1,438,437,50,In Stock
JNE2294-KR-A-L,kurta,JNE2294,L,2,1088.0,544.0,2,125,123,50,In Stock
JNE2294-KR-A-XL,kurta,JNE2294,XL,4,2438.0,609.5,4,468,464,50,In Stock
JNE2294-KR-A-XXL,kurta,JNE2294,XXL,1,511.0,511.0,1,486,485,50,In Stock
JNE2300-KR-594-A-S,kurta,JNE2300,S,1,574.0,574.0,1,347,346,50,In Stock
JNE2302-KR-595-G-M,kurta,JNE2302,M,1,422.0,422.0,1,232,231,50,In Stock
JNE2305-KR-533-L,kurta,JNE2305,L,32,9705.0,303.28125,32,173,141,50,In Stock
JNE2305-KR-533-M,kurta,JNE2305,M,59,20589.0,348.96610169491527,59,487,428,50,In Stock
JNE2305-KR-533-S,kurta,JNE2305,S,44,16775.66,364.6882608695652,46,333,289,50,In Stock
JNE2305-KR-533-XL,kurta,JNE2305,XL,72,25381.0,352.5138888888889,72,478,406,50,In Stock
JNE2305-KR-533-XS,kurta,JNE2305,XS,19,6958.0,366.2105263157895,19,425,406,50,In Stock
JNE2305-KR-533-XXL,kurta,JNE2305,XXL,12,5610.0,350.625,16,339,327,50,In Stock
JNE2307-KR-572-L,kurta,JNE2307,L,3,1181.76,295.44,4,262,259,50,In Stock
JNE2307-KR-572-M,kurta,JNE2307,M,1,316.0,316.0,1,149,148,50,In Stock
JNE2307-KR-572-XXL,kurta,JNE2307,XXL,4,1196.0,299.0,4,284,280,50,In Stock
JNE2309-KR-598-L,kurta,JNE2309,L,1,597.0,597.0,1,223,222,50,In Stock
JNE2321-KR-576-L,kurta,JNE2321,L,1,643.0,643.0,1,156,155,50,In Stock
JNE2324-KR-575-XXL,kurta,JNE2324,XXL,1,631.0,631.0,1,148,147,50,In Stock
JNE3030-KR-L,kurta,JNE3030,L,5,4238.95,706.4916666666667,6,422,417,50,In Stock
JNE3030-KR-M,kurta,JNE3030,M,3,2208.0,736.0,3,181,178,50,In Stock
JNE3030-KR-XL,kurta,JNE3030,XL,2,1472.0,736.0,2,144,142,50,In Stock
JNE3030-KR-XS,kurta,JNE3030,XS,1,1436.95,718.475,2,114,113,50,In Stock
JNE3030-KR-XXL,kurta,JNE3030,XXL,4,3509.71,701.942,5,399,395,50,In Stock
JNE3030-KR-XXXL,kurta,JNE3030,3XL,14,10304.0,736.0,14,241,227,50,In Stock
JNE3042-KR-L,kurta,JNE3042,L,2,587.0,293.5,2,337,335,50,In Stock
JNE3042-KR-M,kurta,JNE3042,M,3,885.0,295.0,3,382,379,50,In Stock
JNE3042-KR-S,kurta,JNE3042,S,6,1788.0,298.0,6,170,164,50,In Stock
JNE3042-KR-XL,kurta,JNE3042,XL,1,570.1,285.05,2,481,480,50,In Stock
JNE3042-KR-XS,kurta,JNE3042,XS,1,587.6700000000001,293.83500000000004,2,243,242,50,In Stock
JNE3042-KR-XXL,kurta,JNE3042,XXL,3,885.0,295.0,3,261,258,50,In Stock
JNE3042-KR-XXXL,kurta,JNE3042,3XL,6,1776.0,296.0,6,368,362,50,In Stock
JNE3065-KR-L,kurta,JNE3065,L,1,389.0,389.0,1,140,139,50,In Stock
JNE3065-KR-M,kurta,JNE3065,M,3,1179.0,393.0,3,370,367,50,In Stock
JNE3065-KR-S,kurta,JNE3065,S,1,393.0,393.0,1,490,489,50,In Stock
JNE3065-KR-XL,kurta,JNE3065,XL,3,1553.29,388.3225,4,306,303,50,In Stock
JNE3065-KR-XXL,kurta,JNE3065,XXL,5,2335.48,389.24666666666667,6,218,213,50,In Stock
JNE3068-KR-A-L,kurta,JNE3068,L,18,12488.0,693.7777777777778,18,364,346,50,In Stock
JNE3068-KR-A-M,kurta,JNE3068,M,11,7624.0,693.0909090909091,11,184,173,50,In Stock
JNE3068-KR-A-S,kurta,JNE3068,S,4,2784.0,696.0,4,115,111,50,In Stock
JNE3068-KR-A-XL,kurta,JNE3068,XL,6,4838.86,691.2657142857142,7,383,377,50,In Stock
JNE3068-KR-A-XXL,kurta,JNE3068,XXL,5,4805.72,686.5314285714286,7,193,188,50,In Stock
JNE3144-KR-S,kurta,JNE3144,S,1,390.0,390.0,1,250,249,50,In Stock
JNE3157-KR-M,kurta,JNE3157,M,1,620.0,620.0,1,389,388,50,In Stock
JNE3160-KR-G-L,kurta,JNE3160,L,45,33264.04,693.0008333333334,48,220,175,50,In Stock
JNE3160-KR-G-M,kurta,JNE3160,M,28,20053.76,668.4586666666667,30,164,136,50,In Stock
JNE3160-KR-G-S,kurta,JNE3160,S,21,15319.71,666.0743478260869,23,106,85,50,In Stock
JNE3160-KR-G-XL,kurta,JNE3160,XL,46,34151.42,683.0283999999999,50,190,144,50,In Stock
JNE3160-KR-G-XS,kurta,JNE3160,XS,1,1989.76,663.2533333333333,3,366,365,50,In Stock
JNE3160-KR-G-XXL,kurta,JNE3160,XXL,26,20062.09,691.7962068965518,29,178,152,50,In Stock
JNE3160-KR-G-XXXL,kurta,JNE3160,3XL,18,16686.18,695.2575,24,344,326,50,In Stock
JNE3160-KR-L,kurta,JNE3160,L,11,8361.48,696.79,12,121,110,50,In Stock
JNE3160-KR-M,kurta,JNE3160,M,3,2119.0,706.3333333333334,3,450,447,50,In Stock
JNE3160-KR-S,kurta,JNE3160,S,4,2804.0,701.0,4,265,261,50,In Stock
JNE3160-KR-XL,kurta,JNE3160,XL,1,0.0,0.0,1,174,173,50,In Stock
JNE3160-KR-XS,kurta,JNE3160,XS,2,1434.0,717.0,2,221,219,50,In Stock
JNE3160-KR-XXL,kurta,JNE3160,XXL,15,10915.0,727.6666666666666,15,453,438,50,In Stock
JNE3160-KR-XXXL,kurta,JNE3160,3XL,3,2055.0,685.0,3,260,257,50,In Stock
JNE3225-KR-L,kurta,JNE3225,L,1,349.0,349.0,1,253,252,50,In Stock
JNE3225-KR-M,kurta,JNE3225,M,3,1047.0,349.0,3,445,442,50,In Stock
JNE3225-KR-S,kurta,JNE3225,S,1,349.0,349.0,1,328,327,50,In Stock
JNE3225-KR-XL,kurta,JNE3225,XL,2,698.0,349.0,2,187,185,50,In Stock
JNE3225-KR-XS,kurta,JNE3225,XS,1,349.0,349.0,1,117,116,50,In Stock
JNE3225-KR-XXL,kurta,JNE3225,XXL,2,698.0,349.0,2,305,303,50,In Stock
JNE3251-KR-L,kurta,JNE3251,L,1,319.0,319.0,1,394,393,50,In Stock
JNE3251-KR-M,kurta,JNE3251,M,1,319.0,319.0,1,199,198,50,In Stock
JNE3251-KR-XL,kurta,JNE3251,XL,1,319.0,319.0,1,395,394,50,In Stock
JNE3252-KR-L,kurta,JNE3252,L,2,958.0,479.0,2,292,290,50,In Stock
JNE3252-KR-M,kurta,JNE3252,M,3,1395.0,465.0,3,498,495,50,In Stock
JNE3252-KR-S,kurta,JNE3252,S,1,479.0,479.0,1,187,186,50,In Stock
JNE3252-KR-XL,kurta,JNE3252,XL,10,4949.0,494.9,10,462,452,50,In Stock
JNE3252-KR-XS,kurta,JNE3252,XS,1,479.0,479.0,1,493,492,50,In Stock
JNE3252-KR-XXL,kurta,JNE3252,XXL,6,2874.0,479.0,6,403,397,50,In Stock
JNE3252-KR-XXXL,kurta,JNE3252,3XL,7,3193.0,456.14285714285717,7,121,114,50,In Stock
JNE3253-KR-M,kurta,JNE3253,M,3,987.0,329.0,3,449,446,50,In Stock
JNE3253-KR-XL,kurta,JNE3253,XL,1,329.0,329.0,1,315,314,50,In Stock
JNE3255-KR-L,kurta,JNE3255,L,4,1948.0,487.0,4,282,278,50,In Stock
JNE3255-KR-M,kurta,JNE3255,M,1,487.0,487.0,1,463,462,50,In Stock
JNE3255-KR-S,kurta,JNE3255,S,5,2435.0,487.0,5,413,408,50,In Stock
JNE3255-KR-XL,kurta,JNE3255,XL,5,2435.0,487.0,5,310,305,50,In Stock
JNE3255-KR-XS,kurta,JNE3255,XS,1,487.0,487.0,1,400,399,50,In Stock
JNE3255-KR-XXL,kurta,JNE3255,XXL,2,974.0,487.0,2,438,436,50,In Stock
JNE3255-KR-XXXL,kurta,JNE3255,3XL,2,974.0,487.0,2,369,367,50,In Stock
JNE3256-KR-L,kurta,JNE3256,L,4,2393.81,478.762,5,246,242,50,In Stock
JNE3256-KR-M,kurta,JNE3256,M,8,3884.0,485.5,8,330,322,50,In Stock
JNE3256-KR-S,kurta,JNE3256,S,9,4371.0,485.6666666666667,9,477,468,50,In Stock
JNE3256-KR-XL,kurta,JNE3256,XL,3,2388.62,477.724,5,137,134,50,In Stock
JNE3256-KR-XS,kurta,JNE3256,XS,2,968.0,484.0,2,409,407,50,In Stock
JNE3256-KR-XXL,kurta,JNE3256,XXL,6,2922.0,487.0,6,249,243,50,In Stock
JNE3256-KR-XXXL,kurta,JNE3256,3XL,10,5321.81,483.8009090909091,11,309,299,50,In Stock
JNE3257-KR-M,kurta,JNE3257,M,1,436.0,436.0,1,420,419,50,In Stock
JNE3257-KR-S,kurta,JNE3257,S,1,436.0,436.0,1,259,258,50,In Stock
JNE3261-KR-L,kurta,JNE3261,L,11,4100.0,372.72727272727275,11,442,431,50,In Stock
JNE3261-KR-M,kurta,JNE3261,M,6,2122.0,353.6666666666667,6,374,368,50,In Stock
JNE3261-KR-S,kurta,JNE3261,S,6,2156.0,359.3333333333333,6,148,142,50,In Stock
JNE3261-KR-XL,kurta,JNE3261,XL,10,4149.81,377.2554545454546,11,184,174,50,In Stock
JNE3261-KR-XS,kurta,JNE3261,XS,1,348.0,348.0,1,100,99,50,In Stock
JNE3261-KR-XXL,kurta,JNE3261,XXL,16,6567.62,364.86777777777775,18,351,335,50,In Stock
JNE3261-KR-XXXL,kurta,JNE3261,3XL,8,2436.0,304.5,8,345,337,50,In Stock
JNE3265-KR-L,kurta,JNE3265,L,5,1601.0,320.2,5,275,270,50,In Stock
JNE3265-KR-M,kurta,JNE3265,M,3,966.0,322.0,3,153,150,50,In Stock
JNE3265-KR-S,kurta,JNE3265,S,2,658.0,329.0,2,429,427,50,In Stock
JNE3265-KR-XL,kurta,JNE3265,XL,3,965.0,321.6666666666667,3,166,163,50,In Stock
JNE3265-KR-XXL,kurta,JNE3265,XXL,6,2244.33,320.61857142857144,7,239,233,50,In Stock
JNE3270-KR-L,kurta,JNE3270,L,6,2256.0,376.0,6,193,187,50,In Stock
JNE3270-KR-M,kurta,JNE3270,M,3,758.0,252.66666666666666,3,231,228,50,In Stock
JNE3270-KR-S,kurta,JNE3270,S,3,1128.0,376.0,3,256,253,50,In Stock
JNE3270-KR-XL,kurta,JNE3270,XL,3,1128.0,376.0,3,329,326,50,In Stock
JNE3270-KR-XS,kurta,JNE3270,XS,6,2262.0,377.0,6,236,230,50,In Stock
JNE3270-KR-XXL,kurta,JNE3270,XXL,2,1115.81,371.93666666666667,3,373,371,50,In Stock
JNE3270-KR-XXXL,kurta,JNE3270,3XL,6,2245.0,374.1666666666667,6,322,316,50,In Stock
JNE3273-KR-L,kurta,JNE3273,L,2,998.0,499.0,2,307,305,50,In Stock
JNE3273-KR-M,kurta,JNE3273,M,2,974.0,487.0,2,354,352,50,In Stock
JNE3273-KR-S,kurta,JNE3273,S,1,475.0,475.0,1,186,185,50,In Stock
JNE3273-KR-XL,kurta,JNE3273,XL,7,3349.0,478.42857142857144,7,179,172,50,In Stock
JNE3273-KR-XXL,kurta,JNE3273,XXL,4,1972.0,493.0,4,239,235,50,In Stock
JNE3273-KR-XXXL,kurta,JNE3273,3XL,4,1958.0,489.5,4,159,155,50,In Stock
JNE3276-KR-XXL,kurta,JNE3276,XXL,2,398.0,199.0,2,304,302,50,In Stock
JNE3276-KR-XXXL,kurta,JNE3276,3XL,1,199.0,199.0,1,198,197,50,In Stock
JNE3279-KR-A-S,kurta,JNE3279,S,1,891.34,297.11333333333334,3,301,300,50,In Stock
JNE3279-KR-A-XS,kurta,JNE3279,XS,2,602.0,301.0,2,106,104,50,In Stock
JNE3279-KR-A-XXL,kurta,JNE3279,XXL,2,631.0,315.5,2,192,190,50,In Stock
JNE3279-KR-A-XXXL,kurta,JNE3279,3XL,1,301.0,301.0,1,118,117,50,In Stock
JNE3281-KR-XL,kurta,JNE3281,XL,1,451.0,451.0,1,479,478,50,In Stock
JNE3284-KR-M,kurta,JNE3284,M,1,324.0,324.0,1,312,311,50,In Stock
JNE3284-KR-S,kurta,JNE3284,S,1,324.0,324.0,1,265,264,50,In Stock
JNE3284-KR-XL,kurta,JNE3284,XL,0,308.57,308.57,1,322,322,50,In Stock
JNE3284-KR-XXL,kurta,JNE3284,XXL,1,324.0,324.0,1,447,446,50,In Stock
JNE3288-KR-L,kurta,JNE3288,L,6,2636.0,439.3333333333333,6,117,111,50,In Stock
JNE3288-KR-M,kurta,JNE3288,M,4,1752.0,438.0,4,421,417,50,In Stock
JNE3288-KR-S,kurta,JNE3288,S,1,442.0,442.0,1,397,396,50,In Stock
JNE3288-KR-XL,kurta,JNE3288,XL,3,1326.0,442.0,3,148,145,50,In Stock
JNE3288-KR-XS,kurta,JNE3288,XS,1,442.0,442.0,1,446,445,50,In Stock
JNE3288-KR-XXL,kurta,JNE3288,XXL,3,1326.0,442.0,3,171,168,50,In Stock
JNE3288-KR-XXXL,kurta,JNE3288,3XL,4,1774.0,443.5,4,412,408,50,In Stock
JNE3291-KR-L,kurta,JNE3291,L,124,55938.77,437.021640625,128,264,140,50,In Stock
JNE3291-KR-M,kurta,JNE3291,M,74,32194.0,435.05405405405406,74,486,412,50,In Stock
JNE3291-KR-S,kurta,JNE3291,S,48,20374.0,433.48936170212767,47,306,258,50,In Stock
JNE3291-KR-XL,kurta,JNE3291,XL,139,61137.0,449.5367647058824,136,472,333,50,In Stock
JNE3291-KR-XS,kurta,JNE3291,XS,10,4420.0,442.0,10,289,279,50,In Stock
JNE3291-KR-XXL,kurta,JNE3291,XXL,80,36349.95,454.374375,80,211,131,50,In Stock
JNE3291-KR-XXXL,kurta,JNE3291,3XL,37,16852.9,432.1256410256411,39,390,353,50,In Stock
JNE3294-KR-L,kurta,JNE3294,L,32,13898.0,448.3225806451613,31,106,74,50,In Stock
JNE3294-KR-M,kurta,JNE3294,M,20,7367.0,368.35,20,484,464,50,In Stock
JNE3294-KR-S,kurta,JNE3294,S,14,6431.43,428.762,15,108,94,50,In Stock
JNE3294-KR-XL,kurta,JNE3294,XL,24,11012.24,423.5476923076923,26,397,373,50,In Stock
JNE3294-KR-XS,kurta,JNE3294,XS,8,3709.4300000000003,463.67875000000004,8,164,156,50,In Stock
JNE3294-KR-XXL,kurta,JNE3294,XXL,42,17735.0,432.5609756097561,41,223,181,50,In Stock
JNE3294-KR-XXXL,kurta,JNE3294,3XL,27,11755.0,435.3703703703704,27,432,405,50,In Stock
JNE3296-KR-L,kurta,JNE3296,L,2,1124.0,562.0,2,439,437,50,In Stock
JNE3296-KR-S,kurta,JNE3296,S,1,431.0,431.0,1,196,195,50,In Stock
JNE3296-KR-XL,kurta,JNE3296,XL,1,431.0,431.0,1,449,448,50,In Stock
JNE3296-KR-XXL,kurta,JNE3296,XXL,2,862.0,431.0,2,497,495,50,In Stock
JNE3311-KR-L,kurta,JNE3311,L,6,4164.48,594.9257142857142,7,334,328,50,In Stock
JNE3311-KR-M,kurta,JNE3311,M,6,3594.0,599.0,6,158,152,50,In Stock
JNE3311-KR-S,kurta,JNE3311,S,4,2396.0,599.0,4,240,236,50,In Stock
JNE3311-KR-XL,kurta,JNE3311,XL,2,1198.0,599.0,2,339,337,50,In Stock
JNE3311-KR-XS,kurta,JNE3311,XS,10,5990.0,665.5555555555555,9,183,173,50,In Stock
JNE3311-KR-XXL,kurta,JNE3311,XXL,3,1797.0,599.0,3,303,300,50,In Stock
JNE3311-KR-XXXL,kurta,JNE3311,3XL,9,5943.48,594.348,10,448,439,50,In Stock
JNE3313-KR-A-L,kurta,JNE3313,L,4,2328.0,582.0,4,440,436,50,In Stock
JNE3313-KR-A-S,kurta,JNE3313,S,1,582.0,582.0,1,140,139,50,In Stock
JNE3313-KR-A-XL,kurta,JNE3313,XL,2,1164.0,582.0,2,202,200,50,In Stock
JNE3313-KR-A-XS,kurta,JNE3313,XS,4,2328.0,582.0,4,314,310,50,In Stock
JNE3313-KR-A-XXL,kurta,JNE3313,XXL,10,5787.0,578.7,10,355,345,50,In Stock
JNE3313-KR-A-XXXL,kurta,JNE3313,3XL,6,3459.0,576.5,6,499,493,50,In Stock
JNE3313-KR-S,kurta,JNE3313,S,2,1164.0,582.0,2,250,248,50,In Stock
JNE3313-KR-XL,kurta,JNE3313,XL,2,1164.0,582.0,2,229,227,50,In Stock
JNE3313-KR-XS,kurta,JNE3313,XS,1,582.0,582.0,1,148,147,50,In Stock
JNE3313-KR-XXL,kurta,JNE3313,XXL,2,1164.0,582.0,2,297,295,50,In Stock
JNE3313-KR-XXXL,kurta,JNE3313,3XL,1,582.0,582.0,1,336,335,50,In Stock
JNE3323-KR-A-L,kurta,JNE3323,L,1,267.0,267.0,1,298,297,50,In Stock
JNE3323-KR-A-M,kurta,JNE3323,M,1,301.0,301.0,1,113,112,50,In Stock
JNE3323-KR-A-S,kurta,JNE3323,S,1,264.0,264.0,1,165,164,50,In Stock
JNE3323-KR-A-XL,kurta,JNE3323,XL,2,531.0,265.5,2,196,194,50,In Stock
JNE3323-KR-A-XS,kurta,JNE3323,XS,5,1335.0,267.0,5,135,130,50,In Stock
JNE3323-KR-A-XXXL,kurta,JNE3323,3XL,1,267.0,267.0,1,320,319,50,In Stock
JNE3323-KR-L,kurta,JNE3323,L,1,264.0,264.0,1,333,332,50,In Stock
JNE3323-KR-M,kurta,JNE3323,M,1,264.0,264.0,1,126,125,50,In Stock
JNE3323-KR-S,kurta,JNE3323,S,1,264.0,264.0,1,227,226,50,In Stock
JNE3323-KR-XS,kurta,JNE3323,XS,1,264.0,264.0,1,197,196,50,In Stock
JNE3323-KR-XXXL,kurta,JNE3323,3XL,1,264.0,264.0,1,126,125,50,In Stock
JNE3334-KR-L,kurta,JNE3334,L,20,6955.72,316.1690909090909,22,325,305,50,In Stock
JNE3334-KR-M,kurta,JNE3334,M,15,4750.0,316.6666666666667,15,337,322,50,In Stock
JNE3334-KR-S,kurta,JNE3334,S,8,2836.86,315.2066666666667,9,301,293,50,In Stock
JNE3334-KR-XL,kurta,JNE3334,XL,16,5370.86,315.9329411764706,17,284,268,50,In Stock
JNE3334-KR-XXL,kurta,JNE3334,XXL,28,9824.58,316.921935483871,31,247,219,50,In Stock
JNE3336-KR-M,kurta,JNE3336,M,3,1035.0,345.0,3,306,303,50,In Stock
JNE3336-KR-XS,kurta,JNE3336,XS,2,690.0,345.0,2,210,208,50,In Stock
JNE3338-KR-S,kurta,JNE3338,S,2,301.0,150.5,2,231,229,50,In Stock
JNE3339-KR-XS,kurta,JNE3339,XS,4,1285.0,321.25,4,270,266,50,In Stock
JNE3342-KR-S,kurta,JNE3342,S,1,424.0,424.0,1,258,257,50,In Stock
JNE3344-KR-L,kurta,JNE3344,L,1,299.0,299.0,1,404,403,50,In Stock
JNE3346-KR-M,kurta,JNE3346,M,1,301.0,301.0,1,315,314,50,In Stock
JNE3346-KR-XXL,kurta,JNE3346,XXL,1,301.0,301.0,1,252,251,50,In Stock
JNE3348-KR-L,kurta,JNE3348,L,3,1257.0,419.0,3,112,109,50,In Stock
JNE3348-KR-M,kurta,JNE3348,M,1,818.05,409.025,2,312,311,50,In Stock
JNE3348-KR-S,kurta,JNE3348,S,2,836.0,418.0,2,171,169,50,In Stock
JNE3348-KR-XL,kurta,JNE3348,XL,1,417.0,417.0,1,121,120,50,In Stock
JNE3348-KR-XS,kurta,JNE3348,XS,1,419.0,419.0,1,472,471,50,In Stock
JNE3348-KR-XXL,kurta,JNE3348,XXL,3,1255.0,418.3333333333333,3,170,167,50,In Stock
JNE3348-KR-XXXL,kurta,JNE3348,3XL,3,1257.0,419.0,3,376,373,50,In Stock
JNE3351-KR-XL,kurta,JNE3351,XL,1,284.0,284.0,1,190,189,50,In Stock
JNE3355-KR-XL,kurta,JNE3355,XL,1,448.0,448.0,1,149,148,50,In Stock
JNE3359-KR-L,kurta,JNE3359,L,0,436.19,436.19,1,244,244,50,In Stock
JNE3359-KR-M,kurta,JNE3359,M,1,458.0,458.0,1,389,388,50,In Stock
JNE3359-KR-S,kurta,JNE3359,S,1,761.4300000000001,380.71500000000003,2,343,342,50,In Stock
JNE3359-KR-XL,kurta,JNE3359,XL,1,390.0,390.0,1,242,241,50,In Stock
JNE3360-KR-S,kurta,JNE3360,S,1,299.0,299.0,1,440,439,50,In Stock
JNE3362-KR-XXXL,kurta,JNE3362,3XL,1,362.0,362.0,1,114,113,50,In Stock
JNE3363-KR-1032-L,kurta,JNE3363,L,6,2394.0,399.0,6,490,484,50,In Stock
JNE3363-KR-1032-M,kurta,JNE3363,M,8,2678.0,334.75,8,360,352,50,In Stock
JNE3363-KR-1032-S,kurta,JNE3363,S,1,399.0,399.0,1,105,104,50,In Stock
JNE3363-KR-1032-XL,kurta,JNE3363,XL,15,5709.0,380.6,15,402,387,50,In Stock
JNE3363-KR-1032-XS,kurta,JNE3363,XS,1,376.0,376.0,1,298,297,50,In Stock
JNE3363-KR-1032-XXL,kurta,JNE3363,XXL,28,10785.0,385.17857142857144,28,154,126,50,In Stock
JNE3363-KR-1032-XXXL,kurta,JNE3363,3XL,31,12152.1,379.753125,32,203,172,50,In Stock
JNE3364-KR-1051-A-L,kurta,JNE3364,L,47,17687.0,376.3191489361702,47,291,244,50,In Stock
JNE3364-KR-1051-A-M,kurta,JNE3364,M,15,5277.0,351.8,15,425,410,50,In Stock
JNE3364-KR-1051-A-S,kurta,JNE3364,S,8,3384.1,376.0111111111111,9,326,318,50,In Stock
JNE3364-KR-1051-A-XL,kurta,JNE3364,XL,18,7513.91,375.6955,20,152,134,50,In Stock
JNE3364-KR-1051-A-XS,kurta,JNE3364,XS,14,5306.0,408.15384615384613,13,484,470,50,In Stock
JNE3364-KR-1051-A-XXL,kurta,JNE3364,XXL,10,5221.82,372.9871428571428,14,234,224,50,In Stock
JNE3364-KR-1051-A-XXXL,kurta,JNE3364,3XL,10,4500.6,409.1454545454546,11,476,466,50,In Stock
JNE3364-KR-1051-XL,kurta,JNE3364,XL,1,376.0,376.0,1,266,265,50,In Stock
JNE3364-KR-1051-XXL,kurta,JNE3364,XXL,2,752.0,376.0,2,450,448,50,In Stock
JNE3364-KR-1051-XXXL,kurta,JNE3364,3XL,2,735.0,367.5,2,399,397,50,In Stock
JNE3365-KR-1052-A-L,kurta,JNE3365,L,9,3742.1,374.21,10,434,425,50,In Stock
JNE3365-KR-1052-A-M,kurta,JNE3365,M,29,13410.7,372.51944444444445,36,343,314,50,In Stock
JNE3365-KR-1052-A-S,kurta,JNE3365,S,20,7520.0,417.77777777777777,18,428,408,50,In Stock
JNE3365-KR-1052-A-XL,kurta,JNE3365,XL,29,11262.1,388.348275862069,29,499,470,50,In Stock
JNE3365-KR-1052-A-XS,kurta,JNE3365,XS,7,2944.1,368.0125,8,178,171,50,In Stock
JNE3365-KR-1052-A-XXL,kurta,JNE3365,XXL,12,5228.2,373.4428571428571,14,193,181,50,In Stock
JNE3365-KR-1052-A-XXXL,kurta,JNE3365,3XL,14,6696.4,372.0222222222222,18,120,106,50,In Stock
JNE3365-KR-1052-L,kurta,JNE3365,L,7,2632.0,376.0,7,491,484,50,In Stock
JNE3365-KR-1052-M,kurta,JNE3365,M,3,1128.0,1128.0,1,208,205,50,In Stock
JNE3365-KR-1052-XL,kurta,JNE3365,XL,10,3760.0,376.0,10,125,115,50,In Stock
JNE3366-KR-1053-A-L,kurta,JNE3366,L,1,376.0,376.0,1,362,361,50,In Stock
JNE3366-KR-1053-A-XXL,kurta,JNE3366,XXL,3,1140.0,380.0,3,208,205,50,In Stock
JNE3366-KR-1053-A-XXXL,kurta,JNE3366,3XL,2,752.0,376.0,2,468,466,50,In Stock
JNE3366-KR-1053-L,kurta,JNE3366,L,29,10911.0,376.2413793103448,29,357,328,50,In Stock
JNE3366-KR-1053-M,kurta,JNE3366,M,24,8649.0,360.375,24,258,234,50,In Stock
JNE3366-KR-1053-S,kurta,JNE3366,S,7,2615.0,373.57142857142856,7,458,451,50,In Stock
JNE3366-KR-1053-XL,kurta,JNE3366,XL,23,8708.0,378.60869565217394,23,192,169,50,In Stock
JNE3366-KR-1053-XS,kurta,JNE3366,XS,3,1128.0,376.0,3,376,373,50,In Stock
JNE3366-KR-1053-XXL,kurta,JNE3366,XXL,51,19202.0,384.04,50,346,295,50,In Stock
JNE3366-KR-1053-XXXL,kurta,JNE3366,3XL,43,16205.0,376.86046511627904,43,334,291,50,In Stock
JNE3368-KR-L,kurta,JNE3368,L,73,34228.14,456.3752,75,144,71,50,In Stock
JNE3368-KR-M,kurta,JNE3368,M,63,29650.57,486.07491803278685,61,310,247,50,In Stock
JNE3368-KR-S,kurta,JNE3368,S,44,22025.73,468.63255319148936,47,322,278,50,In Stock
JNE3368-KR-XL,kurta,JNE3368,XL,106,48381.0,456.42452830188677,106,218,112,50,In Stock
JNE3368-KR-XS,kurta,JNE3368,XS,40,19134.57,466.6968292682927,41,150,110,50,In Stock
JNE3368-KR-XXL,kurta,JNE3368,XXL,161,74647.0,466.54375,160,456,295,50,In Stock
JNE3368-KR-XXXL,kurta,JNE3368,3XL,169,82245.99,467.3067613636364,176,139,0,50,Low Stock
JNE3369-KR-L,kurta,JNE3369,L,3,1373.0,457.6666666666667,3,302,299,50,In Stock
JNE3369-KR-M,kurta,JNE3369,M,2,892.0,446.0,2,461,459,50,In Stock
JNE3369-KR-XS,kurta,JNE3369,XS,4,1784.0,446.0,4,282,278,50,In Stock
JNE3369-KR-XXL,kurta,JNE3369,XXL,5,2429.0,485.8,5,446,441,50,In Stock
JNE3369-KR-XXXL,kurta,JNE3369,3XL,1,405.0,405.0,1,330,329,50,In Stock
JNE3370-KR-L,kurta,JNE3370,L,1,305.0,305.0,1,199,198,50,In Stock
JNE3371-KR-M,kurta,JNE3371,M,24,9051.85,335.2537037037037,27,267,243,50,In Stock
JNE3371-KR-S,kurta,JNE3371,S,9,3691.99,307.6658333333333,12,263,254,50,In Stock
JNE3371-KR-XL,kurta,JNE3371,XL,8,3040.19,337.7988888888889,9,396,388,50,In Stock
JNE3371-KR-XS,kurta,JNE3371,XS,1,329.0,329.0,1,464,463,50,In Stock
JNE3371-KR-XXL,kurta,JNE3371,XXL,1,353.0,353.0,1,481,480,50,In Stock
JNE3371-KR-XXXL,kurta,JNE3371,3XL,8,2752.0,344.0,8,174,166,50,In Stock
JNE3373-KR-L,kurta,JNE3373,L,83,30904.0,372.33734939759034,83,129,46,50,Low Stock
JNE3373-KR-M,kurta,JNE3373,M,84,32330.58,371.61586206896555,87,206,122,50,In Stock
JNE3373-KR-S,kurta,JNE3373,S,66,24966.0,378.27272727272725,66,218,152,50,In Stock
JNE3373-KR-XL,kurta,JNE3373,XL,137,51466.67,372.946884057971,138,221,84,50,In Stock
JNE3373-KR-XS,kurta,JNE3373,XS,33,12020.0,364.24242424242425,33,333,300,50,In Stock
JNE3373-KR-XXL,kurta,JNE3373,XXL,179,66536.0,373.7977528089888,178,354,175,50,In Stock
JNE3373-KR-XXXL,kurta,JNE3373,3XL,213,80336.0,377.1643192488263,213,211,0,50,Low Stock
JNE3375-KR-S,kurta,JNE3375,S,1,249.0,249.0,1,247,246,50,In Stock
JNE3375-KR-XXXL,kurta,JNE3375,3XL,2,602.0,301.0,2,171,169,50,In Stock
JNE3376-KR-L,kurta,JNE3376,L,11,4726.0,429.6363636363636,11,371,360,50,In Stock
JNE3376-KR-M,kurta,JNE3376,M,11,4721.0,429.1818181818182,11,497,486,50,In Stock
JNE3376-KR-S,kurta,JNE3376,S,3,1296.0,432.0,3,404,401,50,In Stock
JNE3376-KR-XL,kurta,JNE3376,XL,8,3430.0,428.75,8,323,315,50,In Stock
JNE3376-KR-XS,kurta,JNE3376,XS,9,3831.0,425.6666666666667,9,224,215,50,In Stock
JNE3376-KR-XXL,kurta,JNE3376,XXL,8,3420.0,427.5,8,299,291,50,In Stock
JNE3376-KR-XXXL,kurta,JNE3376,3XL,8,3451.0,431.375,8,495,487,50,In Stock
JNE3383-KR-A-M,kurta,JNE3383,M,1,858.19,429.095,2,464,463,50,In Stock
JNE3383-KR-A-S,kurta,JNE3383,S,2,884.0,442.0,2,254,252,50,In Stock
JNE3383-KR-A-XL,kurta,JNE3383,XL,1,442.0,442.0,1,158,157,50,In Stock
JNE3383-KR-A-XS,kurta,JNE3383,XS,1,442.0,442.0,1,305,304,50,In Stock
JNE3383-KR-A-XXL,kurta,JNE3383,XXL,2,879.0,439.5,2,414,412,50,In Stock
JNE3383-KR-A-XXXL,kurta,JNE3383,3XL,2,847.0,423.5,2,262,260,50,In Stock
JNE3384-KR-L,kurta,JNE3384,L,13,4423.34,294.88933333333335,15,337,324,50,In Stock
JNE3384-KR-M,kurta,JNE3384,M,12,3546.0,295.5,12,414,402,50,In Stock
JNE3384-KR-S,kurta,JNE3384,S,8,2372.0,296.5,8,326,318,50,In Stock
JNE3384-KR-XL,kurta,JNE3384,XL,7,2083.0,297.57142857142856,7,482,475,50,In Stock
JNE3384-KR-XS,kurta,JNE3384,XS,7,2071.0,295.85714285714283,7,388,381,50,In Stock
JNE3384-KR-XXL,kurta,JNE3384,XXL,10,3230.95,293.72272727272724,11,147,137,50,In Stock
JNE3384-KR-XXXL,kurta,JNE3384,3XL,10,3526.9,293.90833333333336,12,176,166,50,In Stock
JNE3386-KR-XS,kurta,JNE3386,XS,2,627.0,313.5,2,330,328,50,In Stock
JNE3387-KR-M,kurta,JNE3387,M,1,526.0,526.0,1,286,285,50,In Stock
JNE3388-KR-L,kurta,JNE3388,L,1,301.0,301.0,1,298,297,50,In Stock
JNE3389-KR-A-L,kurta,JNE3389,L,2,1026.0,513.0,2,498,496,50,In Stock
JNE3389-KR-A-M,kurta,JNE3389,M,1,574.0,574.0,1,237,236,50,In Stock
JNE3389-KR-A-XS,kurta,JNE3389,XS,1,452.0,452.0,1,116,115,50,In Stock
JNE3389-KR-A-XXL,kurta,JNE3389,XXL,4,1930.0,482.5,4,426,422,50,In Stock
JNE3389-KR-A-XXXL,kurta,JNE3389,3XL,3,1722.0,574.0,3,182,179,50,In Stock
JNE3389-KR-S,kurta,JNE3389,S,1,882.48,441.24,2,257,256,50,In Stock
JNE3389-KR-XL,kurta,JNE3389,XL,1,452.0,452.0,1,365,364,50,In Stock
JNE3390-KR-S,kurta,JNE3390,S,1,305.0,305.0,1,229,228,50,In Stock
JNE3391-KR-L,kurta,JNE3391,L,1,448.0,448.0,1,269,268,50,In Stock
JNE3391-KR-M,kurta,JNE3391,M,7,3056.0,436.57142857142856,7,185,178,50,In Stock
JNE3391-KR-S,kurta,JNE3391,S,3,1296.0,432.0,3,186,183,50,In Stock
JNE3391-KR-XL,kurta,JNE3391,XL,2,864.0,432.0,2,290,288,50,In Stock
JNE3391-KR-XS,kurta,JNE3391,XS,3,1312.0,437.3333333333333,3,155,152,50,In Stock
JNE3391-KR-XXL,kurta,JNE3391,XXL,2,864.0,432.0,2,158,156,50,In Stock
JNE3391-KR-XXXL,kurta,JNE3391,3XL,3,1723.43,430.8575,4,144,141,50,In Stock
JNE3394-KR-A-M,kurta,JNE3394,M,1,808.29,404.145,2,236,235,50,In Stock
JNE3394-KR-A-S,kurta,JNE3394,S,4,1672.0,418.0,4,293,289,50,In Stock
JNE3394-KR-A-XL,kurta,JNE3394,XL,2,828.0,414.0,2,455,453,50,In Stock
JNE3394-KR-A-XS,kurta,JNE3394,XS,2,828.0,414.0,2,246,244,50,In Stock
JNE3394-KR-L,kurta,JNE3394,L,1,414.0,414.0,1,217,216,50,In Stock
JNE3394-KR-M,kurta,JNE3394,M,1,418.0,418.0,1,411,410,50,In Stock
JNE3394-KR-XXL,kurta,JNE3394,XXL,3,1242.0,414.0,3,337,334,50,In Stock
JNE3395-KR-L,kurta,JNE3395,L,1,323.0,323.0,1,349,348,50,In Stock
JNE3395-KR-M,kurta,JNE3395,M,1,333.0,333.0,1,302,301,50,In Stock
JNE3395-KR-S,kurta,JNE3395,S,3,1015.0,338.3333333333333,3,449,446,50,In Stock
JNE3395-KR-XL,kurta,JNE3395,XL,1,333.0,333.0,1,149,148,50,In Stock
JNE3395-KR-XXL,kurta,JNE3395,XXL,1,333.0,333.0,1,284,283,50,In Stock
JNE3395-KR-XXXL,kurta,JNE3395,3XL,2,666.0,333.0,2,274,272,50,In Stock
JNE3396-KR-L,kurta,JNE3396,L,13,6067.0,466.6923076923077,13,393,380,50,In Stock
JNE3396-KR-M,kurta,JNE3396,M,9,3943.0,438.1111111111111,9,431,422,50,In Stock
JNE3396-KR-S,kurta,JNE3396,S,4,1919.0,479.75,4,381,377,50,In Stock
JNE3396-KR-XL,kurta,JNE3396,XL,17,8537.81,474.32277777777773,18,433,416,50,In Stock
JNE3396-KR-XS,kurta,JNE3396,XS,5,2259.0,451.8,5,198,193,50,In Stock
JNE3396-KR-XXL,kurta,JNE3396,XXL,12,5522.0,460.1666666666667,12,280,268,50,In Stock
JNE3396-KR-XXXL,kurta,JNE3396,3XL,21,10240.01,445.2178260869565,23,457,436,50,In Stock
JNE3398-KR-S,kurta,JNE3398,S,5,2429.58,303.6975,8,165,160,50,In Stock
JNE3398-KR-XS,kurta,JNE3398,XS,3,885.0,295.0,3,330,327,50,In Stock
JNE3399-KR-L,kurta,JNE3399,L,152,65598.0,431.5657894736842,152,496,344,50,In Stock
JNE3399-KR-M,kurta,JNE3399,M,202,87902.0,437.32338308457713,201,252,50,50,Low Stock
JNE3399-KR-S,kurta,JNE3399,S,114,50511.67,443.0848245614035,114,275,161,50,In Stock
JNE3399-KR-XL,kurta,JNE3399,XL,136,59782.0,433.2028985507246,138,108,0,50,Low Stock
JNE3399-KR-XS,kurta,JNE3399,XS,54,24762.34,450.22436363636365,55,290,236,50,In Stock
JNE3399-KR-XXL,kurta,JNE3399,XXL,31,13970.42,423.34606060606063,33,323,292,50,In Stock
JNE3399-KR-XXXL,kurta,JNE3399,3XL,37,17362.34,445.18820512820514,39,450,413,50,In Stock
JNE3400-KR-L,kurta,JNE3400,L,6,2754.0,459.0,6,240,234,50,In Stock
JNE3400-KR-M,kurta,JNE3400,M,1,459.0,459.0,1,389,388,50,In Stock
JNE3400-KR-S,kurta,JNE3400,S,2,918.0,459.0,2,457,455,50,In Stock
JNE3400-KR-XL,kurta,JNE3400,XL,6,3185.14,455.02,7,425,419,50,In Stock
JNE3400-KR-XS,kurta,JNE3400,XS,4,1836.0,459.0,4,360,356,50,In Stock
JNE3400-KR-XXL,kurta,JNE3400,XXL,4,1824.0,456.0,4,185,181,50,In Stock
JNE3400-KR-XXXL,kurta,JNE3400,3XL,4,1836.0,459.0,4,376,372,50,In Stock
JNE3401-KR-L,kurta,JNE3401,L,9,2331.0,291.375,8,122,113,50,In Stock
JNE3401-KR-M,kurta,JNE3401,M,10,2716.0,271.6,10,291,281,50,In Stock
JNE3401-KR-S,kurta,JNE3401,S,5,1337.0,267.4,5,300,295,50,In Stock
JNE3401-KR-XL,kurta,JNE3401,XL,4,1036.0,259.0,4,212,208,50,In Stock
JNE3401-KR-XS,kurta,JNE3401,XS,5,1337.0,267.4,5,379,374,50,In Stock
JNE3401-KR-XXL,kurta,JNE3401,XXL,10,2839.0,315.44444444444446,9,114,104,50,In Stock
JNE3402-KR-L,kurta,JNE3402,L,1,574.0,574.0,1,227,226,50,In Stock
JNE3403-KR-L,kurta,JNE3403,L,6,2562.0,427.0,6,411,405,50,In Stock
JNE3403-KR-M,kurta,JNE3403,M,2,828.0,414.0,2,178,176,50,In Stock
JNE3403-KR-S,kurta,JNE3403,S,2,1166.0,388.6666666666667,3,482,480,50,In Stock
JNE3403-KR-XS,kurta,JNE3403,XS,6,2454.0,409.0,6,362,356,50,In Stock
JNE3404-KR-L,kurta,JNE3404,L,5,2429.0,485.8,5,251,246,50,In Stock
JNE3404-KR-M,kurta,JNE3404,M,10,5446.38,495.12545454545455,11,185,175,50,In Stock
JNE3404-KR-S,kurta,JNE3404,S,3,1983.38,495.845,4,333,330,50,In Stock
JNE3404-KR-XL,kurta,JNE3404,XL,9,4443.8099999999995,444.381,10,226,217,50,In Stock
JNE3404-KR-XS,kurta,JNE3404,XS,2,974.0,487.0,2,453,451,50,In Stock
JNE3404-KR-XXL,kurta,JNE3404,XXL,9,4473.0,497.0,9,384,375,50,In Stock
JNE3404-KR-XXXL,kurta,JNE3404,3XL,1,487.0,487.0,1,305,304,50,In Stock
JNE3405-KR-L,kurta,JNE3405,L,421,170912.0,401.2018779342723,426,207,0,50,Low Stock
JNE3405-KR-M,kurta,JNE3405,M,311,133121.29,393.8499704142012,338,111,0,50,Low Stock
JNE3405-KR-S,kurta,JNE3405,S,357,149692.58,408.9961202185792,366,380,23,50,Low Stock
JNE3405-KR-XL,kurta,JNE3405,XL,150,60337.62,394.3635294117647,153,262,112,50,In Stock
JNE3405-KR-XS,kurta,JNE3405,XS,210,83921.0,403.46634615384613,208,409,199,50,In Stock
JNE3405-KR-XXL,kurta,JNE3405,XXL,152,60227.29,391.0862987012987,154,287,135,50,In Stock
JNE3405-KR-XXXL,kurta,JNE3405,3XL,219,87885.0,401.3013698630137,219,337,118,50,In Stock
JNE3407-KR-L,kurta,JNE3407,L,16,4864.28,270.23777777777775,18,454,438,50,In Stock
JNE3407-KR-M,kurta,JNE3407,M,5,1296.0,259.2,5,203,198,50,In Stock
JNE3407-KR-S,kurta,JNE3407,S,4,1621.3400000000001,270.22333333333336,6,183,179,50,In Stock
JNE3407-KR-XL,kurta,JNE3407,XL,4,1100.0,275.0,4,402,398,50,In Stock
JNE3407-KR-XS,kurta,JNE3407,XS,5,1244.0,248.8,5,222,217,50,In Stock
JNE3407-KR-XXL,kurta,JNE3407,XXL,4,1756.52,250.93142857142857,7,146,142,50,In Stock
JNE3408-KR-L,kurta,JNE3408,L,6,3436.86,429.6075,8,256,250,50,In Stock
JNE3408-KR-M,kurta,JNE3408,M,1,843.4300000000001,421.71500000000003,2,255,254,50,In Stock
JNE3408-KR-S,kurta,JNE3408,S,2,432.0,216.0,2,363,361,50,In Stock
JNE3408-KR-XL,kurta,JNE3408,XL,3,1296.0,432.0,3,321,318,50,In Stock
JNE3408-KR-XS,kurta,JNE3408,XS,5,2268.0,453.6,5,275,270,50,In Stock
JNE3408-KR-XXL,kurta,JNE3408,XXL,6,2582.0,430.3333333333333,6,355,349,50,In Stock
JNE3408-KR-XXXL,kurta,JNE3408,3XL,2,1275.43,425.1433333333334,3,242,240,50,In Stock
JNE3409-KR-S,kurta,JNE3409,S,2,552.0,276.0,2,329,327,50,In Stock
JNE3412-KR-L,kurta,JNE3412,L,9,3767.0,418.55555555555554,9,239,230,50,In Stock
JNE3412-KR-M,kurta,JNE3412,M,21,8491.0,404.3333333333333,21,261,240,50,In Stock
JNE3412-KR-S,kurta,JNE3412,S,9,3398.0,377.55555555555554,9,122,113,50,In Stock
JNE3412-KR-XL,kurta,JNE3412,XL,11,4608.0,418.90909090909093,11,497,486,50,In Stock
JNE3412-KR-XS,kurta,JNE3412,XS,7,2918.0,416.85714285714283,7,123,116,50,In Stock
JNE3412-KR-XXL,kurta,JNE3412,XXL,14,6712.95,419.559375,16,142,128,50,In Stock
JNE3412-KR-XXXL,kurta,JNE3412,3XL,11,4695.0,426.8181818181818,11,367,356,50,In Stock
JNE3413-KR-L,kurta,JNE3413,L,1,526.0,526.0,1,314,313,50,In Stock
JNE3413-KR-S,kurta,JNE3413,S,1,526.0,526.0,1,218,217,50,In Stock
JNE3413-KR-XL,kurta,JNE3413,XL,2,1052.0,526.0,2,166,164,50,In Stock
JNE3413-KR-XXXL,kurta,JNE3413,3XL,1,997.6700000000001,498.83500000000004,2,361,360,50,In Stock
JNE3415-KR-M,kurta,JNE3415,M,1,297.0,297.0,1,382,381,50,In Stock
JNE3415-KR-S,kurta,JNE3415,S,1,301.0,301.0,1,186,185,50,In Stock
JNE3415-KR-XL,kurta,JNE3415,XL,2,596.0,298.0,2,413,411,50,In Stock
JNE3415-KR-XS,kurta,JNE3415,XS,1,299.0,299.0,1,232,231,50,In Stock
JNE3415-KR-XXXL,kurta,JNE3415,3XL,3,1185.67,296.4175,4,231,228,50,In Stock
JNE3416-KR-M,kurta,JNE3416,M,2,602.0,301.0,2,176,174,50,In Stock
JNE3416-KR-S,kurta,JNE3416,S,1,301.0,301.0,1,267,266,50,In Stock
JNE3416-KR-XS,kurta,JNE3416,XS,1,301.0,301.0,1,126,125,50,In Stock
JNE3416-KR-XXL,kurta,JNE3416,XXL,2,658.0,329.0,2,265,263,50,In Stock
JNE3420-KR-L,kurta,JNE3420,L,4,1196.0,299.0,4,430,426,50,In Stock
JNE3420-KR-S,kurta,JNE3420,S,7,2090.0,298.57142857142856,7,238,231,50,In Stock
JNE3420-KR-XXL,kurta,JNE3420,XXL,3,1181.76,295.44,4,207,204,50,In Stock
JNE3421-KR-L,kurta,JNE3421,L,8,3719.62,413.2911111111111,9,222,214,50,In Stock
JNE3421-KR-M,kurta,JNE3421,M,5,1945.0,389.0,5,499,494,50,In Stock
JNE3421-KR-N-L,kurta,JNE3421,L,13,5437.0,418.2307692307692,13,342,329,50,In Stock
JNE3421-KR-N-M,kurta,JNE3421,M,8,3242.0,405.25,8,403,395,50,In Stock
JNE3421-KR-N-S,kurta,JNE3421,S,5,2475.0,412.5,6,359,354,50,In Stock
JNE3421-KR-N-XL,kurta,JNE3421,XL,6,2494.0,415.6666666666667,6,138,132,50,In Stock
JNE3421-KR-N-XXL,kurta,JNE3421,XXL,17,7244.0,402.44444444444446,18,332,315,50,In Stock
JNE3421-KR-S,kurta,JNE3421,S,1,399.0,399.0,1,449,448,50,In Stock
JNE3421-KR-XL,kurta,JNE3421,XL,4,1746.0,436.5,4,250,246,50,In Stock
JNE3421-KR-XXL,kurta,JNE3421,XXL,7,2893.0,413.2857142857143,7,332,325,50,In Stock
JNE3422-KR-L,kurta,JNE3422,L,3,1444.9,288.98,5,198,195,50,In Stock
JNE3422-KR-M,kurta,JNE3422,M,1,575.95,287.975,2,156,155,50,In Stock
JNE3422-KR-S,kurta,JNE3422,S,6,1770.0,295.0,6,172,166,50,In Stock
JNE3422-KR-XL,kurta,JNE3422,XL,10,3543.9,295.325,12,358,348,50,In Stock
JNE3422-KR-XXL,kurta,JNE3422,XXL,19,5951.95,297.59749999999997,20,492,473,50,In Stock
JNE3423-KR-L,kurta,JNE3423,L,52,20606.0,388.79245283018867,53,452,400,50,In Stock
JNE3423-KR-M,kurta,JNE3423,M,42,17593.9,382.4760869565218,46,254,212,50,In Stock
JNE3423-KR-S,kurta,JNE3423,S,24,10720.95,397.07222222222225,27,253,229,50,In Stock
JNE3423-KR-XL,kurta,JNE3423,XL,36,18308.0,398.0,46,341,305,50,In Stock
JNE3423-KR-XXL,kurta,JNE3423,XXL,25,10812.95,386.17678571428576,28,128,103,50,In Stock
JNE3424-KR-M,kurta,JNE3424,M,1,301.0,301.0,1,487,486,50,In Stock
JNE3425-KR-L,kurta,JNE3425,L,4,1344.0,336.0,4,459,455,50,In Stock
JNE3425-KR-M,kurta,JNE3425,M,3,987.0,329.0,3,410,407,50,In Stock
JNE3425-KR-S,kurta,JNE3425,S,1,329.0,329.0,1,493,492,50,In Stock
JNE3425-KR-XL,kurta,JNE3425,XL,2,685.0,342.5,2,383,381,50,In Stock
JNE3425-KR-XXL,kurta,JNE3425,XXL,1,329.0,329.0,1,471,470,50,In Stock
JNE3425-KR-XXXL,kurta,JNE3425,3XL,2,658.0,329.0,2,177,175,50,In Stock
JNE3426-KR-S,kurta,JNE3426,S,1,360.0,360.0,1,116,115,50,In Stock
JNE3426-KR-XS,kurta,JNE3426,XS,1,329.0,329.0,1,490,489,50,In Stock
JNE3427-KR-L,kurta,JNE3427,L,5,1295.0,259.0,5,450,445,50,In Stock
JNE3427-KR-M,kurta,JNE3427,M,2,518.0,259.0,2,133,131,50,In Stock
JNE3427-KR-S,kurta,JNE3427,S,4,1036.0,259.0,4,280,276,50,In Stock
JNE3427-KR-XL,kurta,JNE3427,XL,4,1036.0,259.0,4,196,192,50,In Stock
JNE3427-KR-XXL,kurta,JNE3427,XXL,2,518.0,259.0,2,293,291,50,In Stock
JNE3428-KR-M,kurta,JNE3428,M,1,486.14,243.07,2,166,165,50,In Stock
JNE3428-KR-S,kurta,JNE3428,S,3,747.0,249.0,3,351,348,50,In Stock
JNE3428-KR-XL,kurta,JNE3428,XL,3,819.0,273.0,3,320,317,50,In Stock
JNE3428-KR-XS,kurta,JNE3428,XS,2,498.0,249.0,2,263,261,50,In Stock
JNE3429-KR-L,kurta,JNE3429,L,3,897.0,299.0,3,404,401,50,In Stock
JNE3429-KR-M,kurta,JNE3429,M,10,3312.76,301.16,11,458,448,50,In Stock
JNE3429-KR-S,kurta,JNE3429,S,7,2131.0,304.42857142857144,7,110,103,50,In Stock
JNE3429-KR-XL,kurta,JNE3429,XL,9,2778.0,308.6666666666667,9,464,455,50,In Stock
JNE3429-KR-XS,kurta,JNE3429,XS,1,299.0,299.0,1,315,314,50,In Stock
JNE3429-KR-XXL,kurta,JNE3429,XXL,2,598.0,299.0,2,342,340,50,In Stock
JNE3430-KR-XS,kurta,JNE3430,XS,1,333.0,333.0,1,253,252,50,In Stock
JNE3430-KR-XXL,kurta,JNE3430,XXL,2,698.0,349.0,2,355,353,50,In Stock
JNE3431-KR-L,kurta,JNE3431,L,4,1396.0,349.0,4,380,376,50,In Stock
JNE3431-KR-M,kurta,JNE3431,M,5,1671.0,334.2,5,354,349,50,In Stock
JNE3431-KR-S,kurta,JNE3431,S,3,1047.0,349.0,3,132,129,50,In Stock
JNE3431-KR-XL,kurta,JNE3431,XL,8,3019.14,335.46,9,273,265,50,In Stock
JNE3431-KR-XS,kurta,JNE3431,XS,4,1380.0,345.0,4,448,444,50,In Stock
JNE3431-KR-XXL,kurta,JNE3431,XXL,12,4108.0,342.3333333333333,12,499,487,50,In Stock
JNE3431-KR-XXXL,kurta,JNE3431,3XL,2,698.0,349.0,2,304,302,50,In Stock
JNE3432-KR-L,kurta,JNE3432,L,1,432.0,432.0,1,395,394,50,In Stock
JNE3432-KR-XL,kurta,JNE3432,XL,2,864.0,432.0,2,490,488,50,In Stock
JNE3432-KR-XXL,kurta,JNE3432,XXL,1,432.0,432.0,1,116,115,50,In Stock
JNE3432-KR-XXXL,kurta,JNE3432,3XL,2,864.0,432.0,2,241,239,50,In Stock
JNE3434-KR-L,kurta,JNE3434,L,1,319.0,319.0,1,227,226,50,In Stock
JNE3434-KR-M,kurta,JNE3434,M,8,2642.0,330.25,8,424,416,50,In Stock
JNE3434-KR-S,kurta,JNE3434,S,1,319.0,319.0,1,393,392,50,In Stock
JNE3434-KR-XS,kurta,JNE3434,XS,3,957.0,319.0,3,399,396,50,In Stock
JNE3434-KR-XXL,kurta,JNE3434,XXL,1,319.0,319.0,1,152,151,50,In Stock
JNE3434-KR-XXXL,kurta,JNE3434,3XL,1,337.0,337.0,1,191,190,50,In Stock
JNE3435-KR-L,kurta,JNE3435,L,2,974.0,487.0,2,309,307,50,In Stock
JNE3435-KR-M,kurta,JNE3435,M,2,974.0,487.0,2,122,120,50,In Stock
JNE3435-KR-S,kurta,JNE3435,S,3,1461.0,487.0,3,277,274,50,In Stock
JNE3435-KR-XL,kurta,JNE3435,XL,1,487.0,487.0,1,236,235,50,In Stock
JNE3435-KR-XS,kurta,JNE3435,XS,2,974.0,487.0,2,291,289,50,In Stock
JNE3435-KR-XXL,kurta,JNE3435,XXL,4,1948.0,487.0,4,396,392,50,In Stock
JNE3435-KR-XXXL,kurta,JNE3435,3XL,2,974.0,487.0,2,142,140,50,In Stock
JNE3436-KR-S,kurta,JNE3436,S,3,897.0,299.0,3,323,320,50,In Stock
JNE3436-KR-XL,kurta,JNE3436,XL,4,1234.0,308.5,4,199,195,50,In Stock
JNE3436-KR-XS,kurta,JNE3436,XS,1,299.0,299.0,1,492,491,50,In Stock
JNE3437-KR-L,kurta,JNE3437,L,25,12777.0,511.08,25,448,423,50,In Stock
JNE3437-KR-M,kurta,JNE3437,M,32,16446.0,530.516129032258,31,415,383,50,In Stock
JNE3437-KR-S,kurta,JNE3437,S,21,10857.0,571.421052631579,19,121,100,50,In Stock
JNE3437-KR-XL,kurta,JNE3437,XL,21,10252.0,488.1904761904762,21,117,96,50,In Stock
JNE3437-KR-XS,kurta,JNE3437,XS,15,7737.0,552.6428571428571,14,494,479,50,In Stock
JNE3437-KR-XXL,kurta,JNE3437,XXL,26,13212.0,508.15384615384613,26,341,315,50,In Stock
JNE3437-KR-XXXL,kurta,JNE3437,3XL,20,9722.0,486.1,20,124,104,50,In Stock
JNE3438-KR-L,kurta,JNE3438,L,2,918.0,459.0,2,490,488,50,In Stock
JNE3438-KR-S,kurta,JNE3438,S,3,1377.0,459.0,3,165,162,50,In Stock
JNE3438-KR-XL,kurta,JNE3438,XL,6,3191.14,455.8771428571428,7,269,263,50,In Stock
JNE3438-KR-XS,kurta,JNE3438,XS,1,453.0,453.0,1,409,408,50,In Stock
JNE3438-KR-XXL,kurta,JNE3438,XXL,3,2251.2799999999997,450.256,5,153,150,50,In Stock
JNE3438-KR-XXXL,kurta,JNE3438,3XL,4,1830.0,457.5,4,413,409,50,In Stock
JNE3439-KR-L,kurta,JNE3439,L,12,5738.0,409.85714285714283,14,431,419,50,In Stock
JNE3439-KR-M,kurta,JNE3439,M,25,10505.0,404.03846153846155,26,433,408,50,In Stock
JNE3439-KR-S,kurta,JNE3439,S,14,4928.0,352.0,14,305,291,50,In Stock
JNE3439-KR-XL,kurta,JNE3439,XL,27,12253.0,395.258064516129,31,302,275,50,In Stock
JNE3439-KR-XXL,kurta,JNE3439,XXL,27,11054.0,381.17241379310343,29,384,357,50,In Stock
JNE3439-KR-XXXL,kurta,JNE3439,3XL,8,3623.0,362.3,10,463,455,50,In Stock
JNE3440-KR-N-L,kurta,JNE3440,L,146,57489.0,391.0816326530612,147,168,22,50,Low Stock
JNE3440-KR-N-M,kurta,JNE3440,M,157,66511.0,403.0969696969697,165,458,301,50,In Stock
JNE3440-KR-N-S,kurta,JNE3440,S,58,22660.0,397.5438596491228,57,172,114,50,In Stock
JNE3440-KR-N-XL,kurta,JNE3440,XL,41,20096.0,386.46153846153845,52,335,294,50,In Stock
JNE3440-KR-N-XS,kurta,JNE3440,XS,81,33900.0,408.43373493975906,83,180,99,50,In Stock
JNE3440-KR-N-XXL,kurta,JNE3440,XXL,86,35592.0,395.46666666666664,90,392,306,50,In Stock
JNE3440-KR-N-XXXL,kurta,JNE3440,3XL,114,47588.71,393.2951239669421,121,128,14,50,Low Stock
JNE3440-KR-XL,kurta,JNE3440,XL,52,19708.0,379.0,52,104,52,50,In Stock
JNE3441-KR-L,kurta,JNE3441,L,1,487.0,487.0,1,398,397,50,In Stock
JNE3441-KR-S,kurta,JNE3441,S,1,487.0,487.0,1,349,348,50,In Stock
JNE3442-KR-XXL,kurta,JNE3442,XXL,1,365.0,365.0,1,131,130,50,In Stock
JNE3443-KR-L,kurta,JNE3443,L,4,1942.0,485.5,4,331,327,50,In Stock
JNE3443-KR-M,kurta,JNE3443,M,1,517.0,517.0,1,118,117,50,In Stock
JNE3443-KR-S,kurta,JNE3443,S,2,974.0,487.0,2,212,210,50,In Stock
JNE3443-KR-XL,kurta,JNE3443,XL,4,2399.81,479.962,5,120,116,50,In Stock
JNE3443-KR-XS,kurta,JNE3443,XS,2,1004.0,502.0,2,299,297,50,In Stock
JNE3443-KR-XXL,kurta,JNE3443,XXL,2,487.0,243.5,2,416,414,50,In Stock
JNE3443-KR-XXXL,kurta,JNE3443,3XL,3,1461.0,487.0,3,253,250,50,In Stock
JNE3445-KR-L,kurta,JNE3445,L,4,2261.14,452.22799999999995,5,344,340,50,In Stock
JNE3445-KR-M,kurta,JNE3445,M,5,2271.0,454.2,5,228,223,50,In Stock
JNE3445-KR-S,kurta,JNE3445,S,3,1377.0,459.0,3,336,333,50,In Stock
JNE3445-KR-XL,kurta,JNE3445,XL,2,918.0,459.0,2,400,398,50,In Stock
JNE3445-KR-XS,kurta,JNE3445,XS,1,459.0,459.0,1,394,393,50,In Stock
JNE3445-KR-XXL,kurta,JNE3445,XXL,8,4097.57,409.75699999999995,10,411,403,50,In Stock
JNE3445-KR-XXXL,kurta,JNE3445,3XL,4,1948.0,487.0,4,393,389,50,In Stock
JNE3446-KR-M,kurta,JNE3446,M,1,318.0,318.0,1,218,217,50,In Stock
JNE3446-KR-S,kurta,JNE3446,S,21,6677.76,303.5345454545455,22,304,283,50,In Stock
JNE3446-KR-XL,kurta,JNE3446,XL,3,916.0,305.3333333333333,3,388,385,50,In Stock
JNE3446-KR-XS,kurta,JNE3446,XS,5,1495.0,299.0,5,410,405,50,In Stock
JNE3446-KR-XXL,kurta,JNE3446,XXL,2,919.86,306.62,3,434,432,50,In Stock
JNE3446-KR-XXXL,kurta,JNE3446,3XL,1,299.0,299.0,1,279,278,50,In Stock
JNE3447-KR-L,kurta,JNE3447,L,5,1469.0,293.8,5,257,252,50,In Stock
JNE3447-KR-M,kurta,JNE3447,M,1,293.0,293.0,1,204,203,50,In Stock
JNE3447-KR-S,kurta,JNE3447,S,3,885.0,295.0,3,106,103,50,In Stock
JNE3447-KR-XS,kurta,JNE3447,XS,2,590.0,295.0,2,498,496,50,In Stock
JNE3449-KR-L,kurta,JNE3449,L,8,2519.0,314.875,8,466,458,50,In Stock
JNE3449-KR-M,kurta,JNE3449,M,3,593.0,197.66666666666666,3,442,439,50,In Stock
JNE3449-KR-S,kurta,JNE3449,S,20,7161.58,311.37304347826085,23,495,475,50,In Stock
JNE3449-KR-XL,kurta,JNE3449,XL,15,5896.1,310.321052631579,19,420,405,50,In Stock
JNE3449-KR-XS,kurta,JNE3449,XS,1,892.34,297.44666666666666,3,146,145,50,In Stock
JNE3449-KR-XXL,kurta,JNE3449,XXL,11,3449.0,313.54545454545456,11,102,91,50,In Stock
JNE3449-KR-XXXL,kurta,JNE3449,3XL,5,1541.0,308.2,5,499,494,50,In Stock
JNE3451-KR-L,kurta,JNE3451,L,3,1122.0,374.0,3,125,122,50,In Stock
JNE3451-KR-M,kurta,JNE3451,M,2,742.0,371.0,2,207,205,50,In Stock
JNE3451-KR-S,kurta,JNE3451,S,1,380.0,380.0,1,248,247,50,In Stock
JNE3451-KR-XL,kurta,JNE3451,XL,5,2243.9,373.98333333333335,6,414,409,50,In Stock
JNE3451-KR-XS,kurta,JNE3451,XS,3,1075.0,358.3333333333333,3,195,192,50,In Stock
JNE3451-KR-XXL,kurta,JNE3451,XXL,6,2215.0,369.1666666666667,6,217,211,50,In Stock
JNE3451-KR-XXXL,kurta,JNE3451,3XL,1,380.0,380.0,1,235,234,50,In Stock
JNE3452-KR-L,kurta,JNE3452,L,7,2333.67,291.70875,8,392,385,50,In Stock
JNE3452-KR-M,kurta,JNE3452,M,4,1755.3400000000001,292.5566666666667,6,467,463,50,In Stock
JNE3452-KR-S,kurta,JNE3452,S,3,891.0,297.0,3,332,329,50,In Stock
JNE3452-KR-XL,kurta,JNE3452,XL,4,1182.0,295.5,4,321,317,50,In Stock
JNE3452-KR-XS,kurta,JNE3452,XS,7,2037.0,291.0,7,324,317,50,In Stock
JNE3452-KR-XXL,kurta,JNE3452,XXL,3,893.0,297.6666666666667,3,251,248,50,In Stock
JNE3452-KR-XXXL,kurta,JNE3452,3XL,4,1184.0,296.0,4,121,117,50,In Stock
JNE3453-KR-L,kurta,JNE3453,L,1,497.0,497.0,1,483,482,50,In Stock
JNE3453-KR-M,kurta,JNE3453,M,1,497.0,497.0,1,284,283,50,In Stock
JNE3453-KR-S,kurta,JNE3453,S,4,2461.33,492.26599999999996,5,120,116,50,In Stock
JNE3453-KR-XL,kurta,JNE3453,XL,1,497.0,497.0,1,225,224,50,In Stock
JNE3454-KR-L,kurta,JNE3454,L,4,1676.0,419.0,4,428,424,50,In Stock
JNE3454-KR-M,kurta,JNE3454,M,3,1301.0,433.6666666666667,3,262,259,50,In Stock
JNE3454-KR-S,kurta,JNE3454,S,2,1237.05,412.34999999999997,3,466,464,50,In Stock
JNE3454-KR-XL,kurta,JNE3454,XL,8,3352.0,419.0,8,355,347,50,In Stock
JNE3454-KR-XS,kurta,JNE3454,XS,2,838.0,419.0,2,482,480,50,In Stock
JNE3454-KR-XXL,kurta,JNE3454,XXL,10,4300.0,430.0,10,219,209,50,In Stock
JNE3454-KR-XXXL,kurta,JNE3454,3XL,9,3861.0,429.0,9,338,329,50,In Stock
JNE3455-KR-M,kurta,JNE3455,M,2,1062.0,531.0,2,261,259,50,In Stock
JNE3455-KR-XXXL,kurta,JNE3455,3XL,1,531.0,531.0,1,143,142,50,In Stock
JNE3456-KR-M,kurta,JNE3456,M,1,301.0,301.0,1,368,367,50,In Stock
JNE3456-KR-S,kurta,JNE3456,S,6,1806.0,301.0,6,453,447,50,In Stock
JNE3456-KR-XL,kurta,JNE3456,XL,2,602.0,301.0,2,199,197,50,In Stock
JNE3456-KR-XS,kurta,JNE3456,XS,6,1806.0,301.0,6,311,305,50,In Stock
JNE3457-KR-L,kurta,JNE3457,L,4,1804.0,360.8,5,229,225,50,In Stock
JNE3457-KR-M,kurta,JNE3457,M,10,3408.0,340.8,10,314,304,50,In Stock
JNE3457-KR-S,kurta,JNE3457,S,2,732.0,366.0,2,356,354,50,In Stock
JNE3457-KR-XL,kurta,JNE3457,XL,5,2279.2799999999997,325.6114285714285,7,180,175,50,In Stock
JNE3457-KR-XXL,kurta,JNE3457,XXL,7,2529.0,361.2857142857143,7,412,405,50,In Stock
JNE3457-KR-XXXL,kurta,JNE3457,3XL,1,313.0,313.0,1,286,285,50,In Stock
JNE3458-KR-L,kurta,JNE3458,L,18,6921.0,384.5,18,279,261,50,In Stock
JNE3458-KR-M,kurta,JNE3458,M,10,3857.0,385.7,10,485,475,50,In Stock
JNE3458-KR-S,kurta,JNE3458,S,4,1520.0,380.0,4,345,341,50,In Stock
JNE3458-KR-XL,kurta,JNE3458,XL,9,4513.7,376.14166666666665,12,249,240,50,In Stock
JNE3458-KR-XS,kurta,JNE3458,XS,2,779.0,389.5,2,181,179,50,In Stock
JNE3458-KR-XXL,kurta,JNE3458,XXL,6,2280.0,380.0,6,261,255,50,In Stock
JNE3458-KR-XXXL,kurta,JNE3458,3XL,13,6074.8,404.9866666666667,15,115,102,50,In Stock
JNE3459-KR-L,kurta,JNE3459,L,5,2136.0,427.2,5,467,462,50,In Stock
JNE3459-KR-M,kurta,JNE3459,M,5,1768.0,353.6,5,394,389,50,In Stock
JNE3459-KR-S,kurta,JNE3459,S,4,1731.0,432.75,4,500,496,50,In Stock
JNE3459-KR-XL,kurta,JNE3459,XL,6,2504.0,417.3333333333333,6,442,436,50,In Stock
JNE3459-KR-XS,kurta,JNE3459,XS,4,1768.0,442.0,4,196,192,50,In Stock
JNE3459-KR-XXL,kurta,JNE3459,XXL,2,884.0,442.0,2,434,432,50,In Stock
JNE3459-KR-XXXL,kurta,JNE3459,3XL,5,2099.0,419.8,5,102,97,50,In Stock
JNE3460-KR-M,kurta,JNE3460,M,1,480.0,480.0,1,226,225,50,In Stock
JNE3460-KR-XL,kurta,JNE3460,XL,1,937.14,468.57,2,101,100,50,In Stock
JNE3461-KR-L,kurta,JNE3461,L,60,24091.03,370.63123076923074,65,476,416,50,In Stock
JNE3461-KR-M,kurta,JNE3461,M,41,15305.71,364.4216666666666,42,180,139,50,In Stock
JNE3461-KR-S,kurta,JNE3461,S,9,3795.57,379.557,10,240,231,50,In Stock
JNE3461-KR-XL,kurta,JNE3461,XL,47,18355.71,374.60632653061225,49,323,276,50,In Stock
JNE3461-KR-XS,kurta,JNE3461,XS,15,5658.0,353.625,16,493,478,50,In Stock
JNE3461-KR-XXL,kurta,JNE3461,XXL,21,9143.37,365.7348,25,412,391,50,In Stock
JNE3461-KR-XXXL,kurta,JNE3461,3XL,37,14296.71,376.22921052631574,38,493,456,50,In Stock
JNE3463-KR-L,kurta,JNE3463,L,34,17995.0,529.2647058823529,34,204,170,50,In Stock
JNE3463-KR-M,kurta,JNE3463,M,39,20491.0,525.4102564102565,39,411,372,50,In Stock
JNE3463-KR-S,kurta,JNE3463,S,23,12974.57,540.6070833333333,24,245,222,50,In Stock
JNE3463-KR-XL,kurta,JNE3463,XL,32,17479.0,563.8387096774194,31,182,150,50,In Stock
JNE3463-KR-XS,kurta,JNE3463,XS,6,3394.0,565.6666666666666,6,479,473,50,In Stock
JNE3463-KR-XXL,kurta,JNE3463,XXL,38,20786.0,561.7837837837837,37,491,453,50,In Stock
JNE3463-KR-XXXL,kurta,JNE3463,3XL,38,21529.0,566.5526315789474,38,382,344,50,In Stock
JNE3464-KR-L,kurta,JNE3464,L,1,719.0,719.0,1,182,181,50,In Stock
JNE3465-KR-L,kurta,JNE3465,L,45,22043.0,489.84444444444443,45,218,173,50,In Stock
JNE3465-KR-M,kurta,JNE3465,M,65,30723.0,487.6666666666667,63,483,418,50,In Stock
JNE3465-KR-S,kurta,JNE3465,S,45,23201.0,552.4047619047619,42,496,451,50,In Stock
JNE3465-KR-XL,kurta,JNE3465,XL,58,30174.1,529.3701754385964,57,249,191,50,In Stock
JNE3465-KR-XS,kurta,JNE3465,XS,29,14807.86,510.61586206896555,29,161,132,50,In Stock
JNE3465-KR-XXL,kurta,JNE3465,XXL,82,40164.0,495.85185185185185,81,478,396,50,In Stock
JNE3465-KR-XXXL,kurta,JNE3465,3XL,65,33566.38,508.58151515151513,66,487,422,50,In Stock
JNE3466-KR-L,kurta,JNE3466,L,8,6131.29,681.2544444444444,9,387,379,50,In Stock
JNE3466-KR-M,kurta,JNE3466,M,9,7673.29,767.329,10,229,220,50,In Stock
JNE3466-KR-S,kurta,JNE3466,S,3,2303.0,767.6666666666666,3,259,256,50,In Stock
JNE3466-KR-XL,kurta,JNE3466,XL,12,9986.29,768.176153846154,13,333,321,50,In Stock
JNE3466-KR-XS,kurta,JNE3466,XS,2,1542.0,771.0,2,238,236,50,In Stock
JNE3466-KR-XXL,kurta,JNE3466,XXL,7,4626.0,660.8571428571429,7,324,317,50,In Stock
JNE3466-KR-XXXL,kurta,JNE3466,3XL,3,3771.5699999999997,754.314,5,133,130,50,In Stock
JNE3467-KR-M,kurta,JNE3467,M,3,1035.57,258.8925,4,202,199,50,In Stock
JNE3467-KR-S,kurta,JNE3467,S,1,345.0,345.0,1,374,373,50,In Stock
JNE3467-KR-XL,kurta,JNE3467,XL,3,1397.57,349.3925,4,132,129,50,In Stock
JNE3467-KR-XS,kurta,JNE3467,XS,2,707.0,353.5,2,176,174,50,In Stock
JNE3467-KR-XXL,kurta,JNE3467,XXL,1,673.5699999999999,336.78499999999997,2,138,137,50,In Stock
JNE3467-KR-XXXL,kurta,JNE3467,3XL,3,1052.0,350.6666666666667,3,175,172,50,In Stock
JNE3468-KR-L,kurta,JNE3468,L,95,35305.43,356.6205050505051,99,438,343,50,In Stock
JNE3468-KR-M,kurta,JNE3468,M,66,26444.82,372.46225352112674,71,135,69,50,In Stock
JNE3468-KR-S,kurta,JNE3468,S,53,19352.43,351.8623636363636,55,135,82,50,In Stock
JNE3468-KR-XL,kurta,JNE3468,XL,96,36092.0,368.2857142857143,98,414,318,50,In Stock
JNE3468-KR-XS,kurta,JNE3468,XS,36,14278.42,375.7478947368421,38,205,169,50,In Stock
JNE3468-KR-XXL,kurta,JNE3468,XXL,69,26140.72,358.09205479452055,73,483,414,50,In Stock
JNE3468-KR-XXXL,kurta,JNE3468,3XL,59,23948.04,368.4313846153846,65,342,283,50,In Stock
JNE3470-KR-L,kurta,JNE3470,L,3,630.0,210.0,3,492,489,50,In Stock
JNE3470-KR-M,kurta,JNE3470,M,3,959.0,319.6666666666667,3,124,121,50,In Stock
JNE3470-KR-S,kurta,JNE3470,S,2,630.0,315.0,2,106,104,50,In Stock
JNE3470-KR-XL,kurta,JNE3470,XL,3,1131.0,377.0,3,126,123,50,In Stock
JNE3470-KR-XS,kurta,JNE3470,XS,7,2182.0,311.7142857142857,7,157,150,50,In Stock
JNE3470-KR-XXL,kurta,JNE3470,XXL,8,2539.0,317.375,8,172,164,50,In Stock
JNE3470-KR-XXXL,kurta,JNE3470,3XL,4,1564.33,312.866,5,163,159,50,In Stock
JNE3471-KR-L,kurta,JNE3471,L,5,1778.95,296.4916666666667,6,121,116,50,In Stock
JNE3471-KR-M,kurta,JNE3471,M,1,295.0,295.0,1,167,166,50,In Stock
JNE3471-KR-S,kurta,JNE3471,S,5,1475.0,295.0,5,445,440,50,In Stock
JNE3471-KR-XL,kurta,JNE3471,XL,6,1839.0,306.5,6,371,365,50,In Stock
JNE3471-KR-XS,kurta,JNE3471,XS,3,885.0,295.0,3,106,103,50,In Stock
JNE3471-KR-XXL,kurta,JNE3471,XXL,2,590.0,295.0,2,300,298,50,In Stock
JNE3471-KR-XXXL,kurta,JNE3471,3XL,3,885.0,295.0,3,256,253,50,In Stock
JNE3472-KR-S,kurta,JNE3472,S,2,951.81,317.27,3,177,175,50,In Stock
JNE3472-KR-XS,kurta,JNE3472,XS,4,1286.0,321.5,4,473,469,50,In Stock
JNE3472-KR-XXXL,kurta,JNE3472,3XL,1,333.0,333.0,1,208,207,50,In Stock
JNE3473-KR-L,kurta,JNE3473,L,5,2869.81,478.3016666666667,6,237,232,50,In Stock
JNE3473-KR-M,kurta,JNE3473,M,3,1461.0,487.0,3,337,334,50,In Stock
JNE3473-KR-XL,kurta,JNE3473,XL,5,2435.0,487.0,5,242,237,50,In Stock
JNE3473-KR-XS,kurta,JNE3473,XS,3,1461.0,487.0,3,212,209,50,In Stock
JNE3473-KR-XXL,kurta,JNE3473,XXL,2,974.0,487.0,2,462,460,50,In Stock
JNE3473-KR-XXXL,kurta,JNE3473,3XL,6,2893.0,482.1666666666667,6,395,389,50,In Stock
JNE3474-KR-E-L,kurta,JNE3474,L,1,385.0,385.0,1,187,186,50,In Stock
JNE3474-KR-E-S,kurta,JNE3474,S,1,487.0,487.0,1,225,224,50,In Stock
JNE3474-KR-E-XL,kurta,JNE3474,XL,2,872.0,436.0,2,133,131,50,In Stock
JNE3474-KR-E-XS,kurta,JNE3474,XS,1,487.0,487.0,1,423,422,50,In Stock
JNE3474-KR-E-XXL,kurta,JNE3474,XXL,1,487.0,487.0,1,398,397,50,In Stock
JNE3475-KR-K-L,kurta,JNE3475,L,1,349.0,349.0,1,111,110,50,In Stock
JNE3475-KR-K-M,kurta,JNE3475,M,4,1332.0,333.0,4,457,453,50,In Stock
JNE3475-KR-K-XL,kurta,JNE3475,XL,3,989.0,329.6666666666667,3,170,167,50,In Stock
JNE3475-KR-K-XXL,kurta,JNE3475,XXL,2,666.0,333.0,2,473,471,50,In Stock
JNE3476-KR-L,kurta,JNE3476,L,4,2225.42,370.90333333333336,6,299,295,50,In Stock
JNE3476-KR-M,kurta,JNE3476,M,12,4693.71,361.0546153846154,13,378,366,50,In Stock
JNE3476-KR-S,kurta,JNE3476,S,4,1089.0,272.25,4,178,174,50,In Stock
JNE3476-KR-XL,kurta,JNE3476,XL,15,6510.42,382.9658823529412,17,194,179,50,In Stock
JNE3476-KR-XS,kurta,JNE3476,XS,5,1857.0,371.4,5,213,208,50,In Stock
JNE3476-KR-XXL,kurta,JNE3476,XXL,7,3346.42,371.82444444444445,9,193,186,50,In Stock
JNE3477-KR-M,kurta,JNE3477,M,1,484.0,484.0,1,261,260,50,In Stock
JNE3477-KR-S,kurta,JNE3477,S,1,484.0,484.0,1,295,294,50,In Stock
JNE3477-KR-XL,kurta,JNE3477,XL,1,484.0,484.0,1,398,397,50,In Stock
JNE3479-KR-L,kurta,JNE3479,L,8,2645.1,264.51,10,155,147,50,In Stock
JNE3479-KR-M,kurta,JNE3479,M,8,2442.67,271.40777777777777,9,339,331,50,In Stock
JNE3479-KR-S,kurta,JNE3479,S,2,1053.34,263.335,4,266,264,50,In Stock
JNE3479-KR-XL,kurta,JNE3479,XL,11,2740.0,249.0909090909091,11,494,483,50,In Stock
JNE3479-KR-XS,kurta,JNE3479,XS,4,1041.0,260.25,4,363,359,50,In Stock
JNE3479-KR-XXL,kurta,JNE3479,XXL,14,4197.67,279.8446666666667,15,190,176,50,In Stock
JNE3480-KR-L,kurta,JNE3480,L,5,1401.0,280.2,5,214,209,50,In Stock
JNE3480-KR-M,kurta,JNE3480,M,5,1297.0,259.4,5,204,199,50,In Stock
JNE3480-KR-S,kurta,JNE3480,S,2,249.0,124.5,2,407,405,50,In Stock
JNE3480-KR-XL,kurta,JNE3480,XL,2,498.0,249.0,2,438,436,50,In Stock
JNE3480-KR-XS,kurta,JNE3480,XS,1,249.0,249.0,1,175,174,50,In Stock
JNE3480-KR-XXL,kurta,JNE3480,XXL,7,2133.67,266.70875,8,252,245,50,In Stock
JNE3481-KR-S,kurta,JNE3481,S,2,826.6700000000001,275.5566666666667,3,240,238,50,In Stock
JNE3481-KR-XL,kurta,JNE3481,XL,1,269.0,269.0,1,334,333,50,In Stock
JNE3481-KR-XS,kurta,JNE3481,XS,2,542.0,271.0,2,311,309,50,In Stock
JNE3482-KR-L,kurta,JNE3482,L,10,3170.0,317.0,10,463,453,50,In Stock
JNE3482-KR-M,kurta,JNE3482,M,10,3494.86,317.7145454545455,11,295,285,50,In Stock
JNE3482-KR-S,kurta,JNE3482,S,17,5734.86,318.6033333333333,18,341,324,50,In Stock
JNE3482-KR-XL,kurta,JNE3482,XL,6,2246.29,320.8985714285714,7,416,410,50,In Stock
JNE3482-KR-XS,kurta,JNE3482,XS,3,954.0,318.0,3,253,250,50,In Stock
JNE3482-KR-XXL,kurta,JNE3482,XXL,13,5032.58,314.53625,16,206,193,50,In Stock
JNE3483-KR-L,kurta,JNE3483,L,1,380.0,380.0,1,130,129,50,In Stock
JNE3483-KR-XL,kurta,JNE3483,XL,0,361.9,361.9,1,189,189,50,In Stock
JNE3483-KR-XXXL,kurta,JNE3483,3XL,5,2213.9,368.98333333333335,6,146,141,50,In Stock
JNE3484-KR-L,kurta,JNE3484,L,26,8065.95,298.7388888888889,27,130,104,50,In Stock
JNE3484-KR-M,kurta,JNE3484,M,21,7148.01,297.83375,24,485,464,50,In Stock
JNE3484-KR-S,kurta,JNE3484,S,13,4161.95,297.28214285714284,14,190,177,50,In Stock
JNE3484-KR-XL,kurta,JNE3484,XL,29,8945.67,298.189,30,467,438,50,In Stock
JNE3484-KR-XXL,kurta,JNE3484,XXL,27,8058.0,298.44444444444446,27,202,175,50,In Stock
JNE3485-KR-L,kurta,JNE3485,L,2,938.0,469.0,2,141,139,50,In Stock
JNE3485-KR-XL,kurta,JNE3485,XL,3,1407.0,469.0,3,216,213,50,In Stock
JNE3485-KR-XS,kurta,JNE3485,XS,1,469.0,469.0,1,431,430,50,In Stock
JNE3485-KR-XXL,kurta,JNE3485,XXL,1,469.0,469.0,1,213,212,50,In Stock
JNE3485-KR-XXXL,kurta,JNE3485,3XL,2,938.0,469.0,2,207,205,50,In Stock
JNE3486-KR-XL,kurta,JNE3486,XL,1,499.0,499.0,1,303,302,50,In Stock
JNE3486-KR-XS,kurta,JNE3486,XS,1,499.0,499.0,1,206,205,50,In Stock
JNE3486-KR-XXXL,kurta,JNE3486,3XL,1,431.0,431.0,1,138,137,50,In Stock
JNE3487-KR-L,kurta,JNE3487,L,40,14559.14,346.64619047619044,42,461,421,50,In Stock
JNE3487-KR-M,kurta,JNE3487,M,23,8987.9,345.6884615384615,26,379,356,50,In Stock
JNE3487-KR-S,kurta,JNE3487,S,16,5544.0,346.5,16,211,195,50,In Stock
JNE3487-KR-XL,kurta,JNE3487,XL,52,18109.76,341.6935849056604,53,121,69,50,In Stock
JNE3487-KR-XS,kurta,JNE3487,XS,6,2149.0,358.1666666666667,6,302,296,50,In Stock
JNE3487-KR-XXL,kurta,JNE3487,XXL,30,11491.66,337.99,34,395,365,50,In Stock
JNE3487-KR-XXXL,kurta,JNE3487,3XL,23,8622.9,331.65,26,106,83,50,In Stock
JNE3488-KR-S,kurta,JNE3488,S,7,2377.76,297.22,8,374,367,50,In Stock
JNE3488-KR-XS,kurta,JNE3488,XS,7,2093.0,299.0,7,235,228,50,In Stock
JNE3488-KR-XXL,kurta,JNE3488,XXL,2,882.76,294.25333333333333,3,117,115,50,In Stock
JNE3489-KR-L,kurta,JNE3489,L,10,4870.0,541.1111111111111,9,348,338,50,In Stock
JNE3489-KR-M,kurta,JNE3489,M,2,974.0,487.0,2,145,143,50,In Stock
JNE3489-KR-S,kurta,JNE3489,S,2,974.0,487.0,2,153,151,50,In Stock
JNE3489-KR-XL,kurta,JNE3489,XL,2,974.0,487.0,2,345,343,50,In Stock
JNE3489-KR-XXL,kurta,JNE3489,XXL,3,1461.0,487.0,3,410,407,50,In Stock
JNE3491-KR-L,kurta,JNE3491,L,4,1392.0,348.0,4,267,263,50,In Stock
JNE3491-KR-M,kurta,JNE3491,M,1,349.0,349.0,1,401,400,50,In Stock
JNE3491-KR-XL,kurta,JNE3491,XL,13,4559.0,350.6923076923077,13,121,108,50,In Stock
JNE3491-KR-XS,kurta,JNE3491,XS,3,1047.0,349.0,3,156,153,50,In Stock
JNE3491-KR-XXL,kurta,JNE3491,XXL,3,1047.0,349.0,3,288,285,50,In Stock
JNE3491-KR-XXXL,kurta,JNE3491,3XL,1,347.0,347.0,1,431,430,50,In Stock
JNE3500-KR-L,kurta,JNE3500,L,1,348.0,348.0,1,406,405,50,In Stock
JNE3500-KR-M,kurta,JNE3500,M,8,2822.0,352.75,8,360,352,50,In Stock
JNE3500-KR-S,kurta,JNE3500,S,14,4561.86,285.11625,16,435,421,50,In Stock
JNE3500-KR-XL,kurta,JNE3500,XL,1,348.0,348.0,1,438,437,50,In Stock
JNE3500-KR-XS,kurta,JNE3500,XS,11,3968.0,360.72727272727275,11,148,137,50,In Stock
JNE3500-KR-XXL,kurta,JNE3500,XXL,20,7220.0,361.0,20,419,399,50,In Stock
JNE3500-KR-XXXL,kurta,JNE3500,3XL,3,1044.0,348.0,3,339,336,50,In Stock
JNE3501-KR-L,kurta,JNE3501,L,11,4403.0,440.3,10,267,256,50,In Stock
JNE3501-KR-M,kurta,JNE3501,M,11,3980.0,398.0,10,238,227,50,In Stock
JNE3501-KR-S,kurta,JNE3501,S,4,2310.8,385.1333333333334,6,394,390,50,In Stock
JNE3501-KR-XL,kurta,JNE3501,XL,6,2358.0,393.0,6,105,99,50,In Stock
JNE3501-KR-XS,kurta,JNE3501,XS,6,2397.0,399.5,6,317,311,50,In Stock
JNE3501-KR-XXL,kurta,JNE3501,XXL,7,2688.0,384.0,7,325,318,50,In Stock
JNE3501-KR-XXXL,kurta,JNE3501,3XL,7,2015.0,287.85714285714283,7,120,113,50,In Stock
JNE3503-KR-S,kurta,JNE3503,S,1,318.0,318.0,1,204,203,50,In Stock
JNE3503-KR-XXL,kurta,JNE3503,XXL,2,636.0,636.0,1,492,490,50,In Stock
JNE3503-KR-XXXL,kurta,JNE3503,3XL,7,2226.0,318.0,7,258,251,50,In Stock
JNE3504-KR-L,kurta,JNE3504,L,17,8099.0,476.4117647058824,17,229,212,50,In Stock
JNE3504-KR-M,kurta,JNE3504,M,5,2401.0,480.2,5,298,293,50,In Stock
JNE3504-KR-S,kurta,JNE3504,S,1,481.0,481.0,1,205,204,50,In Stock
JNE3504-KR-XL,kurta,JNE3504,XL,19,9430.8,471.53999999999996,20,311,292,50,In Stock
JNE3504-KR-XS,kurta,JNE3504,XS,7,2838.0,405.42857142857144,7,170,163,50,In Stock
JNE3504-KR-XXL,kurta,JNE3504,XXL,7,3229.0,461.2857142857143,7,351,344,50,In Stock
JNE3506-KR-L,kurta,JNE3506,L,12,7582.0,631.8333333333334,12,201,189,50,In Stock
JNE3506-KR-M,kurta,JNE3506,M,9,5715.0,635.0,9,361,352,50,In Stock
JNE3506-KR-S,kurta,JNE3506,S,6,4338.76,619.8228571428572,7,415,409,50,In Stock
JNE3506-KR-XL,kurta,JNE3506,XL,15,9517.0,634.4666666666667,15,256,241,50,In Stock
JNE3506-KR-XS,kurta,JNE3506,XS,6,3772.0,628.6666666666666,6,297,291,50,In Stock
JNE3506-KR-XXL,kurta,JNE3506,XXL,9,5669.0,629.8888888888889,9,219,210,50,In Stock
JNE3506-KR-XXXL,kurta,JNE3506,3XL,12,7544.0,628.6666666666666,12,420,408,50,In Stock
JNE3507-KR-XXL,kurta,JNE3507,XXL,1,271.0,271.0,1,449,448,50,In Stock
JNE3510-KR-L,kurta,JNE3510,L,79,36656.76,441.64771084337355,83,134,55,50,In Stock
JNE3510-KR-M,kurta,JNE3510,M,80,35586.0,444.825,80,329,249,50,In Stock
JNE3510-KR-S,kurta,JNE3510,S,90,40194.14,436.8928260869565,92,220,130,50,In Stock
JNE3510-KR-XL,kurta,JNE3510,XL,54,25204.95,442.1921052631579,57,365,311,50,In Stock
JNE3510-KR-XS,kurta,JNE3510,XS,7,3011.0,430.14285714285717,7,383,376,50,In Stock
JNE3510-KR-XXL,kurta,JNE3510,XXL,42,19522.19,454.0044186046511,43,500,458,50,In Stock
JNE3510-KR-XXXL,kurta,JNE3510,3XL,1,437.0,437.0,1,124,123,50,In Stock
JNE3515-KR-L,kurta,JNE3515,L,4,1844.0,461.0,4,456,452,50,In Stock
JNE3515-KR-M,kurta,JNE3515,M,14,6881.14,458.7426666666667,15,151,137,50,In Stock
JNE3515-KR-S,kurta,JNE3515,S,5,2319.0,463.8,5,469,464,50,In Stock
JNE3515-KR-XL,kurta,JNE3515,XL,6,3211.14,458.7342857142857,7,291,285,50,In Stock
JNE3515-KR-XS,kurta,JNE3515,XS,6,2774.0,462.3333333333333,6,321,315,50,In Stock
JNE3515-KR-XXL,kurta,JNE3515,XXL,20,9218.0,460.9,20,153,133,50,In Stock
JNE3515-KR-XXXL,kurta,JNE3515,3XL,9,4153.0,461.44444444444446,9,354,345,50,In Stock
JNE3516-KR-E-L,kurta,JNE3516,L,5,1810.0,362.0,5,450,445,50,In Stock
JNE3516-KR-E-M,kurta,JNE3516,M,4,1426.0,356.5,4,320,316,50,In Stock
JNE3516-KR-E-S,kurta,JNE3516,S,3,1100.0,366.6666666666667,3,123,120,50,In Stock
JNE3516-KR-E-XL,kurta,JNE3516,XL,4,1448.0,362.0,4,129,125,50,In Stock
JNE3516-KR-E-XXL,kurta,JNE3516,XXL,1,362.0,362.0,1,156,155,50,In Stock
JNE3517-KR-XXL,kurta,JNE3517,XXL,1,451.0,451.0,1,112,111,50,In Stock
JNE3518-KR-L,kurta,JNE3518,L,22,10227.0,464.8636363636364,22,345,323,50,In Stock
JNE3518-KR-M,kurta,JNE3518,M,23,11201.0,487.0,23,334,311,50,In Stock
JNE3518-KR-S,kurta,JNE3518,S,10,5292.81,481.1645454545455,11,491,481,50,In Stock
JNE3518-KR-XL,kurta,JNE3518,XL,32,15952.81,483.4184848484848,33,152,120,50,In Stock
JNE3518-KR-XS,kurta,JNE3518,XS,3,1461.0,487.0,3,256,253,50,In Stock
JNE3518-KR-XXL,kurta,JNE3518,XXL,28,14528.62,484.2873333333334,30,290,262,50,In Stock
JNE3518-KR-XXXL,kurta,JNE3518,3XL,10,4870.0,487.0,10,340,330,50,In Stock
JNE3520-KR-XS,kurta,JNE3520,XS,1,419.0,419.0,1,313,312,50,In Stock
JNE3522-KR-L,kurta,JNE3522,L,23,9451.08,337.5385714285714,28,247,224,50,In Stock
JNE3522-KR-M,kurta,JNE3522,M,17,5765.24,320.2911111111111,18,217,200,50,In Stock
JNE3522-KR-S,kurta,JNE3522,S,5,2350.42,335.7742857142857,7,323,318,50,In Stock
JNE3522-KR-XL,kurta,JNE3522,XL,16,5786.71,340.3947058823529,17,244,228,50,In Stock
JNE3522-KR-XS,kurta,JNE3522,XS,6,2344.71,334.9585714285714,7,277,271,50,In Stock
JNE3522-KR-XXL,kurta,JNE3522,XXL,16,5765.24,339.13176470588235,17,371,355,50,In Stock
JNE3522-KR-XXXL,kurta,JNE3522,3XL,6,2052.0,342.0,6,337,331,50,In Stock
JNE3523-KR-S,kurta,JNE3523,S,3,752.0,250.66666666666666,3,227,224,50,In Stock
JNE3523-KR-XL,kurta,JNE3523,XL,2,752.0,376.0,2,380,378,50,In Stock
JNE3523-KR-XS,kurta,JNE3523,XS,2,752.0,376.0,2,181,179,50,In Stock
JNE3523-KR-XXL,kurta,JNE3523,XXL,1,376.0,376.0,1,377,376,50,In Stock
JNE3524-KR-L,kurta,JNE3524,L,2,1085.0,542.5,2,314,312,50,In Stock
JNE3524-KR-M,kurta,JNE3524,M,4,2101.0,525.25,4,385,381,50,In Stock
JNE3524-KR-S,kurta,JNE3524,S,1,517.0,517.0,1,151,150,50,In Stock
JNE3524-KR-XXL,kurta,JNE3524,XXL,3,1551.0,517.0,3,427,424,50,In Stock
JNE3524-KR-XXXL,kurta,JNE3524,3XL,1,499.0,499.0,1,143,142,50,In Stock
JNE3526-KR-XL,kurta,JNE3526,XL,1,301.0,301.0,1,437,436,50,In Stock
JNE3526-KR-XS,kurta,JNE3526,XS,2,602.0,301.0,2,149,147,50,In Stock
JNE3526-KR-XXL,kurta,JNE3526,XXL,1,301.0,301.0,1,419,418,50,In Stock
JNE3528-KR-L,kurta,JNE3528,L,3,1258.81,314.7025,4,220,217,50,In Stock
JNE3528-KR-M,kurta,JNE3528,M,1,319.0,319.0,1,448,447,50,In Stock
JNE3528-KR-XL,kurta,JNE3528,XL,3,638.0,212.66666666666666,3,493,490,50,In Stock
JNE3528-KR-XS,kurta,JNE3528,XS,1,319.0,319.0,1,293,292,50,In Stock
JNE3528-KR-XXL,kurta,JNE3528,XXL,2,634.0,317.0,2,406,404,50,In Stock
JNE3528-KR-XXXL,kurta,JNE3528,3XL,2,636.0,318.0,2,357,355,50,In Stock
JNE3530-KR-S,kurta,JNE3530,S,2,1312.6599999999999,328.16499999999996,4,347,345,50,In Stock
JNE3530-KR-XS,kurta,JNE3530,XS,10,3739.33,339.9390909090909,11,155,145,50,In Stock
JNE3530-KR-XXL,kurta,JNE3530,XXL,8,2660.0,332.5,8,361,353,50,In Stock
JNE3530-KR-XXXL,kurta,JNE3530,3XL,4,1371.0,342.75,4,151,147,50,In Stock
JNE3531-KR-L,kurta,JNE3531,L,3,987.0,329.0,3,242,239,50,In Stock
JNE3531-KR-M,kurta,JNE3531,M,2,651.0,325.5,2,120,118,50,In Stock
JNE3531-KR-S,kurta,JNE3531,S,6,1967.0,327.8333333333333,6,449,443,50,In Stock
JNE3531-KR-XL,kurta,JNE3531,XL,2,658.0,329.0,2,259,257,50,In Stock
JNE3531-KR-XS,kurta,JNE3531,XS,1,329.0,329.0,1,182,181,50,In Stock
JNE3531-KR-XXL,kurta,JNE3531,XXL,2,644.0,322.0,2,149,147,50,In Stock
JNE3531-KR-XXXL,kurta,JNE3531,3XL,6,1960.0,326.6666666666667,6,309,303,50,In Stock
JNE3532-KR-S,kurta,JNE3532,S,1,359.0,359.0,1,137,136,50,In Stock
JNE3532-KR-XXL,kurta,JNE3532,XXL,1,328.0,328.0,1,292,291,50,In Stock
JNE3534-KR-L,kurta,JNE3534,L,1,329.0,329.0,1,306,305,50,In Stock
JNE3534-KR-M,kurta,JNE3534,M,1,345.0,345.0,1,172,171,50,In Stock
JNE3534-KR-S,kurta,JNE3534,S,1,329.0,329.0,1,366,365,50,In Stock
JNE3534-KR-XS,kurta,JNE3534,XS,1,329.0,329.0,1,235,234,50,In Stock
JNE3534-KR-XXXL,kurta,JNE3534,3XL,5,1638.0,327.6,5,322,317,50,In Stock
JNE3535-KR-L,kurta,JNE3535,L,1,419.0,419.0,1,247,246,50,In Stock
JNE3535-KR-XL,kurta,JNE3535,XL,2,938.0,469.0,2,461,459,50,In Stock
JNE3535-KR-XXXL,kurta,JNE3535,3XL,1,419.0,419.0,1,253,252,50,In Stock
JNE3537-KR-M,kurta,JNE3537,M,4,1516.0,379.0,4,223,219,50,In Stock
JNE3537-KR-S,kurta,JNE3537,S,3,1439.52,359.88,4,199,196,50,In Stock
JNE3538-KR-XS,kurta,JNE3538,XS,2,536.0,268.0,2,306,304,50,In Stock
JNE3539-KR-M,kurta,JNE3539,M,4,1314.0,328.5,4,186,182,50,In Stock
JNE3539-KR-S,kurta,JNE3539,S,3,689.0,229.66666666666666,3,225,222,50,In Stock
JNE3539-KR-XL,kurta,JNE3539,XL,2,656.0,328.0,2,205,203,50,In Stock
JNE3539-KR-XS,kurta,JNE3539,XS,5,1644.0,328.8,5,273,268,50,In Stock
JNE3539-KR-XXL,kurta,JNE3539,XXL,2,658.0,329.0,2,461,459,50,In Stock
JNE3539-KR-XXXL,kurta,JNE3539,3XL,3,1018.0,339.3333333333333,3,118,115,50,In Stock
JNE3541-KR-S,kurta,JNE3541,S,1,368.0,368.0,1,373,372,50,In Stock
JNE3542-KR-L,kurta,JNE3542,L,3,988.0,329.3333333333333,3,237,234,50,In Stock
JNE3542-KR-M,kurta,JNE3542,M,5,1647.0,329.4,5,204,199,50,In Stock
JNE3542-KR-S,kurta,JNE3542,S,2,658.0,329.0,2,491,489,50,In Stock
JNE3542-KR-XL,kurta,JNE3542,XL,7,2315.0,330.7142857142857,7,192,185,50,In Stock
JNE3542-KR-XS,kurta,JNE3542,XS,2,659.0,329.5,2,260,258,50,In Stock
JNE3543-KR-L,kurta,JNE3543,L,17,5861.48,325.6377777777777,18,482,465,50,In Stock
JNE3543-KR-M,kurta,JNE3543,M,29,13097.880000000001,363.83000000000004,36,272,243,50,In Stock
JNE3543-KR-S,kurta,JNE3543,S,35,14267.92,365.84410256410257,39,222,187,50,In Stock
JNE3543-KR-XL,kurta,JNE3543,XL,31,11711.44,344.45411764705887,34,165,134,50,In Stock
JNE3543-KR-XS,kurta,JNE3543,XS,29,12757.880000000001,364.51085714285716,35,377,348,50,In Stock
JNE3543-KR-XXL,kurta,JNE3543,XXL,21,8038.1,349.4826086956522,23,236,215,50,In Stock
JNE3543-KR-XXXL,kurta,JNE3543,3XL,8,3288.48,365.38666666666666,9,223,215,50,In Stock
JNE3544-KR-M,kurta,JNE3544,M,2,636.0,318.0,2,170,168,50,In Stock
JNE3544-KR-S,kurta,JNE3544,S,3,949.0,316.3333333333333,3,366,363,50,In Stock
JNE3544-KR-XS,kurta,JNE3544,XS,1,320.0,320.0,1,408,407,50,In Stock
JNE3545-KR-M,kurta,JNE3545,M,2,630.0,315.0,2,342,340,50,In Stock
JNE3545-KR-S,kurta,JNE3545,S,6,1948.0,324.6666666666667,6,329,323,50,In Stock
JNE3546-KR-L,kurta,JNE3546,L,70,31581.19,444.8054929577465,71,324,254,50,In Stock
JNE3546-KR-M,kurta,JNE3546,M,58,26994.43,442.5316393442623,61,486,428,50,In Stock
JNE3546-KR-S,kurta,JNE3546,S,35,16613.19,474.66257142857137,35,442,407,50,In Stock
JNE3546-KR-XL,kurta,JNE3546,XL,62,27857.19,442.17761904761903,63,252,190,50,In Stock
JNE3546-KR-XS,kurta,JNE3546,XS,6,3356.81,479.5442857142857,7,208,202,50,In Stock
JNE3546-KR-XXL,kurta,JNE3546,XXL,12,6266.81,482.06230769230774,13,496,484,50,In Stock
JNE3546-KR-XXXL,kurta,JNE3546,3XL,20,9293.19,442.53285714285715,21,468,448,50,In Stock
JNE3547-KR-L,kurta,JNE3547,L,1,510.0,510.0,1,241,240,50,In Stock
JNE3547-KR-XXL,kurta,JNE3547,XXL,1,510.0,510.0,1,157,156,50,In Stock
JNE3547-KR-XXXL,kurta,JNE3547,3XL,4,2068.0,517.0,4,489,485,50,In Stock
JNE3548-KR-L,kurta,JNE3548,L,8,4136.0,517.0,8,129,121,50,In Stock
JNE3548-KR-M,kurta,JNE3548,M,4,2037.0,509.25,4,248,244,50,In Stock
JNE3548-KR-S,kurta,JNE3548,S,2,1034.0,517.0,2,291,289,50,In Stock
JNE3548-KR-XL,kurta,JNE3548,XL,4,2068.0,517.0,4,173,169,50,In Stock
JNE3548-KR-XS,kurta,JNE3548,XS,1,517.0,517.0,1,292,291,50,In Stock
JNE3548-KR-XXL,kurta,JNE3548,XXL,4,2037.0,509.25,4,378,374,50,In Stock
JNE3548-KR-XXXL,kurta,JNE3548,3XL,12,6173.0,514.4166666666666,12,113,101,50,In Stock
JNE3549-KR-L,kurta,JNE3549,L,6,1942.0,323.6666666666667,6,359,353,50,In Stock
JNE3549-KR-M,kurta,JNE3549,M,2,642.3299999999999,214.10999999999999,3,237,235,50,In Stock
JNE3549-KR-S,kurta,JNE3549,S,4,1316.0,329.0,4,103,99,50,In Stock
JNE3549-KR-XL,kurta,JNE3549,XL,10,2918.0,291.8,10,377,367,50,In Stock
JNE3549-KR-XXL,kurta,JNE3549,XXL,7,2584.33,323.04125,8,448,441,50,In Stock
JNE3549-KR-XXXL,kurta,JNE3549,3XL,9,3198.86,319.886,10,187,178,50,In Stock
JNE3550-KR-S,kurta,JNE3550,S,2,566.0,283.0,2,153,151,50,In Stock
JNE3550-KR-XS,kurta,JNE3550,XS,2,584.0,292.0,2,334,332,50,In Stock
JNE3553-KR-L,kurta,JNE3553,L,2,1034.0,517.0,2,113,111,50,In Stock
JNE3553-KR-XL,kurta,JNE3553,XL,5,2554.0,510.8,5,276,271,50,In Stock
JNE3553-KR-XXL,kurta,JNE3553,XXL,1,517.0,517.0,1,182,181,50,In Stock
JNE3553-KR-XXXL,kurta,JNE3553,3XL,2,1034.0,517.0,2,479,477,50,In Stock
JNE3554-KR-L,kurta,JNE3554,L,9,4646.0,516.2222222222222,9,461,452,50,In Stock
JNE3554-KR-M,kurta,JNE3554,M,8,4105.0,513.125,8,164,156,50,In Stock
JNE3554-KR-S,kurta,JNE3554,S,6,3102.0,517.0,6,419,413,50,In Stock
JNE3554-KR-XL,kurta,JNE3554,XL,3,1551.0,517.0,3,444,441,50,In Stock
JNE3554-KR-XXL,kurta,JNE3554,XXL,9,4615.0,512.7777777777778,9,261,252,50,In Stock
JNE3555-KR-M,kurta,JNE3555,M,1,487.0,487.0,1,150,149,50,In Stock
JNE3555-KR-S,kurta,JNE3555,S,2,974.0,487.0,2,135,133,50,In Stock
JNE3555-KR-XL,kurta,JNE3555,XL,1,487.0,487.0,1,321,320,50,In Stock
JNE3556-KR-L,kurta,JNE3556,L,2,1034.0,517.0,2,389,387,50,In Stock
JNE3556-KR-M,kurta,JNE3556,M,1,517.0,517.0,1,284,283,50,In Stock
JNE3556-KR-S,kurta,JNE3556,S,2,1034.0,517.0,2,402,400,50,In Stock
JNE3556-KR-XL,kurta,JNE3556,XL,2,1027.0,513.5,2,258,256,50,In Stock
JNE3556-KR-XXL,kurta,JNE3556,XXL,1,517.0,517.0,1,339,338,50,In Stock
JNE3557-KR-M,kurta,JNE3557,M,2,1034.0,517.0,2,291,289,50,In Stock
JNE3557-KR-S,kurta,JNE3557,S,1,517.0,517.0,1,189,188,50,In Stock
JNE3557-KR-XXL,kurta,JNE3557,XXL,1,517.0,517.0,1,218,217,50,In Stock
JNE3558-KR-S,kurta,JNE3558,S,1,622.81,311.405,2,471,470,50,In Stock
JNE3559-KR-L,kurta,JNE3559,L,3,1432.0,477.3333333333333,3,465,462,50,In Stock
JNE3559-KR-XL,kurta,JNE3559,XL,3,974.0,324.6666666666667,3,275,272,50,In Stock
JNE3559-KR-XS,kurta,JNE3559,XS,1,487.0,487.0,1,198,197,50,In Stock
JNE3559-KR-XXL,kurta,JNE3559,XXL,2,974.0,487.0,2,217,215,50,In Stock
JNE3559-KR-XXXL,kurta,JNE3559,3XL,3,1432.0,477.3333333333333,3,425,422,50,In Stock
JNE3560-KR-L,kurta,JNE3560,L,46,23885.81,508.20872340425535,47,451,405,50,In Stock
JNE3560-KR-M,kurta,JNE3560,M,50,27313.24,505.80074074074076,54,455,405,50,In Stock
JNE3560-KR-S,kurta,JNE3560,S,32,16782.81,508.57000000000005,33,364,332,50,In Stock
JNE3560-KR-XL,kurta,JNE3560,XL,42,22696.43,504.3651111111111,45,264,222,50,In Stock
JNE3560-KR-XS,kurta,JNE3560,XS,8,5344.43,485.85727272727274,11,166,158,50,In Stock
JNE3560-KR-XXL,kurta,JNE3560,XXL,25,12595.81,484.4542307692308,26,250,225,50,In Stock
JNE3560-KR-XXXL,kurta,JNE3560,3XL,27,13053.62,450.12482758620695,29,273,246,50,In Stock
JNE3562-KR-L,kurta,JNE3562,L,4,1900.0,475.0,4,262,258,50,In Stock
JNE3562-KR-M,kurta,JNE3562,M,7,3767.33,470.91625,8,142,135,50,In Stock
JNE3562-KR-S,kurta,JNE3562,S,3,1414.0,471.3333333333333,3,185,182,50,In Stock
JNE3562-KR-XL,kurta,JNE3562,XL,11,5222.0,474.72727272727275,11,322,311,50,In Stock
JNE3562-KR-XXL,kurta,JNE3562,XXL,10,4746.0,474.6,10,303,293,50,In Stock
JNE3563-KR-L,kurta,JNE3563,L,3,1873.33,468.3325,4,322,319,50,In Stock
JNE3563-KR-M,kurta,JNE3563,M,3,1407.0,469.0,3,460,457,50,In Stock
JNE3563-KR-S,kurta,JNE3563,S,4,1424.0,356.0,4,457,453,50,In Stock
JNE3563-KR-XL,kurta,JNE3563,XL,4,1896.0,474.0,4,151,147,50,In Stock
JNE3563-KR-XS,kurta,JNE3563,XS,4,2336.34,467.26800000000003,5,235,231,50,In Stock
JNE3563-KR-XXL,kurta,JNE3563,XXL,3,1399.0,466.3333333333333,3,198,195,50,In Stock
JNE3563-KR-XXXL,kurta,JNE3563,3XL,1,455.0,455.0,1,312,311,50,In Stock
JNE3564-KR-L,kurta,JNE3564,L,6,2916.0,486.0,6,179,173,50,In Stock
JNE3564-KR-M,kurta,JNE3564,M,3,1455.0,485.0,3,468,465,50,In Stock
JNE3564-KR-S,kurta,JNE3564,S,1,481.0,481.0,1,269,268,50,In Stock
JNE3564-KR-XL,kurta,JNE3564,XL,9,4348.0,483.1111111111111,9,284,275,50,In Stock
JNE3564-KR-XXL,kurta,JNE3564,XXL,4,1948.0,487.0,4,211,207,50,In Stock
JNE3564-KR-XXXL,kurta,JNE3564,3XL,1,950.81,475.405,2,105,104,50,In Stock
JNE3565-KR-L,kurta,JNE3565,L,4,1305.0,326.25,4,230,226,50,In Stock
JNE3565-KR-M,kurta,JNE3565,M,1,329.0,329.0,1,170,169,50,In Stock
JNE3565-KR-S,kurta,JNE3565,S,4,1283.0,320.75,4,280,276,50,In Stock
JNE3565-KR-XL,kurta,JNE3565,XL,1,318.0,318.0,1,416,415,50,In Stock
JNE3565-KR-XS,kurta,JNE3565,XS,3,965.0,321.6666666666667,3,299,296,50,In Stock
JNE3565-KR-XXL,kurta,JNE3565,XXL,2,676.0,338.0,2,398,396,50,In Stock
JNE3566-KR-L,kurta,JNE3566,L,6,2361.0,393.5,6,174,168,50,In Stock
JNE3566-KR-M,kurta,JNE3566,M,1,419.0,419.0,1,395,394,50,In Stock
JNE3566-KR-S,kurta,JNE3566,S,4,1523.0,380.75,4,400,396,50,In Stock
JNE3566-KR-XL,kurta,JNE3566,XL,5,1982.0,396.4,5,448,443,50,In Stock
JNE3566-KR-XXL,kurta,JNE3566,XXL,3,1155.0,385.0,3,146,143,50,In Stock
JNE3567-KR-L,kurta,JNE3567,L,137,53326.62,383.64474820143886,139,286,149,50,In Stock
JNE3567-KR-M,kurta,JNE3567,M,206,81910.0,388.1990521327014,211,300,94,50,In Stock
JNE3567-KR-S,kurta,JNE3567,S,60,25640.0,400.625,64,335,275,50,In Stock
JNE3567-KR-XL,kurta,JNE3567,XL,150,58156.0,387.70666666666665,150,334,184,50,In Stock
JNE3567-KR-XS,kurta,JNE3567,XS,22,8838.0,420.85714285714283,21,395,373,50,In Stock
JNE3567-KR-XXL,kurta,JNE3567,XXL,57,22394.0,392.87719298245617,57,486,429,50,In Stock
JNE3567-KR-XXXL,kurta,JNE3567,3XL,16,6415.0,377.3529411764706,17,256,240,50,In Stock
JNE3568-KR-L,kurta,JNE3568,L,50,20521.0,366.44642857142856,56,472,422,50,In Stock
JNE3568-KR-M,kurta,JNE3568,M,59,26595.91,402.9683333333333,66,138,79,50,In Stock
JNE3568-KR-S,kurta,JNE3568,S,25,10114.0,389.0,26,476,451,50,In Stock
JNE3568-KR-XL,kurta,JNE3568,XL,82,32855.0,382.0348837209302,86,446,364,50,In Stock
JNE3568-KR-XS,kurta,JNE3568,XS,7,3259.0,407.375,8,356,349,50,In Stock
JNE3568-KR-XXL,kurta,JNE3568,XXL,27,8994.0,333.1111111111111,27,421,394,50,In Stock
JNE3568-KR-XXXL,kurta,JNE3568,3XL,2,798.0,399.0,2,319,317,50,In Stock
JNE3570-KR-XS,kurta,JNE3570,XS,1,328.0,328.0,1,189,188,50,In Stock
JNE3571-KR-L,kurta,JNE3571,L,1,487.0,487.0,1,174,173,50,In Stock
JNE3571-KR-M,kurta,JNE3571,M,0,463.81,463.81,1,336,336,50,In Stock
JNE3571-KR-S,kurta,JNE3571,S,4,1919.0,479.75,4,208,204,50,In Stock
JNE3571-KR-XL,kurta,JNE3571,XL,5,2417.0,483.4,5,154,149,50,In Stock
JNE3571-KR-XS,kurta,JNE3571,XS,1,487.0,487.0,1,405,404,50,In Stock
JNE3571-KR-XXL,kurta,JNE3571,XXL,4,1948.0,487.0,4,175,171,50,In Stock
JNE3573-KR-S,kurta,JNE3573,S,15,6061.86,378.86625,16,270,255,50,In Stock
JNE3573-KR-XS,kurta,JNE3573,XS,10,4890.58,376.1984615384615,13,480,470,50,In Stock
JNE3573-KR-XXL,kurta,JNE3573,XXL,2,1124.8600000000001,374.9533333333334,3,341,339,50,In Stock
JNE3573-KR-XXXL,kurta,JNE3573,3XL,1,381.0,381.0,1,373,372,50,In Stock
JNE3574-KR-L,kurta,JNE3574,L,13,4373.76,312.4114285714286,14,205,192,50,In Stock
JNE3574-KR-S,kurta,JNE3574,S,5,1517.0,303.4,5,308,303,50,In Stock
JNE3574-KR-XL,kurta,JNE3574,XL,3,897.0,299.0,3,139,136,50,In Stock
JNE3574-KR-XS,kurta,JNE3574,XS,4,1236.0,309.0,4,160,156,50,In Stock
JNE3574-KR-XXL,kurta,JNE3574,XXL,1,319.0,319.0,1,363,362,50,In Stock
JNE3574-KR-XXXL,kurta,JNE3574,3XL,1,301.0,301.0,1,486,485,50,In Stock
JNE3575-KR-L,kurta,JNE3575,L,5,2268.0,453.6,5,173,168,50,In Stock
JNE3575-KR-M,kurta,JNE3575,M,3,1326.0,442.0,3,417,414,50,In Stock
JNE3575-KR-S,kurta,JNE3575,S,1,442.0,442.0,1,222,221,50,In Stock
JNE3575-KR-XL,kurta,JNE3575,XL,2,884.0,442.0,2,217,215,50,In Stock
JNE3575-KR-XXL,kurta,JNE3575,XXL,3,1355.0,451.6666666666667,3,482,479,50,In Stock
JNE3575-KR-XXXL,kurta,JNE3575,3XL,3,1355.0,451.6666666666667,3,455,452,50,In Stock
JNE3576-KR-M,kurta,JNE3576,M,2,974.0,487.0,2,367,365,50,In Stock
JNE3576-KR-XL,kurta,JNE3576,XL,3,1461.0,487.0,3,103,100,50,In Stock
JNE3576-KR-XS,kurta,JNE3576,XS,2,974.0,487.0,2,206,204,50,In Stock
JNE3576-KR-XXL,kurta,JNE3576,XXL,2,974.0,487.0,2,449,447,50,In Stock
JNE3576-KR-XXXL,kurta,JNE3576,3XL,3,1461.0,487.0,3,199,196,50,In Stock
JNE3577-KR-L,kurta,JNE3577,L,1,696.0,696.0,1,155,154,50,In Stock
JNE3577-KR-M,kurta,JNE3577,M,3,2046.0,682.0,3,327,324,50,In Stock
JNE3577-KR-S,kurta,JNE3577,S,1,688.0,688.0,1,423,422,50,In Stock
JNE3577-KR-XL,kurta,JNE3577,XL,3,2080.0,693.3333333333334,3,189,186,50,In Stock
JNE3577-KR-XS,kurta,JNE3577,XS,1,654.0,654.0,1,368,367,50,In Stock
JNE3577-KR-XXL,kurta,JNE3577,XXL,4,2768.0,692.0,4,405,401,50,In Stock
JNE3577-KR-XXXL,kurta,JNE3577,3XL,2,2054.86,684.9533333333334,3,330,328,50,In Stock
JNE3578-KR-L,kurta,JNE3578,L,2,612.0,306.0,2,272,270,50,In Stock
JNE3578-KR-M,kurta,JNE3578,M,5,3060.0,612.0,5,342,337,50,In Stock
JNE3578-KR-S,kurta,JNE3578,S,4,2448.0,612.0,4,370,366,50,In Stock
JNE3578-KR-XL,kurta,JNE3578,XL,7,4221.0,603.0,7,355,348,50,In Stock
JNE3578-KR-XS,kurta,JNE3578,XS,1,612.0,612.0,1,453,452,50,In Stock
JNE3578-KR-XXL,kurta,JNE3578,XXL,3,1818.0,606.0,3,374,371,50,In Stock
JNE3579-KR-L,kurta,JNE3579,L,2,856.9,214.225,4,380,378,50,In Stock
JNE3579-KR-M,kurta,JNE3579,M,13,4423.19,294.8793333333333,15,442,429,50,In Stock
JNE3579-KR-S,kurta,JNE3579,S,9,2663.0,295.8888888888889,9,271,262,50,In Stock
JNE3579-KR-XL,kurta,JNE3579,XL,8,2633.0,263.3,10,279,271,50,In Stock
JNE3579-KR-XS,kurta,JNE3579,XS,3,1171.95,292.9875,4,326,323,50,In Stock
JNE3579-KR-XXL,kurta,JNE3579,XXL,1,295.0,295.0,1,489,488,50,In Stock
JNE3579-KR-XXXL,kurta,JNE3579,3XL,27,8606.0,296.7586206896552,29,318,291,50,In Stock
JNE3581-KR-L,kurta,JNE3581,L,5,3175.0,635.0,5,374,369,50,In Stock
JNE3581-KR-M,kurta,JNE3581,M,6,3726.0,621.0,6,325,319,50,In Stock
JNE3581-KR-S,kurta,JNE3581,S,4,2540.0,635.0,4,484,480,50,In Stock
JNE3581-KR-XL,kurta,JNE3581,XL,2,1270.0,635.0,2,238,236,50,In Stock
JNE3581-KR-XXL,kurta,JNE3581,XXL,3,1897.0,632.3333333333334,3,175,172,50,In Stock
JNE3601-KR-L,kurta,JNE3601,L,7,2384.67,298.08375,8,164,157,50,In Stock
JNE3601-KR-M,kurta,JNE3601,M,4,1490.67,298.134,5,256,252,50,In Stock
JNE3601-KR-S,kurta,JNE3601,S,2,1175.3400000000001,293.83500000000004,4,263,261,50,In Stock
JNE3601-KR-XL,kurta,JNE3601,XL,6,2122.0,353.6666666666667,6,187,181,50,In Stock
JNE3601-KR-XS,kurta,JNE3601,XS,8,2399.0,299.875,8,405,397,50,In Stock
JNE3601-KR-XXL,kurta,JNE3601,XXL,2,602.0,301.0,2,225,223,50,In Stock
JNE3602-KR-L,kurta,JNE3602,L,4,1504.0,376.0,4,466,462,50,In Stock
JNE3602-KR-M,kurta,JNE3602,M,2,752.0,376.0,2,404,402,50,In Stock
JNE3602-KR-S,kurta,JNE3602,S,2,767.0,383.5,2,346,344,50,In Stock
JNE3602-KR-XL,kurta,JNE3602,XL,5,1949.0,389.8,5,263,258,50,In Stock
JNE3602-KR-XXXL,kurta,JNE3602,3XL,3,1867.2,373.44,5,366,363,50,In Stock
JNE3603-KR-L,kurta,JNE3603,L,14,4094.0,292.42857142857144,14,270,256,50,In Stock
JNE3603-KR-M,kurta,JNE3603,M,8,2634.67,292.74111111111114,9,339,331,50,In Stock
JNE3603-KR-S,kurta,JNE3603,S,4,1159.0,289.75,4,160,156,50,In Stock
JNE3603-KR-XL,kurta,JNE3603,XL,8,2288.0,286.0,8,337,329,50,In Stock
JNE3603-KR-XXL,kurta,JNE3603,XXL,12,3778.67,290.66692307692307,13,474,462,50,In Stock
JNE3605-KR-L,kurta,JNE3605,L,6,2495.0,415.8333333333333,6,293,287,50,In Stock
JNE3605-KR-M,kurta,JNE3605,M,6,2920.0,486.6666666666667,6,166,160,50,In Stock
JNE3605-KR-S,kurta,JNE3605,S,3,1461.0,487.0,3,335,332,50,In Stock
JNE3605-KR-XL,kurta,JNE3605,XL,6,2916.0,486.0,6,125,119,50,In Stock
JNE3605-KR-XS,kurta,JNE3605,XS,1,487.0,487.0,1,495,494,50,In Stock
JNE3605-KR-XXL,kurta,JNE3605,XXL,11,5470.0,497.27272727272725,11,279,268,50,In Stock
JNE3605-KR-XXXL,kurta,JNE3605,3XL,8,4466.38,496.26444444444445,9,410,402,50,In Stock
JNE3606-KR-L,kurta,JNE3606,L,10,4841.0,484.1,10,428,418,50,In Stock
JNE3606-KR-M,kurta,JNE3606,M,2,974.0,487.0,2,156,154,50,In Stock
JNE3606-KR-S,kurta,JNE3606,S,5,2842.19,473.6983333333333,6,232,227,50,In Stock
JNE3606-KR-XL,kurta,JNE3606,XL,7,3866.81,483.35125,8,346,339,50,In Stock
JNE3606-KR-XS,kurta,JNE3606,XS,1,950.81,475.405,2,414,413,50,In Stock
JNE3606-KR-XXL,kurta,JNE3606,XXL,5,3362.62,480.3742857142857,7,147,142,50,In Stock
JNE3606-KR-XXXL,kurta,JNE3606,3XL,8,4348.1,483.12222222222226,9,306,298,50,In Stock
JNE3607-KR-L,kurta,JNE3607,L,7,4211.58,467.9533333333333,9,142,135,50,In Stock
JNE3607-KR-M,kurta,JNE3607,M,16,8026.29,472.13470588235293,17,268,252,50,In Stock
JNE3607-KR-S,kurta,JNE3607,S,4,1890.0,472.5,4,340,336,50,In Stock
JNE3607-KR-XL,kurta,JNE3607,XL,16,8014.29,471.4288235294118,17,481,465,50,In Stock
JNE3607-KR-XS,kurta,JNE3607,XS,7,4097.86,455.31777777777774,9,101,94,50,In Stock
JNE3607-KR-XXL,kurta,JNE3607,XXL,11,5091.0,462.8181818181818,11,224,213,50,In Stock
JNE3607-KR-XXXL,kurta,JNE3607,3XL,14,6612.0,472.2857142857143,14,186,172,50,In Stock
JNE3608-KR-L,kurta,JNE3608,L,8,8035.799999999999,349.38260869565215,23,398,390,50,In Stock
JNE3608-KR-M,kurta,JNE3608,M,2,724.0,724.0,1,453,451,50,In Stock
JNE3608-KR-S,kurta,JNE3608,S,2,724.0,362.0,2,325,323,50,In Stock
JNE3608-KR-XL,kurta,JNE3608,XL,4,1448.0,362.0,4,362,358,50,In Stock
JNE3608-KR-XS,kurta,JNE3608,XS,5,1810.0,362.0,5,351,346,50,In Stock
JNE3608-KR-XXL,kurta,JNE3608,XXL,3,1079.0,359.6666666666667,3,443,440,50,In Stock
JNE3608-KR-XXXL,kurta,JNE3608,3XL,1,358.0,358.0,1,223,222,50,In Stock
JNE3609-KR-L,kurta,JNE3609,L,8,5084.95,564.9944444444444,9,204,196,50,In Stock
JNE3609-KR-M,kurta,JNE3609,M,22,13015.95,565.9108695652175,23,146,124,50,In Stock
JNE3609-KR-S,kurta,JNE3609,S,7,3962.0,566.0,7,428,421,50,In Stock
JNE3609-KR-XL,kurta,JNE3609,XL,13,10587.7,557.2473684210527,19,224,211,50,In Stock
JNE3609-KR-XS,kurta,JNE3609,XS,9,5105.0,638.125,8,212,203,50,In Stock
JNE3609-KR-XXL,kurta,JNE3609,XXL,22,13029.95,566.5195652173913,23,192,170,50,In Stock
JNE3609-KR-XXXL,kurta,JNE3609,3XL,22,13570.9,565.4541666666667,24,365,343,50,In Stock
JNE3610-KR-L,kurta,JNE3610,L,2,582.0,291.0,2,166,164,50,In Stock
JNE3610-KR-M,kurta,JNE3610,M,4,1191.0,297.75,4,437,433,50,In Stock
JNE3610-KR-S,kurta,JNE3610,S,3,881.0,293.6666666666667,3,231,228,50,In Stock
JNE3610-KR-XL,kurta,JNE3610,XL,3,873.0,291.0,3,216,213,50,In Stock
JNE3610-KR-XS,kurta,JNE3610,XS,3,873.0,291.0,3,171,168,50,In Stock
JNE3610-KR-XXL,kurta,JNE3610,XXL,2,582.0,291.0,2,108,106,50,In Stock
JNE3610-KR-XXXL,kurta,JNE3610,3XL,3,881.0,293.6666666666667,3,282,279,50,In Stock
JNE3611-KR-L,kurta,JNE3611,L,18,7662.0,425.6666666666667,18,228,210,50,In Stock
JNE3611-KR-M,kurta,JNE3611,M,20,8817.14,440.85699999999997,20,328,308,50,In Stock
JNE3611-KR-S,kurta,JNE3611,S,14,5747.0,410.5,14,344,330,50,In Stock
JNE3611-KR-XL,kurta,JNE3611,XL,21,9709.0,462.3333333333333,21,405,384,50,In Stock
JNE3611-KR-XS,kurta,JNE3611,XS,6,3658.2799999999997,457.28499999999997,8,334,328,50,In Stock
JNE3611-KR-XXL,kurta,JNE3611,XXL,25,10637.0,425.48,25,219,194,50,In Stock
JNE3611-KR-XXXL,kurta,JNE3611,3XL,34,15746.0,463.11764705882354,34,477,443,50,In Stock
JNE3612-KR-L,kurta,JNE3612,L,10,4362.0,396.54545454545456,11,267,257,50,In Stock
JNE3612-KR-M,kurta,JNE3612,M,6,2375.0,339.2857142857143,7,149,143,50,In Stock
JNE3612-KR-S,kurta,JNE3612,S,6,2792.0,398.85714285714283,7,235,229,50,In Stock
JNE3612-KR-XL,kurta,JNE3612,XL,9,3565.0,396.1111111111111,9,262,253,50,In Stock
JNE3612-KR-XXL,kurta,JNE3612,XXL,3,1184.0,394.6666666666667,3,314,311,50,In Stock
JNE3612-KR-XXXL,kurta,JNE3612,3XL,2,785.0,392.5,2,186,184,50,In Stock
JNE3613-KR-L,kurta,JNE3613,L,58,22799.0,393.08620689655174,58,433,375,50,In Stock
JNE3613-KR-M,kurta,JNE3613,M,44,17578.0,418.5238095238095,42,333,289,50,In Stock
JNE3613-KR-S,kurta,JNE3613,S,16,6438.0,402.375,16,225,209,50,In Stock
JNE3613-KR-XL,kurta,JNE3613,XL,71,28361.0,399.4507042253521,71,153,82,50,In Stock
JNE3613-KR-XS,kurta,JNE3613,XS,10,3986.0,398.6,10,361,351,50,In Stock
JNE3613-KR-XXL,kurta,JNE3613,XXL,31,12366.0,386.4375,32,334,303,50,In Stock
JNE3613-KR-XXXL,kurta,JNE3613,3XL,25,10015.0,400.6,25,111,86,50,In Stock
JNE3614-KR-L,kurta,JNE3614,L,16,7282.0,455.125,16,249,233,50,In Stock
JNE3614-KR-M,kurta,JNE3614,M,14,6398.0,457.0,14,294,280,50,In Stock
JNE3614-KR-S,kurta,JNE3614,S,3,1377.0,459.0,3,424,421,50,In Stock
JNE3614-KR-XL,kurta,JNE3614,XL,18,8687.14,482.6188888888889,18,443,425,50,In Stock
JNE3614-KR-XS,kurta,JNE3614,XS,7,3213.0,459.0,7,157,150,50,In Stock
JNE3614-KR-XXL,kurta,JNE3614,XXL,13,5943.0,540.2727272727273,11,421,408,50,In Stock
JNE3614-KR-XXXL,kurta,JNE3614,3XL,23,10042.0,436.60869565217394,23,427,404,50,In Stock
JNE3615-KR-L,kurta,JNE3615,L,4,1196.0,299.0,4,308,304,50,In Stock
JNE3615-KR-M,kurta,JNE3615,M,2,618.0,309.0,2,144,142,50,In Stock
JNE3615-KR-S,kurta,JNE3615,S,5,1515.0,303.0,5,482,477,50,In Stock
JNE3615-KR-XL,kurta,JNE3615,XL,2,598.0,299.0,2,379,377,50,In Stock
JNE3615-KR-XS,kurta,JNE3615,XS,1,299.0,299.0,1,243,242,50,In Stock
JNE3615-KR-XXXL,kurta,JNE3615,3XL,3,931.0,310.3333333333333,3,462,459,50,In Stock
JNE3616-KR-L,kurta,JNE3616,L,4,1275.0,318.75,4,385,381,50,In Stock
JNE3616-KR-M,kurta,JNE3616,M,8,2551.0,318.875,8,322,314,50,In Stock
JNE3616-KR-XL,kurta,JNE3616,XL,9,2873.0,319.22222222222223,9,331,322,50,In Stock
JNE3616-KR-XS,kurta,JNE3616,XS,4,1277.0,319.25,4,258,254,50,In Stock
JNE3616-KR-XXL,kurta,JNE3616,XXL,5,1594.0,318.8,5,350,345,50,In Stock
JNE3616-KR-XXXL,kurta,JNE3616,3XL,3,2170.42,310.06,7,244,241,50,In Stock
JNE3617-KR-L,kurta,JNE3617,L,3,1181.76,295.44,4,190,187,50,In Stock
JNE3617-KR-S,kurta,JNE3617,S,5,1515.0,303.0,5,261,256,50,In Stock
JNE3617-KR-XL,kurta,JNE3617,XL,5,1216.0,243.2,5,385,380,50,In Stock
JNE3617-KR-XS,kurta,JNE3617,XS,2,598.0,299.0,2,139,137,50,In Stock
JNE3617-KR-XXL,kurta,JNE3617,XXL,3,917.0,305.6666666666667,3,365,362,50,In Stock
JNE3617-KR-XXXL,kurta,JNE3617,3XL,3,897.0,299.0,3,241,238,50,In Stock
JNE3618-KR-L,kurta,JNE3618,L,81,32566.0,392.3614457831325,83,303,222,50,In Stock
JNE3618-KR-M,kurta,JNE3618,M,65,24559.0,372.1060606060606,66,178,113,50,In Stock
JNE3618-KR-S,kurta,JNE3618,S,33,13913.28,386.48,36,328,295,50,In Stock
JNE3618-KR-XL,kurta,JNE3618,XL,13,4895.0,376.53846153846155,13,289,276,50,In Stock
JNE3618-KR-XS,kurta,JNE3618,XS,17,6759.0,397.5882352941176,17,255,238,50,In Stock
JNE3618-KR-XXL,kurta,JNE3618,XXL,81,31754.42,378.0288095238095,84,188,107,50,In Stock
JNE3618-KR-XXXL,kurta,JNE3618,3XL,12,5140.0,395.38461538461536,13,390,378,50,In Stock
JNE3619-KR-L,kurta,JNE3619,L,22,7244.34,301.8475,24,180,158,50,In Stock
JNE3619-KR-M,kurta,JNE3619,M,27,7880.67,281.4525,28,347,320,50,In Stock
JNE3619-KR-S,kurta,JNE3619,S,7,2446.86,305.8575,8,431,424,50,In Stock
JNE3619-KR-XL,kurta,JNE3619,XL,14,4273.0,305.2142857142857,14,451,437,50,In Stock
JNE3619-KR-XS,kurta,JNE3619,XS,12,3631.0,302.5833333333333,12,250,238,50,In Stock
JNE3619-KR-XXL,kurta,JNE3619,XXL,26,9386.35,302.78548387096777,31,176,150,50,In Stock
JNE3620-KR-L,kurta,JNE3620,L,24,8141.33,325.65319999999997,25,244,220,50,In Stock
JNE3620-KR-M,kurta,JNE3620,M,35,11422.0,326.34285714285716,35,112,77,50,In Stock
JNE3620-KR-S,kurta,JNE3620,S,12,4509.66,322.11857142857144,14,403,391,50,In Stock
JNE3620-KR-XL,kurta,JNE3620,XL,22,6876.0,327.42857142857144,21,475,453,50,In Stock
JNE3620-KR-XS,kurta,JNE3620,XS,18,5849.0,324.94444444444446,18,399,381,50,In Stock
JNE3620-KR-XXL,kurta,JNE3620,XXL,8,2625.0,328.125,8,189,181,50,In Stock
JNE3620-KR-XXXL,kurta,JNE3620,3XL,5,2233.34,319.04857142857145,7,266,261,50,In Stock
JNE3621-KR-L,kurta,JNE3621,L,4,1884.24,376.848,5,418,414,50,In Stock
JNE3621-KR-M,kurta,JNE3621,M,3,1382.0,460.6666666666667,3,445,442,50,In Stock
JNE3621-KR-S,kurta,JNE3621,S,2,910.0,455.0,2,438,436,50,In Stock
JNE3621-KR-XL,kurta,JNE3621,XL,7,3660.24,457.53,8,380,373,50,In Stock
JNE3621-KR-XXL,kurta,JNE3621,XXL,7,3185.0,455.0,7,345,338,50,In Stock
JNE3622-KR-L,kurta,JNE3622,L,9,3226.0,358.44444444444446,9,469,460,50,In Stock
JNE3622-KR-M,kurta,JNE3622,M,2,1086.48,362.16,3,170,168,50,In Stock
JNE3622-KR-S,kurta,JNE3622,S,4,1434.0,358.5,4,397,393,50,In Stock
JNE3622-KR-XL,kurta,JNE3622,XL,3,736.0,245.33333333333334,3,239,236,50,In Stock
JNE3622-KR-XS,kurta,JNE3622,XS,1,368.0,368.0,1,403,402,50,In Stock
JNE3622-KR-XXL,kurta,JNE3622,XXL,7,2888.38,361.0475,8,267,260,50,In Stock
JNE3622-KR-XXXL,kurta,JNE3622,3XL,1,405.0,405.0,1,100,99,50,In Stock
JNE3623-KR-L,kurta,JNE3623,L,3,1082.0,360.6666666666667,3,368,365,50,In Stock
JNE3623-KR-M,kurta,JNE3623,M,5,1810.0,362.0,5,255,250,50,In Stock
JNE3623-KR-S,kurta,JNE3623,S,1,362.0,362.0,1,237,236,50,In Stock
JNE3623-KR-XS,kurta,JNE3623,XS,2,724.0,362.0,2,199,197,50,In Stock
JNE3623-KR-XXXL,kurta,JNE3623,3XL,6,2512.76,358.96571428571434,7,389,383,50,In Stock
JNE3624-KR-L,kurta,JNE3624,L,3,1455.0,485.0,3,334,331,50,In Stock
JNE3624-KR-S,kurta,JNE3624,S,1,487.0,487.0,1,115,114,50,In Stock
JNE3624-KR-XL,kurta,JNE3624,XL,1,481.0,481.0,1,393,392,50,In Stock
JNE3625-DR-L,Western Dress,JNE3625,L,1,847.3299999999999,423.66499999999996,2,247,246,50,In Stock
JNE3625-DR-M,Western Dress,JNE3625,M,4,1755.0,438.75,4,477,473,50,In Stock
JNE3625-DR-S,Western Dress,JNE3625,S,2,887.0,443.5,2,458,456,50,In Stock
JNE3625-DR-XXL,Western Dress,JNE3625,XXL,2,868.0,434.0,2,436,434,50,In Stock
JNE3625-DR-XXXL,Western Dress,JNE3625,3XL,3,946.0,315.3333333333333,3,101,98,50,In Stock
JNE3627-KR-L,kurta,JNE3627,L,10,3493.86,317.62363636363636,11,416,406,50,In Stock
JNE3627-KR-M,kurta,JNE3627,M,3,977.0,325.6666666666667,3,481,478,50,In Stock
JNE3627-KR-S,kurta,JNE3627,S,3,987.0,329.0,3,146,143,50,In Stock
JNE3627-KR-XL,kurta,JNE3627,XL,9,3220.86,322.086,10,189,180,50,In Stock
JNE3627-KR-XXXL,kurta,JNE3627,3XL,1,329.0,329.0,1,125,124,50,In Stock
JNE3628-KR-L,kurta,JNE3628,L,3,1449.0,483.0,3,485,482,50,In Stock
JNE3628-KR-XL,kurta,JNE3628,XL,2,968.0,484.0,2,251,249,50,In Stock
JNE3628-KR-XS,kurta,JNE3628,XS,1,487.0,487.0,1,224,223,50,In Stock
JNE3628-KR-XXXL,kurta,JNE3628,3XL,6,3385.81,483.6871428571429,7,292,286,50,In Stock
JNE3629-KR-M,kurta,JNE3629,M,3,1578.0,526.0,3,475,472,50,In Stock
JNE3629-KR-S,kurta,JNE3629,S,2,1025.0,512.5,2,397,395,50,In Stock
JNE3629-KR-XL,kurta,JNE3629,XL,7,3586.0,512.2857142857143,7,395,388,50,In Stock
JNE3629-KR-XXL,kurta,JNE3629,XXL,3,1709.0,569.6666666666666,3,144,141,50,In Stock
JNE3629-KR-XXXL,kurta,JNE3629,3XL,2,998.0,998.0,1,269,267,50,In Stock
JNE3630-KR-L,kurta,JNE3630,L,2,1813.62,453.405,4,243,241,50,In Stock
JNE3630-KR-M,kurta,JNE3630,M,1,872.71,436.355,2,347,346,50,In Stock
JNE3630-KR-S,kurta,JNE3630,S,1,405.0,405.0,1,325,324,50,In Stock
JNE3630-KR-XL,kurta,JNE3630,XL,2,968.0,484.0,2,493,491,50,In Stock
JNE3630-KR-XS,kurta,JNE3630,XS,2,810.0,405.0,2,480,478,50,In Stock
JNE3630-KR-XXL,kurta,JNE3630,XXL,3,1215.0,405.0,3,122,119,50,In Stock
JNE3630-KR-XXXL,kurta,JNE3630,3XL,2,974.0,487.0,2,355,353,50,In Stock
JNE3631-DR-M,Western Dress,JNE3631,M,1,499.0,499.0,1,248,247,50,In Stock
JNE3631-DR-XL,Western Dress,JNE3631,XL,1,974.24,487.12,2,390,389,50,In Stock
JNE3631-DR-XS,Western Dress,JNE3631,XS,3,1547.0,515.6666666666666,3,218,215,50,In Stock
JNE3633-KR-L,kurta,JNE3633,L,11,5402.14,450.17833333333334,12,402,391,50,In Stock
JNE3633-KR-M,kurta,JNE3633,M,13,5933.0,456.38461538461536,13,242,229,50,In Stock
JNE3633-KR-S,kurta,JNE3633,S,12,5508.0,459.0,12,384,372,50,In Stock
JNE3633-KR-XL,kurta,JNE3633,XL,20,9146.0,481.36842105263156,19,432,412,50,In Stock
JNE3633-KR-XS,kurta,JNE3633,XS,5,2289.0,457.8,5,156,151,50,In Stock
JNE3633-KR-XXL,kurta,JNE3633,XXL,6,2267.0,377.8333333333333,6,272,266,50,In Stock
JNE3633-KR-XXXL,kurta,JNE3633,3XL,10,4556.0,455.6,10,309,299,50,In Stock
JNE3634-KR-L,kurta,JNE3634,L,43,23669.2,525.9822222222223,45,380,337,50,In Stock
JNE3634-KR-M,kurta,JNE3634,M,49,25485.0,530.9375,48,291,242,50,In Stock
JNE3634-KR-S,kurta,JNE3634,S,22,10860.0,493.6363636363636,22,329,307,50,In Stock
JNE3634-KR-XL,kurta,JNE3634,XL,38,19250.0,506.57894736842104,38,228,190,50,In Stock
JNE3634-KR-XS,kurta,JNE3634,XS,18,8816.0,489.77777777777777,18,416,398,50,In Stock
JNE3634-KR-XXL,kurta,JNE3634,XXL,29,15188.0,523.7241379310345,29,147,118,50,In Stock
JNE3634-KR-XXXL,kurta,JNE3634,3XL,40,20731.0,518.275,40,265,225,50,In Stock
JNE3635-KR-L,kurta,JNE3635,L,5,1725.0,345.0,5,203,198,50,In Stock
JNE3635-KR-M,kurta,JNE3635,M,2,690.0,345.0,2,102,100,50,In Stock
JNE3635-KR-S,kurta,JNE3635,S,1,345.0,345.0,1,417,416,50,In Stock
JNE3635-KR-XL,kurta,JNE3635,XL,3,1035.0,345.0,3,439,436,50,In Stock
JNE3635-KR-XS,kurta,JNE3635,XS,2,690.0,345.0,2,210,208,50,In Stock
JNE3635-KR-XXL,kurta,JNE3635,XXL,5,1725.0,345.0,5,487,482,50,In Stock
JNE3635-KR-XXXL,kurta,JNE3635,3XL,1,345.0,345.0,1,116,115,50,In Stock
JNE3636-KR-L,kurta,JNE3636,L,10,4556.0,455.6,10,254,244,50,In Stock
JNE3636-KR-M,kurta,JNE3636,M,10,4562.0,456.2,10,247,237,50,In Stock
JNE3636-KR-S,kurta,JNE3636,S,8,3610.0,451.25,8,343,335,50,In Stock
JNE3636-KR-XL,kurta,JNE3636,XL,16,7338.0,458.625,16,457,441,50,In Stock
JNE3636-KR-XS,kurta,JNE3636,XS,1,431.0,431.0,1,212,211,50,In Stock
JNE3636-KR-XXL,kurta,JNE3636,XXL,10,4562.0,456.2,10,199,189,50,In Stock
JNE3636-KR-XXXL,kurta,JNE3636,3XL,8,3207.0,400.875,8,322,314,50,In Stock
JNE3637-KR-L,kurta,JNE3637,L,9,5113.9,464.9,11,391,382,50,In Stock
JNE3637-KR-M,kurta,JNE3637,M,5,2561.0,512.2,5,189,184,50,In Stock
JNE3637-KR-S,kurta,JNE3637,S,3,1578.0,526.0,3,301,298,50,In Stock
JNE3637-KR-XL,kurta,JNE3637,XL,3,1578.0,526.0,3,309,306,50,In Stock
JNE3637-KR-XS,kurta,JNE3637,XS,1,499.0,499.0,1,277,276,50,In Stock
JNE3637-KR-XXL,kurta,JNE3637,XXL,5,2534.0,506.8,5,318,313,50,In Stock
JNE3637-KR-XXXL,kurta,JNE3637,3XL,2,998.0,499.0,2,390,388,50,In Stock
JNE3638-KR-L,kurta,JNE3638,L,8,4136.0,517.0,8,442,434,50,In Stock
JNE3638-KR-M,kurta,JNE3638,M,6,3053.0,508.8333333333333,6,385,379,50,In Stock
JNE3638-KR-S,kurta,JNE3638,S,8,4118.0,514.75,8,454,446,50,In Stock
JNE3638-KR-XL,kurta,JNE3638,XL,16,8130.0,580.7142857142857,14,286,270,50,In Stock
JNE3638-KR-XS,kurta,JNE3638,XS,5,3077.38,512.8966666666666,6,148,143,50,In Stock
JNE3638-KR-XXL,kurta,JNE3638,XXL,9,4635.0,515.0,9,261,252,50,In Stock
JNE3638-KR-XXXL,kurta,JNE3638,3XL,9,4597.38,459.738,10,183,174,50,In Stock
JNE3639-TP-N-L,Top,JNE3639,L,25,12712.0,508.48,25,179,154,50,In Stock
JNE3639-TP-N-M,Top,JNE3639,M,25,12622.0,504.88,25,371,346,50,In Stock
JNE3639-TP-N-S,Top,JNE3639,S,9,4581.0,509.0,9,265,256,50,In Stock
JNE3639-TP-N-XL,Top,JNE3639,XL,12,6061.0,505.0833333333333,12,139,127,50,In Stock
JNE3639-TP-N-XS,Top,JNE3639,XS,8,4144.0,518.0,8,361,353,50,In Stock
JNE3639-TP-N-XXL,Top,JNE3639,XXL,17,8950.33,497.24055555555555,18,236,219,50,In Stock
JNE3640-TP-N-L,Top,JNE3640,L,21,10956.81,498.03681818181815,22,105,84,50,In Stock
JNE3640-TP-N-M,Top,JNE3640,M,12,5698.0,474.8333333333333,12,222,210,50,In Stock
JNE3640-TP-N-S,Top,JNE3640,S,10,6522.9,501.7615384615384,13,375,365,50,In Stock
JNE3640-TP-N-XL,Top,JNE3640,XL,33,16569.8,487.3470588235294,34,204,171,50,In Stock
JNE3640-TP-N-XS,Top,JNE3640,XS,8,4113.0,514.125,8,333,325,50,In Stock
JNE3640-TP-N-XXL,Top,JNE3640,XXL,19,10298.24,514.912,20,107,88,50,In Stock
JNE3641-TP-N-S,Top,JNE3641,S,13,4627.0,355.9230769230769,13,271,258,50,In Stock
JNE3641-TP-N-XS,Top,JNE3641,XS,12,4272.0,356.0,12,264,252,50,In Stock
JNE3641-TP-N-XXL,Top,JNE3641,XXL,2,1045.1399999999999,348.37999999999994,3,412,410,50,In Stock
JNE3642-TP-L,Top,JNE3642,L,3,963.0,321.0,3,394,391,50,In Stock
JNE3642-TP-S,Top,JNE3642,S,5,1637.0,327.4,5,380,375,50,In Stock
JNE3642-TP-XL,Top,JNE3642,XL,3,1276.71,319.1775,4,316,313,50,In Stock
JNE3642-TP-XS,Top,JNE3642,XS,9,2919.0,324.3333333333333,9,408,399,50,In Stock
JNE3642-TP-XXL,Top,JNE3642,XXL,7,2560.33,320.04125,8,206,199,50,In Stock
JNE3643-TP-N-L,Top,JNE3643,L,8,2072.0,259.0,8,260,252,50,In Stock
JNE3643-TP-N-S,Top,JNE3643,S,3,518.0,172.66666666666666,3,370,367,50,In Stock
JNE3643-TP-N-XL,Top,JNE3643,XL,9,2694.67,269.467,10,470,461,50,In Stock
JNE3643-TP-N-XS,Top,JNE3643,XS,5,1295.0,259.0,5,100,95,50,In Stock
JNE3643-TP-N-XXL,Top,JNE3643,XXL,3,777.0,259.0,3,293,290,50,In Stock
JNE3644-TP-N-S,Top,JNE3644,S,6,1872.0,312.0,6,376,370,50,In Stock
JNE3644-TP-N-XL,Top,JNE3644,XL,6,2744.29,304.9211111111111,9,129,123,50,In Stock
JNE3644-TP-N-XS,Top,JNE3644,XS,2,598.0,299.0,2,449,447,50,In Stock
JNE3644-TP-N-XXL,Top,JNE3644,XXL,11,3299.0,299.90909090909093,11,102,91,50,In Stock
JNE3645-TP-N-L,Top,JNE3645,L,65,28380.0,436.61538461538464,65,418,353,50,In Stock
JNE3645-TP-N-M,Top,JNE3645,M,58,25851.43,453.5338596491228,57,250,192,50,In Stock
JNE3645-TP-N-S,Top,JNE3645,S,47,21078.52,439.1358333333333,48,239,192,50,In Stock
JNE3645-TP-N-XL,Top,JNE3645,XL,40,18014.43,439.37634146341463,41,255,215,50,In Stock
JNE3645-TP-N-XS,Top,JNE3645,XS,40,17521.0,438.025,40,242,202,50,In Stock
JNE3645-TP-N-XXL,Top,JNE3645,XXL,43,19095.0,444.06976744186045,43,150,107,50,In Stock
JNE3647-TP-N-XS,Top,JNE3647,XS,8,2644.0,330.5,8,489,481,50,In Stock
JNE3647-TP-N-XXL,Top,JNE3647,XXL,1,330.0,330.0,1,102,101,50,In Stock
JNE3648-TP-N-L,Top,JNE3648,L,10,5149.0,514.9,10,191,181,50,In Stock
JNE3648-TP-N-M,Top,JNE3648,M,16,9152.14,508.4522222222222,18,175,159,50,In Stock
JNE3648-TP-N-S,Top,JNE3648,S,12,7142.139999999999,510.1528571428571,14,285,273,50,In Stock
JNE3648-TP-N-XL,Top,JNE3648,XL,4,2041.0,510.25,4,339,335,50,In Stock
JNE3648-TP-N-XS,Top,JNE3648,XS,8,4458.24,495.35999999999996,9,150,142,50,In Stock
JNE3648-TP-N-XXL,Top,JNE3648,XXL,10,5142.0,514.2,10,345,335,50,In Stock
JNE3649-TP-N-XS,Top,JNE3649,XS,2,754.0,377.0,2,477,475,50,In Stock
JNE3649-TP-N-XXL,Top,JNE3649,XXL,1,377.0,377.0,1,403,402,50,In Stock
JNE3651-TP-N-L,Top,JNE3651,L,8,4119.33,457.7033333333333,9,300,292,50,In Stock
JNE3651-TP-N-M,Top,JNE3651,M,15,7658.0,547.0,14,439,424,50,In Stock
JNE3651-TP-N-S,Top,JNE3651,S,3,1554.0,518.0,3,248,245,50,In Stock
JNE3651-TP-N-XL,Top,JNE3651,XL,9,4624.0,513.7777777777778,9,413,404,50,In Stock
JNE3651-TP-N-XS,Top,JNE3651,XS,2,1017.0,508.5,2,208,206,50,In Stock
JNE3651-TP-N-XXL,Top,JNE3651,XXL,6,3108.0,518.0,6,307,301,50,In Stock
JNE3652-TP-N-L,Top,JNE3652,L,18,5755.0,319.72222222222223,18,271,253,50,In Stock
JNE3652-TP-N-M,Top,JNE3652,M,19,6432.0,338.5263157894737,19,273,254,50,In Stock
JNE3652-TP-N-S,Top,JNE3652,S,12,4062.0,338.5,12,406,394,50,In Stock
JNE3652-TP-N-XL,Top,JNE3652,XL,14,4384.0,313.14285714285717,14,247,233,50,In Stock
JNE3652-TP-N-XS,Top,JNE3652,XS,7,2369.0,338.42857142857144,7,452,445,50,In Stock
JNE3652-TP-N-XXL,Top,JNE3652,XXL,14,5684.62,334.38941176470587,17,131,117,50,In Stock
JNE3653-TP-N-XL,Top,JNE3653,XL,6,2154.0,359.0,6,371,365,50,In Stock
JNE3653-TP-N-XXL,Top,JNE3653,XXL,2,713.0,356.5,2,374,372,50,In Stock
JNE3654-TP-L,Top,JNE3654,L,35,14199.29,364.084358974359,39,251,216,50,In Stock
JNE3654-TP-M,Top,JNE3654,M,42,17896.76,372.84916666666663,48,204,162,50,In Stock
JNE3654-TP-S,Top,JNE3654,S,5,1903.0,380.6,5,403,398,50,In Stock
JNE3654-TP-XL,Top,JNE3654,XL,23,8719.0,396.3181818181818,22,347,324,50,In Stock
JNE3654-TP-XS,Top,JNE3654,XS,8,3801.14,380.114,10,316,308,50,In Stock
JNE3654-TP-XXL,Top,JNE3654,XXL,14,5263.0,375.92857142857144,14,349,335,50,In Stock
JNE3655-TP-L,Top,JNE3655,L,5,1645.0,329.0,5,118,113,50,In Stock
JNE3655-TP-M,Top,JNE3655,M,9,2937.0,326.3333333333333,9,231,222,50,In Stock
JNE3655-TP-S,Top,JNE3655,S,1,642.3299999999999,321.16499999999996,2,380,379,50,In Stock
JNE3655-TP-XL,Top,JNE3655,XL,5,1292.0,258.4,5,432,427,50,In Stock
JNE3655-TP-XS,Top,JNE3655,XS,1,329.0,329.0,1,205,204,50,In Stock
JNE3655-TP-XXL,Top,JNE3655,XXL,4,1316.0,329.0,4,419,415,50,In Stock
JNE3656-TP-N-L,Top,JNE3656,L,5,2184.0,436.8,5,331,326,50,In Stock
JNE3656-TP-N-M,Top,JNE3656,M,7,4868.34,540.9266666666667,9,279,272,50,In Stock
JNE3656-TP-N-S,Top,JNE3656,S,2,1058.0,529.0,2,153,151,50,In Stock
JNE3656-TP-N-XXL,Top,JNE3656,XXL,1,518.0,518.0,1,272,271,50,In Stock
JNE3657-TP-XS,Top,JNE3657,XS,3,1005.0,335.0,3,132,129,50,In Stock
JNE3657-TP-XXL,Top,JNE3657,XXL,2,676.0,338.0,2,130,128,50,In Stock
JNE3658-TP-L,Top,JNE3658,L,5,2122.14,353.69,6,470,465,50,In Stock
JNE3658-TP-M,Top,JNE3658,M,8,2846.0,355.75,8,389,381,50,In Stock
JNE3658-TP-S,Top,JNE3658,S,5,1791.0,358.2,5,296,291,50,In Stock
JNE3658-TP-XL,Top,JNE3658,XL,5,1802.0,360.4,5,312,307,50,In Stock
JNE3658-TP-XS,Top,JNE3658,XS,4,1768.1399999999999,353.628,5,229,225,50,In Stock
JNE3658-TP-XXL,Top,JNE3658,XXL,4,1431.0,357.75,4,383,379,50,In Stock
JNE3659-TP-N-L,Top,JNE3659,L,24,13150.56,487.05777777777774,27,380,356,50,In Stock
JNE3659-TP-N-M,Top,JNE3659,M,19,9337.0,491.42105263157896,19,137,118,50,In Stock
JNE3659-TP-N-S,Top,JNE3659,S,3,1479.0,493.0,3,261,258,50,In Stock
JNE3659-TP-N-XL,Top,JNE3659,XL,27,12705.95,453.7839285714286,28,143,116,50,In Stock
JNE3659-TP-N-XS,Top,JNE3659,XS,8,2958.0,369.75,8,227,219,50,In Stock
JNE3659-TP-N-XXL,Top,JNE3659,XXL,36,18049.52,501.3755555555556,36,151,115,50,In Stock
JNE3660-TP-N-L,Top,JNE3660,L,7,2657.0,379.57142857142856,7,282,275,50,In Stock
JNE3660-TP-N-M,Top,JNE3660,M,4,1505.38,301.076,5,100,96,50,In Stock
JNE3660-TP-N-S,Top,JNE3660,S,6,2326.0,387.6666666666667,6,362,356,50,In Stock
JNE3660-TP-N-XS,Top,JNE3660,XS,5,1895.0,379.0,5,155,150,50,In Stock
JNE3660-TP-N-XXL,Top,JNE3660,XXL,8,2677.0,334.625,8,416,408,50,In Stock
JNE3661-TP-XL,Top,JNE3661,XL,2,591.0,295.5,2,375,373,50,In Stock
JNE3661-TP-XS,Top,JNE3661,XS,2,614.0,307.0,2,187,185,50,In Stock
JNE3661-TP-XXL,Top,JNE3661,XXL,3,901.0,300.3333333333333,3,151,148,50,In Stock
JNE3662-TP-S,Top,JNE3662,S,8,3928.57,392.857,10,277,269,50,In Stock
JNE3662-TP-XS,Top,JNE3662,XS,5,1995.0,399.0,5,129,124,50,In Stock
JNE3662-TP-XXL,Top,JNE3662,XXL,3,1197.0,399.0,3,498,495,50,In Stock
JNE3663-TP-M,Top,JNE3663,M,0,341.9,341.9,1,188,188,50,In Stock
JNE3665-TP-L,Top,JNE3665,L,3,1550.0,516.6666666666666,3,231,228,50,In Stock
JNE3665-TP-M,Top,JNE3665,M,4,2081.0,520.25,4,438,434,50,In Stock
JNE3665-TP-S,Top,JNE3665,S,8,4015.0,501.875,8,146,138,50,In Stock
JNE3665-TP-XL,Top,JNE3665,XL,5,3088.05,514.6750000000001,6,282,277,50,In Stock
JNE3665-TP-XS,Top,JNE3665,XS,5,2569.0,513.8,5,439,434,50,In Stock
JNE3666-TP-L,Top,JNE3666,L,4,1196.0,299.0,4,102,98,50,In Stock
JNE3666-TP-M,Top,JNE3666,M,2,598.0,299.0,2,489,487,50,In Stock
JNE3666-TP-S,Top,JNE3666,S,2,598.0,299.0,2,193,191,50,In Stock
JNE3666-TP-XL,Top,JNE3666,XL,4,1200.0,300.0,4,390,386,50,In Stock
JNE3666-TP-XS,Top,JNE3666,XS,3,897.0,299.0,3,179,176,50,In Stock
JNE3666-TP-XXL,Top,JNE3666,XXL,3,899.0,299.6666666666667,3,399,396,50,In Stock
JNE3667-TP-L,Top,JNE3667,L,3,1294.62,323.655,4,411,408,50,In Stock
JNE3667-TP-M,Top,JNE3667,M,5,1645.0,329.0,5,470,465,50,In Stock
JNE3667-TP-XL,Top,JNE3667,XL,2,658.0,329.0,2,146,144,50,In Stock
JNE3667-TP-XXL,Top,JNE3667,XXL,3,981.0,327.0,3,113,110,50,In Stock
JNE3668-TP-N-L,Top,JNE3668,L,2,1017.0,508.5,2,454,452,50,In Stock
JNE3668-TP-N-M,Top,JNE3668,M,2,1036.0,518.0,2,213,211,50,In Stock
JNE3668-TP-N-S,Top,JNE3668,S,3,1554.0,518.0,3,297,294,50,In Stock
JNE3668-TP-N-XL,Top,JNE3668,XL,4,2053.0,513.25,4,257,253,50,In Stock
JNE3668-TP-N-XXL,Top,JNE3668,XXL,2,998.0,499.0,2,237,235,50,In Stock
JNE3669-TU-S,Top,JNE3669,S,6,3465.0,577.5,6,278,272,50,In Stock
JNE3669-TU-XL,Top,JNE3669,XL,1,625.0,625.0,1,243,242,50,In Stock
JNE3669-TU-XXL,Top,JNE3669,XXL,9,5599.0,622.1111111111111,9,472,463,50,In Stock
JNE3669-TU-XXXL,Top,JNE3669,3XL,2,1359.0,679.5,2,427,425,50,In Stock
JNE3670-TU-L,Top,JNE3670,L,6,2350.0,391.6666666666667,6,459,453,50,In Stock
JNE3670-TU-M,Top,JNE3670,M,3,1555.0,388.75,4,403,400,50,In Stock
JNE3670-TU-S,Top,JNE3670,S,5,1962.0,392.4,5,245,240,50,In Stock
JNE3670-TU-XL,Top,JNE3670,XL,1,388.0,388.0,1,334,333,50,In Stock
JNE3670-TU-XS,Top,JNE3670,XS,11,5080.0,390.7692307692308,13,363,352,50,In Stock
JNE3670-TU-XXL,Top,JNE3670,XXL,7,2770.0,395.7142857142857,7,120,113,50,In Stock
JNE3670-TU-XXXL,Top,JNE3670,3XL,4,1954.0,390.8,5,315,311,50,In Stock
JNE3671-TU-L,Top,JNE3671,L,9,4898.0,544.2222222222222,9,458,449,50,In Stock
JNE3671-TU-M,Top,JNE3671,M,7,4213.0,842.6,5,397,390,50,In Stock
JNE3671-TU-S,Top,JNE3671,S,10,5384.0,538.4,10,426,416,50,In Stock
JNE3671-TU-XL,Top,JNE3671,XL,5,3088.0,772.0,4,137,132,50,In Stock
JNE3671-TU-XS,Top,JNE3671,XS,8,4847.0,605.875,8,415,407,50,In Stock
JNE3671-TU-XXL,Top,JNE3671,XXL,12,7316.0,609.6666666666666,12,497,485,50,In Stock
JNE3671-TU-XXXL,Top,JNE3671,3XL,12,7789.24,599.1723076923076,13,163,151,50,In Stock
JNE3672-TU-L,Top,JNE3672,L,4,2842.67,568.534,5,227,223,50,In Stock
JNE3672-TU-M,Top,JNE3672,M,6,3444.0,574.0,6,113,107,50,In Stock
JNE3672-TU-S,Top,JNE3672,S,2,1114.0,557.0,2,270,268,50,In Stock
JNE3672-TU-XL,Top,JNE3672,XL,4,2520.0,630.0,4,192,188,50,In Stock
JNE3672-TU-XS,Top,JNE3672,XS,1,574.0,574.0,1,469,468,50,In Stock
JNE3672-TU-XXL,Top,JNE3672,XXL,2,1148.0,574.0,2,378,376,50,In Stock
JNE3672-TU-XXXL,Top,JNE3672,3XL,7,3444.0,492.0,7,233,226,50,In Stock
JNE3673-TU-L,Top,JNE3673,L,4,2396.0,599.0,4,208,204,50,In Stock
JNE3673-TU-M,Top,JNE3673,M,8,4792.0,798.6666666666666,6,204,196,50,In Stock
JNE3673-TU-S,Top,JNE3673,S,3,1198.0,399.3333333333333,3,237,234,50,In Stock
JNE3673-TU-XL,Top,JNE3673,XL,4,2396.0,599.0,4,283,279,50,In Stock
JNE3673-TU-XS,Top,JNE3673,XS,3,1797.0,599.0,3,175,172,50,In Stock
JNE3673-TU-XXXL,Top,JNE3673,3XL,2,1198.0,599.0,2,407,405,50,In Stock
JNE3674-TU-L,Top,JNE3674,L,10,7346.01,565.0776923076924,13,284,274,50,In Stock
JNE3674-TU-M,Top,JNE3674,M,5,2836.0,567.2,5,120,115,50,In Stock
JNE3674-TU-S,Top,JNE3674,S,6,2870.0,478.3333333333333,6,253,247,50,In Stock
JNE3674-TU-XL,Top,JNE3674,XL,6,3444.0,574.0,6,235,229,50,In Stock
JNE3674-TU-XS,Top,JNE3674,XS,2,1372.0,686.0,2,142,140,50,In Stock
JNE3674-TU-XXL,Top,JNE3674,XXL,9,4816.0,602.0,8,180,171,50,In Stock
JNE3674-TU-XXXL,Top,JNE3674,3XL,6,3444.0,574.0,6,340,334,50,In Stock
JNE3675-TU-L,Top,JNE3675,L,18,9701.0,538.9444444444445,18,462,444,50,In Stock
JNE3675-TU-M,Top,JNE3675,M,14,7545.0,538.9285714285714,14,384,370,50,In Stock
JNE3675-TU-S,Top,JNE3675,S,10,5358.0,535.8,10,328,318,50,In Stock
JNE3675-TU-XL,Top,JNE3675,XL,5,3227.04,537.84,6,108,103,50,In Stock
JNE3675-TU-XS,Top,JNE3675,XS,5,2708.0,541.6,5,115,110,50,In Stock
JNE3675-TU-XXL,Top,JNE3675,XXL,12,7078.05,544.4653846153847,13,282,270,50,In Stock
JNE3675-TU-XXXL,Top,JNE3675,3XL,12,6583.0,548.5833333333334,12,162,150,50,In Stock
JNE3676-TU-L,Top,JNE3676,L,4,1895.24,379.048,5,375,371,50,In Stock
JNE3676-TU-M,Top,JNE3676,M,1,385.0,385.0,1,285,284,50,In Stock
JNE3676-TU-S,Top,JNE3676,S,2,770.0,385.0,2,378,376,50,In Stock
JNE3676-TU-XL,Top,JNE3676,XL,1,385.0,385.0,1,468,467,50,In Stock
JNE3676-TU-XS,Top,JNE3676,XS,1,449.0,449.0,1,235,234,50,In Stock
JNE3676-TU-XXL,Top,JNE3676,XXL,3,1143.0,381.0,3,304,301,50,In Stock
JNE3676-TU-XXXL,Top,JNE3676,3XL,2,770.0,385.0,2,485,483,50,In Stock
JNE3678-TU-M,Top,JNE3678,M,2,1063.0,531.5,2,391,389,50,In Stock
JNE3678-TU-S,Top,JNE3678,S,1,545.0,545.0,1,324,323,50,In Stock
JNE3678-TU-XL,Top,JNE3678,XL,4,2080.0,520.0,4,330,326,50,In Stock
JNE3678-TU-XXXL,Top,JNE3678,3XL,3,1581.0,527.0,3,384,381,50,In Stock
JNE3679-TU-L,Top,JNE3679,L,8,4121.33,412.133,10,299,291,50,In Stock
JNE3679-TU-M,Top,JNE3679,M,1,399.0,399.0,1,267,266,50,In Stock
JNE3679-TU-S,Top,JNE3679,S,1,412.0,412.0,1,361,360,50,In Stock
JNE3680-TU-A-L,Top,JNE3680,L,3,1697.0,565.6666666666666,3,265,262,50,In Stock
JNE3680-TU-M,Top,JNE3680,M,13,7958.67,568.4764285714285,14,206,193,50,In Stock
JNE3680-TU-S,Top,JNE3680,S,5,2870.0,574.0,5,407,402,50,In Stock
JNE3680-TU-XL,Top,JNE3680,XL,3,1697.0,565.6666666666666,3,452,449,50,In Stock
JNE3680-TU-XS,Top,JNE3680,XS,4,1688.0,422.0,4,178,174,50,In Stock
JNE3680-TU-XXL,Top,JNE3680,XXL,16,9066.0,647.5714285714286,14,303,287,50,In Stock
JNE3680-TU-XXXL,Top,JNE3680,3XL,11,5166.0,469.6363636363636,11,133,122,50,In Stock
JNE3683-TU-S,Top,JNE3683,S,2,698.0,349.0,2,325,323,50,In Stock
JNE3683-TU-XL,Top,JNE3683,XL,1,349.0,349.0,1,400,399,50,In Stock
JNE3683-TU-XS,Top,JNE3683,XS,2,698.0,349.0,2,496,494,50,In Stock
JNE3684-TU-L,Top,JNE3684,L,5,1583.0,316.6,5,200,195,50,In Stock
JNE3684-TU-M,Top,JNE3684,M,2,1189.3400000000001,297.33500000000004,4,107,105,50,In Stock
JNE3684-TU-S,Top,JNE3684,S,4,1236.0,309.0,4,122,118,50,In Stock
JNE3684-TU-XL,Top,JNE3684,XL,2,630.0,315.0,2,266,264,50,In Stock
JNE3684-TU-XS,Top,JNE3684,XS,6,1865.0,310.8333333333333,6,166,160,50,In Stock
JNE3684-TU-XXXL,Top,JNE3684,3XL,3,917.0,305.6666666666667,3,341,338,50,In Stock
JNE3686-TU-L,Top,JNE3686,L,5,2169.0,433.8,5,237,232,50,In Stock
JNE3686-TU-M,Top,JNE3686,M,4,1290.0,322.5,4,494,490,50,In Stock
JNE3686-TU-S,Top,JNE3686,S,1,425.0,425.0,1,163,162,50,In Stock
JNE3686-TU-XL,Top,JNE3686,XL,11,4345.0,395.0,11,211,200,50,In Stock
JNE3686-TU-XS,Top,JNE3686,XS,6,2592.0,432.0,6,221,215,50,In Stock
JNE3686-TU-XXL,Top,JNE3686,XXL,5,2564.43,427.405,6,325,320,50,In Stock
JNE3686-TU-XXXL,Top,JNE3686,3XL,4,1714.0,428.5,4,365,361,50,In Stock
JNE3687-TU-L,Top,JNE3687,L,7,3823.0,546.1428571428571,7,162,155,50,In Stock
JNE3687-TU-M,Top,JNE3687,M,3,1090.0,363.3333333333333,3,127,124,50,In Stock
JNE3687-TU-XL,Top,JNE3687,XL,5,2729.0,545.8,5,121,116,50,In Stock
JNE3687-TU-XS,Top,JNE3687,XS,2,1090.0,545.0,2,351,349,50,In Stock
JNE3687-TU-XXL,Top,JNE3687,XXL,5,3226.1,460.87142857142857,7,254,249,50,In Stock
JNE3687-TU-XXXL,Top,JNE3687,3XL,1,1064.05,532.025,2,491,490,50,In Stock
JNE3688-TU-L,Top,JNE3688,L,4,2396.0,599.0,4,396,392,50,In Stock
JNE3688-TU-M,Top,JNE3688,M,2,1435.0,717.5,2,296,294,50,In Stock
JNE3688-TU-XL,Top,JNE3688,XL,8,5029.0,628.625,8,233,225,50,In Stock
JNE3688-TU-XS,Top,JNE3688,XS,6,4662.96,582.87,8,460,454,50,In Stock
JNE3688-TU-XXL,Top,JNE3688,XXL,4,2396.0,599.0,4,231,227,50,In Stock
JNE3688-TU-XXXL,Top,JNE3688,3XL,1,599.0,599.0,1,347,346,50,In Stock
JNE3689-TU-L,Top,JNE3689,L,9,4337.33,433.733,10,487,478,50,In Stock
JNE3689-TU-M,Top,JNE3689,M,11,4826.0,438.72727272727275,11,166,155,50,In Stock
JNE3689-TU-S,Top,JNE3689,S,10,4405.0,440.5,10,400,390,50,In Stock
JNE3689-TU-XL,Top,JNE3689,XL,5,2648.33,441.3883333333333,6,241,236,50,In Stock
JNE3689-TU-XS,Top,JNE3689,XS,6,3082.33,440.3328571428571,7,274,268,50,In Stock
JNE3689-TU-XXL,Top,JNE3689,XXL,8,3516.33,390.7033333333333,9,215,207,50,In Stock
JNE3689-TU-XXXL,Top,JNE3689,3XL,9,3906.0,434.0,9,290,281,50,In Stock
JNE3690-TU-L,Top,JNE3690,L,27,14083.0,521.5925925925926,27,316,289,50,In Stock
JNE3690-TU-M,Top,JNE3690,M,35,18236.85,506.57916666666665,36,270,235,50,In Stock
JNE3690-TU-S,Top,JNE3690,S,29,14543.0,501.48275862068965,29,204,175,50,In Stock
JNE3690-TU-XL,Top,JNE3690,XL,38,19231.0,506.07894736842104,38,202,164,50,In Stock
JNE3690-TU-XS,Top,JNE3690,XS,17,8107.0,476.88235294117646,17,458,441,50,In Stock
JNE3690-TU-XXL,Top,JNE3690,XXL,19,9774.0,514.421052631579,19,220,201,50,In Stock
JNE3690-TU-XXXL,Top,JNE3690,3XL,19,10992.66,523.46,21,169,150,50,In Stock
JNE3691-TU-L,Top,JNE3691,L,25,17874.52,638.3757142857143,28,202,177,50,In Stock
JNE3691-TU-M,Top,JNE3691,M,30,19366.0,645.5333333333333,30,254,224,50,In Stock
JNE3691-TU-S,Top,JNE3691,S,19,12623.0,664.3684210526316,19,259,240,50,In Stock
JNE3691-TU-XL,Top,JNE3691,XL,27,19292.14,689.005,28,251,224,50,In Stock
JNE3691-TU-XS,Top,JNE3691,XS,6,4065.0,677.5,6,363,357,50,In Stock
JNE3691-TU-XXL,Top,JNE3691,XXL,6,4010.0,668.3333333333334,6,185,179,50,In Stock
JNE3691-TU-XXXL,Top,JNE3691,3XL,6,4350.0,725.0,6,149,143,50,In Stock
JNE3693-KR-M,kurta,JNE3693,M,5,1591.0,318.2,5,244,239,50,In Stock
JNE3693-KR-S,kurta,JNE3693,S,3,939.0,313.0,3,163,160,50,In Stock
JNE3693-KR-XXL,kurta,JNE3693,XXL,4,1274.0,318.5,4,359,355,50,In Stock
JNE3694-KR-L,kurta,JNE3694,L,1,295.0,295.0,1,430,429,50,In Stock
JNE3694-KR-M,kurta,JNE3694,M,2,590.0,295.0,2,234,232,50,In Stock
JNE3694-KR-S,kurta,JNE3694,S,1,295.0,295.0,1,102,101,50,In Stock
JNE3694-KR-XL,kurta,JNE3694,XL,2,590.0,295.0,2,163,161,50,In Stock
JNE3695-KR-M,kurta,JNE3695,M,6,2056.95,293.84999999999997,7,309,303,50,In Stock
JNE3695-KR-S,kurta,JNE3695,S,2,596.0,298.0,2,109,107,50,In Stock
JNE3695-KR-XL,kurta,JNE3695,XL,1,301.0,301.0,1,363,362,50,In Stock
JNE3697-KR-L,kurta,JNE3697,L,40,20772.76,483.0874418604651,43,351,311,50,In Stock
JNE3697-KR-M,kurta,JNE3697,M,19,9700.57,461.9319047619048,21,460,441,50,In Stock
JNE3697-KR-S,kurta,JNE3697,S,21,10588.81,481.30954545454546,22,487,466,50,In Stock
JNE3697-KR-XL,kurta,JNE3697,XL,23,11820.57,454.6373076923077,26,218,195,50,In Stock
JNE3697-KR-XXL,kurta,JNE3697,XXL,25,11962.38,460.09153846153845,26,428,403,50,In Stock
JNE3698-KR-L,kurta,JNE3698,L,5,2159.0,431.8,5,339,334,50,In Stock
JNE3698-KR-M,kurta,JNE3698,M,4,1672.0,418.0,4,220,216,50,In Stock
JNE3698-KR-S,kurta,JNE3698,S,3,1355.0,451.6666666666667,3,432,429,50,In Stock
JNE3698-KR-XL,kurta,JNE3698,XL,4,1860.0,465.0,4,153,149,50,In Stock
JNE3698-KR-XXL,kurta,JNE3698,XXL,14,6026.0,430.42857142857144,14,350,336,50,In Stock
JNE3700-KR-L,kurta,JNE3700,L,1,299.0,299.0,1,418,417,50,In Stock
JNE3700-KR-M,kurta,JNE3700,M,1,318.0,318.0,1,137,136,50,In Stock
JNE3700-KR-S,kurta,JNE3700,S,4,1196.0,299.0,4,245,241,50,In Stock
JNE3700-KR-XS,kurta,JNE3700,XS,1,583.76,291.88,2,257,256,50,In Stock
JNE3700-KR-XXL,kurta,JNE3700,XXL,2,598.0,299.0,2,459,457,50,In Stock
JNE3700-KR-XXXL,kurta,JNE3700,3XL,1,299.0,299.0,1,274,273,50,In Stock
JNE3701-KR-L,kurta,JNE3701,L,6,2262.0,377.0,6,211,205,50,In Stock
JNE3701-KR-M,kurta,JNE3701,M,2,666.0,333.0,2,192,190,50,In Stock
JNE3701-KR-S,kurta,JNE3701,S,2,666.0,333.0,2,126,124,50,In Stock
JNE3701-KR-XL,kurta,JNE3701,XL,7,2661.0,380.14285714285717,7,143,136,50,In Stock
JNE3701-KR-XS,kurta,JNE3701,XS,3,1131.0,377.0,3,348,345,50,In Stock
JNE3701-KR-XXL,kurta,JNE3701,XXL,1,333.0,333.0,1,347,346,50,In Stock
JNE3701-KR-XXXL,kurta,JNE3701,3XL,3,1131.0,377.0,3,246,243,50,In Stock
JNE3702-KR-L,kurta,JNE3702,L,11,3768.0,342.54545454545456,11,189,178,50,In Stock
JNE3702-KR-M,kurta,JNE3702,M,5,1710.0,342.0,5,474,469,50,In Stock
JNE3702-KR-S,kurta,JNE3702,S,1,342.0,342.0,1,113,112,50,In Stock
JNE3702-KR-XL,kurta,JNE3702,XL,6,2377.71,339.67285714285714,7,131,125,50,In Stock
JNE3702-KR-XS,kurta,JNE3702,XS,3,1015.0,338.3333333333333,3,184,181,50,In Stock
JNE3702-KR-XXL,kurta,JNE3702,XXL,4,1368.0,342.0,4,419,415,50,In Stock
JNE3702-KR-XXXL,kurta,JNE3702,3XL,8,2736.0,342.0,8,113,105,50,In Stock
JNE3703-KR-L,kurta,JNE3703,L,36,11548.9,303.9184210526316,38,391,355,50,In Stock
JNE3703-KR-M,kurta,JNE3703,M,28,8812.95,303.89482758620693,29,183,155,50,In Stock
JNE3703-KR-S,kurta,JNE3703,S,17,5717.06,300.89789473684215,19,457,440,50,In Stock
JNE3703-KR-XL,kurta,JNE3703,XL,27,9077.8,292.8322580645161,31,208,181,50,In Stock
JNE3703-KR-XS,kurta,JNE3703,XS,9,2799.0,311.0,9,140,131,50,In Stock
JNE3703-KR-XXL,kurta,JNE3703,XXL,30,9657.0,292.6363636363636,33,248,218,50,In Stock
JNE3704-KR-L,kurta,JNE3704,L,7,3403.0,486.14285714285717,7,348,341,50,In Stock
JNE3704-KR-M,kurta,JNE3704,M,7,3379.81,422.47625,8,325,318,50,In Stock
JNE3704-KR-S,kurta,JNE3704,S,6,2922.0,487.0,6,126,120,50,In Stock
JNE3704-KR-XL,kurta,JNE3704,XL,3,1449.0,483.0,3,238,235,50,In Stock
JNE3704-KR-XS,kurta,JNE3704,XS,7,3397.0,485.2857142857143,7,266,259,50,In Stock
JNE3704-KR-XXL,kurta,JNE3704,XXL,2,974.0,487.0,2,380,378,50,In Stock
JNE3704-KR-XXXL,kurta,JNE3704,3XL,7,3409.0,487.0,7,353,346,50,In Stock
JNE3706-DR-L,Western Dress,JNE3706,L,30,13069.9,421.60967741935485,31,164,134,50,In Stock
JNE3706-DR-M,Western Dress,JNE3706,M,15,6530.0,384.11764705882354,17,412,397,50,In Stock
JNE3706-DR-S,Western Dress,JNE3706,S,6,2961.33,423.04714285714283,7,109,103,50,In Stock
JNE3706-DR-XL,Western Dress,JNE3706,XL,14,5814.0,415.2857142857143,14,385,371,50,In Stock
JNE3706-DR-XS,Western Dress,JNE3706,XS,3,1632.9,408.225,4,384,381,50,In Stock
JNE3706-DR-XXL,Western Dress,JNE3706,XXL,12,5409.9,416.1461538461538,13,317,305,50,In Stock
JNE3706-DR-XXXL,Western Dress,JNE3706,3XL,12,4501.0,375.0833333333333,12,460,448,50,In Stock
JNE3707-DR-L,Western Dress,JNE3707,L,11,5267.0,478.8181818181818,11,212,201,50,In Stock
JNE3707-DR-M,Western Dress,JNE3707,M,9,4852.38,485.238,10,214,205,50,In Stock
JNE3707-DR-S,Western Dress,JNE3707,S,3,1453.0,484.3333333333333,3,172,169,50,In Stock
JNE3707-DR-XL,Western Dress,JNE3707,XL,7,2934.0,419.14285714285717,7,270,263,50,In Stock
JNE3707-DR-XS,Western Dress,JNE3707,XS,4,1921.0,480.25,4,230,226,50,In Stock
JNE3707-DR-XXL,Western Dress,JNE3707,XXL,13,5910.0,454.61538461538464,13,254,241,50,In Stock
JNE3707-DR-XXXL,Western Dress,JNE3707,3XL,10,5335.38,485.0345454545455,11,336,326,50,In Stock
JNE3708-TU-L,Top,JNE3708,L,4,2819.0,704.75,4,137,133,50,In Stock
JNE3708-TU-M,Top,JNE3708,M,3,3052.14,763.035,4,394,391,50,In Stock
JNE3708-TU-S,Top,JNE3708,S,7,4889.0,698.4285714285714,7,177,170,50,In Stock
JNE3708-TU-XL,Top,JNE3708,XL,10,7675.14,697.74,11,176,166,50,In Stock
JNE3708-TU-XS,Top,JNE3708,XS,8,5963.0,745.375,8,457,449,50,In Stock
JNE3708-TU-XXL,Top,JNE3708,XXL,9,6446.0,716.2222222222222,9,358,349,50,In Stock
JNE3708-TU-XXXL,Top,JNE3708,3XL,5,3450.0,690.0,5,474,469,50,In Stock
JNE3709-DR-L,Western Dress,JNE3709,L,5,4042.0,808.4,5,489,484,50,In Stock
JNE3709-DR-M,Western Dress,JNE3709,M,7,5626.0,803.7142857142857,7,397,390,50,In Stock
JNE3709-DR-S,Western Dress,JNE3709,S,7,7093.58,788.1755555555555,9,366,359,50,In Stock
JNE3709-DR-XL,Western Dress,JNE3709,XL,7,5667.0,809.5714285714286,7,497,490,50,In Stock
JNE3709-DR-XS,Western Dress,JNE3709,XS,6,5588.29,798.3271428571428,7,384,378,50,In Stock
JNE3709-DR-XXL,Western Dress,JNE3709,XXL,6,4755.29,679.3271428571428,7,423,417,50,In Stock
JNE3709-DR-XXXL,Western Dress,JNE3709,3XL,10,8125.0,812.5,10,236,226,50,In Stock
JNE3710-DR-L,Western Dress,JNE3710,L,46,32550.14,692.5561702127659,47,160,114,50,In Stock
JNE3710-DR-M,Western Dress,JNE3710,M,24,16608.14,664.3256,25,326,302,50,In Stock
JNE3710-DR-S,Western Dress,JNE3710,S,28,21389.56,689.9858064516129,31,496,468,50,In Stock
JNE3710-DR-XL,Western Dress,JNE3710,XL,28,21390.42,690.0135483870968,31,464,436,50,In Stock
JNE3710-DR-XS,Western Dress,JNE3710,XS,18,12447.0,691.5,18,104,86,50,In Stock
JNE3710-DR-XXL,Western Dress,JNE3710,XXL,25,17331.0,693.24,25,178,153,50,In Stock
JNE3710-DR-XXXL,Western Dress,JNE3710,3XL,35,24869.71,690.8252777777777,36,248,213,50,In Stock
JNE3712-TP-N-L,Top,JNE3712,L,4,2072.0,518.0,4,276,272,50,In Stock
JNE3712-TP-N-M,Top,JNE3712,M,12,6166.0,513.8333333333334,12,150,138,50,In Stock
JNE3712-TP-N-S,Top,JNE3712,S,6,3570.33,510.04714285714283,7,311,305,50,In Stock
JNE3712-TP-N-XL,Top,JNE3712,XL,10,5149.0,572.1111111111111,9,442,432,50,In Stock
JNE3712-TP-N-XS,Top,JNE3712,XS,3,1554.0,518.0,3,165,162,50,In Stock
JNE3712-TP-N-XXL,Top,JNE3712,XXL,5,3045.33,507.555,6,341,336,50,In Stock
JNE3713-TP-N-S,Top,JNE3713,S,3,1077.0,359.0,3,241,238,50,In Stock
JNE3713-TP-N-XL,Top,JNE3713,XL,7,2416.0,345.14285714285717,7,416,409,50,In Stock
JNE3713-TP-N-XS,Top,JNE3713,XS,19,6740.0,354.7368421052632,19,283,264,50,In Stock
JNE3713-TP-N-XXL,Top,JNE3713,XXL,7,2825.14,353.1425,8,146,139,50,In Stock
JNE3714-KR-L,kurta,JNE3714,L,16,7057.95,392.10833333333335,18,163,147,50,In Stock
JNE3714-KR-M,kurta,JNE3714,M,10,4230.0,423.0,10,430,420,50,In Stock
JNE3714-KR-S,kurta,JNE3714,S,7,3291.0,470.14285714285717,7,142,135,50,In Stock
JNE3714-KR-XL,kurta,JNE3714,XL,10,4730.0,473.0,10,303,293,50,In Stock
JNE3714-KR-XS,kurta,JNE3714,XS,7,3263.43,407.92875,8,478,471,50,In Stock
JNE3714-KR-XXL,kurta,JNE3714,XXL,11,5211.0,473.72727272727275,11,191,180,50,In Stock
JNE3714-KR-XXXL,kurta,JNE3714,3XL,22,10861.81,472.25260869565216,23,179,157,50,In Stock
JNE3715-KR-L,kurta,JNE3715,L,4,1132.0,283.0,4,278,274,50,In Stock
JNE3715-KR-M,kurta,JNE3715,M,2,283.0,141.5,2,388,386,50,In Stock
JNE3715-KR-S,kurta,JNE3715,S,6,1692.0,282.0,6,297,291,50,In Stock
JNE3715-KR-XL,kurta,JNE3715,XL,5,1415.0,283.0,5,206,201,50,In Stock
JNE3715-KR-XS,kurta,JNE3715,XS,1,283.0,283.0,1,234,233,50,In Stock
JNE3715-KR-XXL,kurta,JNE3715,XXL,9,2810.52,312.28,9,369,360,50,In Stock
JNE3715-KR-XXXL,kurta,JNE3715,3XL,3,843.0,281.0,3,434,431,50,In Stock
JNE3716-KR-L,kurta,JNE3716,L,21,8571.0,408.14285714285717,21,316,295,50,In Stock
JNE3716-KR-M,kurta,JNE3716,M,11,4084.0,371.27272727272725,11,430,419,50,In Stock
JNE3716-KR-S,kurta,JNE3716,S,10,4183.0,418.3,10,151,141,50,In Stock
JNE3716-KR-XL,kurta,JNE3716,XL,17,6402.0,376.5882352941176,17,180,163,50,In Stock
JNE3716-KR-XS,kurta,JNE3716,XS,1,399.0,399.0,1,354,353,50,In Stock
JNE3716-KR-XXL,kurta,JNE3716,XXL,20,7774.0,388.7,20,281,261,50,In Stock
JNE3716-KR-XXXL,kurta,JNE3716,3XL,15,6096.0,406.4,15,116,101,50,In Stock
JNE3717-KR-L,kurta,JNE3717,L,3,843.0,281.0,3,277,274,50,In Stock
JNE3717-KR-M,kurta,JNE3717,M,2,828.6700000000001,276.22333333333336,3,494,492,50,In Stock
JNE3717-KR-S,kurta,JNE3717,S,1,271.0,271.0,1,404,403,50,In Stock
JNE3717-KR-XL,kurta,JNE3717,XL,2,542.0,271.0,2,168,166,50,In Stock
JNE3717-KR-XXL,kurta,JNE3717,XXL,1,271.0,271.0,1,153,152,50,In Stock
JNE3718-KR-L,kurta,JNE3718,L,29,12078.0,416.48275862068965,29,198,169,50,In Stock
JNE3718-KR-M,kurta,JNE3718,M,31,13535.0,436.61290322580646,31,328,297,50,In Stock
JNE3718-KR-S,kurta,JNE3718,S,23,9572.0,416.17391304347825,23,103,80,50,In Stock
JNE3718-KR-XL,kurta,JNE3718,XL,32,13326.0,416.4375,32,429,397,50,In Stock
JNE3718-KR-XS,kurta,JNE3718,XS,15,6345.0,423.0,15,444,429,50,In Stock
JNE3718-KR-XXL,kurta,JNE3718,XXL,24,10573.67,422.9468,25,230,206,50,In Stock
JNE3718-KR-XXXL,kurta,JNE3718,3XL,48,20813.0,433.6041666666667,48,489,441,50,In Stock
JNE3719-KR-L,kurta,JNE3719,L,1,399.0,399.0,1,210,209,50,In Stock
JNE3719-KR-M,kurta,JNE3719,M,1,399.0,399.0,1,464,463,50,In Stock
JNE3719-KR-S,kurta,JNE3719,S,1,399.0,399.0,1,345,344,50,In Stock
JNE3719-KR-XS,kurta,JNE3719,XS,1,399.0,399.0,1,306,305,50,In Stock
JNE3719-KR-XXL,kurta,JNE3719,XXL,1,399.0,399.0,1,109,108,50,In Stock
JNE3720-KR-L,kurta,JNE3720,L,3,1551.0,517.0,3,227,224,50,In Stock
JNE3720-KR-M,kurta,JNE3720,M,5,3569.76,509.96571428571434,7,178,173,50,In Stock
JNE3720-KR-S,kurta,JNE3720,S,3,1982.8600000000001,495.71500000000003,4,158,155,50,In Stock
JNE3720-KR-XL,kurta,JNE3720,XL,9,6099.14,508.2616666666667,12,218,209,50,In Stock
JNE3720-KR-XS,kurta,JNE3720,XS,9,5114.38,511.438,10,262,253,50,In Stock
JNE3720-KR-XXL,kurta,JNE3720,XXL,3,2535.76,507.15200000000004,5,391,388,50,In Stock
JNE3720-KR-XXXL,kurta,JNE3720,3XL,12,6204.0,517.0,12,425,413,50,In Stock
JNE3721-KR-L,kurta,JNE3721,L,66,20518.1,306.2402985074627,67,473,407,50,In Stock
JNE3721-KR-M,kurta,JNE3721,M,45,14664.34,305.50708333333336,48,255,210,50,In Stock
JNE3721-KR-S,kurta,JNE3721,S,32,10479.67,308.22558823529414,34,122,90,50,In Stock
JNE3721-KR-XL,kurta,JNE3721,XL,68,23304.88,306.6431578947369,76,207,139,50,In Stock
JNE3721-KR-XS,kurta,JNE3721,XS,36,12662.67,316.56675,40,156,120,50,In Stock
JNE3721-KR-XXL,kurta,JNE3721,XXL,66,22451.78,307.55863013698627,73,374,308,50,In Stock
JNE3721-KR-XXXL,kurta,JNE3721,3XL,3,924.0,308.0,3,167,164,50,In Stock
JNE3722-KR-L,kurta,JNE3722,L,9,2595.0,288.3333333333333,9,424,415,50,In Stock
JNE3722-KR-M,kurta,JNE3722,M,3,1124.67,281.1675,4,245,242,50,In Stock
JNE3722-KR-S,kurta,JNE3722,S,8,2014.0,251.75,8,499,491,50,In Stock
JNE3722-KR-XL,kurta,JNE3722,XL,20,6291.2,285.96363636363634,22,143,123,50,In Stock
JNE3722-KR-XS,kurta,JNE3722,XS,1,280.0,280.0,1,447,446,50,In Stock
JNE3722-KR-XXL,kurta,JNE3722,XXL,12,3755.67,288.8976923076923,13,293,281,50,In Stock
JNE3724-KR-L,kurta,JNE3724,L,19,9937.24,496.86199999999997,20,338,319,50,In Stock
JNE3724-KR-M,kurta,JNE3724,M,12,6930.48,495.03428571428566,14,179,167,50,In Stock
JNE3724-KR-S,kurta,JNE3724,S,9,4487.0,498.55555555555554,9,471,462,50,In Stock
JNE3724-KR-XL,kurta,JNE3724,XL,17,9872.91,493.64549999999997,20,232,215,50,In Stock
JNE3724-KR-XS,kurta,JNE3724,XS,3,1489.0,496.3333333333333,3,319,316,50,In Stock
JNE3724-KR-XXL,kurta,JNE3724,XXL,6,2979.0,595.8,5,414,408,50,In Stock
JNE3725-KR-L,kurta,JNE3725,L,1,448.0,448.0,1,459,458,50,In Stock
JNE3725-KR-S,kurta,JNE3725,S,3,1338.0,446.0,3,413,410,50,In Stock
JNE3725-KR-XL,kurta,JNE3725,XL,3,1326.0,442.0,3,421,418,50,In Stock
JNE3725-KR-XXL,kurta,JNE3725,XXL,2,884.0,442.0,2,319,317,50,In Stock
JNE3726-KR-L,kurta,JNE3726,L,3,1035.0,345.0,3,310,307,50,In Stock
JNE3726-KR-M,kurta,JNE3726,M,2,690.0,345.0,2,127,125,50,In Stock
JNE3726-KR-S,kurta,JNE3726,S,3,1005.0,335.0,3,359,356,50,In Stock
JNE3726-KR-XL,kurta,JNE3726,XL,3,1005.0,335.0,3,291,288,50,In Stock
JNE3726-KR-XS,kurta,JNE3726,XS,1,345.0,345.0,1,101,100,50,In Stock
JNE3726-KR-XXL,kurta,JNE3726,XXL,4,1005.0,251.25,4,450,446,50,In Stock
JNE3726-KR-XXXL,kurta,JNE3726,3XL,6,2053.0,342.1666666666667,6,165,159,50,In Stock
JNE3727-KR-L,kurta,JNE3727,L,8,4411.0,551.375,8,435,427,50,In Stock
JNE3727-KR-M,kurta,JNE3727,M,3,1647.0,549.0,3,423,420,50,In Stock
JNE3727-KR-S,kurta,JNE3727,S,1,549.0,549.0,1,317,316,50,In Stock
JNE3727-KR-XL,kurta,JNE3727,XL,1,549.0,549.0,1,417,416,50,In Stock
JNE3727-KR-XS,kurta,JNE3727,XS,1,549.0,549.0,1,271,270,50,In Stock
JNE3727-KR-XXL,kurta,JNE3727,XXL,3,1647.0,549.0,3,261,258,50,In Stock
JNE3727-KR-XXXL,kurta,JNE3727,3XL,3,1647.0,549.0,3,440,437,50,In Stock
JNE3728-KR-L,kurta,JNE3728,L,4,1314.0,328.5,4,347,343,50,In Stock
JNE3728-KR-M,kurta,JNE3728,M,2,656.0,328.0,2,213,211,50,In Stock
JNE3728-KR-S,kurta,JNE3728,S,8,2664.0,380.57142857142856,7,175,167,50,In Stock
JNE3728-KR-XL,kurta,JNE3728,XL,5,1709.0,341.8,5,393,388,50,In Stock
JNE3728-KR-XXL,kurta,JNE3728,XXL,2,658.0,329.0,2,442,440,50,In Stock
JNE3729-KR-S,kurta,JNE3729,S,2,681.0,340.5,2,217,215,50,In Stock
JNE3729-KR-XL,kurta,JNE3729,XL,4,1416.0,354.0,4,491,487,50,In Stock
JNE3729-KR-XS,kurta,JNE3729,XS,1,360.0,360.0,1,124,123,50,In Stock
JNE3729-KR-XXL,kurta,JNE3729,XXL,3,666.0,222.0,3,180,177,50,In Stock
JNE3729-KR-XXXL,kurta,JNE3729,3XL,3,1044.0,348.0,3,137,134,50,In Stock
JNE3730-KR-L,kurta,JNE3730,L,4,1787.52,297.92,6,152,148,50,In Stock
JNE3730-KR-M,kurta,JNE3730,M,7,2097.0,299.57142857142856,7,465,458,50,In Stock
JNE3730-KR-S,kurta,JNE3730,S,4,1200.0,300.0,4,255,251,50,In Stock
JNE3730-KR-XL,kurta,JNE3730,XL,15,4201.0,280.06666666666666,15,108,93,50,In Stock
JNE3730-KR-XS,kurta,JNE3730,XS,4,1482.67,296.534,5,226,222,50,In Stock
JNE3730-KR-XXL,kurta,JNE3730,XXL,8,2394.0,299.25,8,166,158,50,In Stock
JNE3732-KR-L,kurta,JNE3732,L,5,2228.0,445.6,5,186,181,50,In Stock
JNE3732-KR-M,kurta,JNE3732,M,3,1379.0,459.6666666666667,3,305,302,50,In Stock
JNE3732-KR-S,kurta,JNE3732,S,1,517.0,517.0,1,118,117,50,In Stock
JNE3732-KR-XL,kurta,JNE3732,XL,3,1366.0,455.3333333333333,3,459,456,50,In Stock
JNE3732-KR-XS,kurta,JNE3732,XS,1,517.0,517.0,1,185,184,50,In Stock
JNE3732-KR-XXL,kurta,JNE3732,XXL,6,2659.0,443.1666666666667,6,262,256,50,In Stock
JNE3732-KR-XXXL,kurta,JNE3732,3XL,5,2228.0,445.6,5,235,230,50,In Stock
JNE3733-KR-L,kurta,JNE3733,L,6,3246.0,541.0,6,166,160,50,In Stock
JNE3733-KR-M,kurta,JNE3733,M,2,1074.0,537.0,2,183,181,50,In Stock
JNE3733-KR-S,kurta,JNE3733,S,2,1074.0,537.0,2,485,483,50,In Stock
JNE3733-KR-XL,kurta,JNE3733,XL,2,1098.0,549.0,2,133,131,50,In Stock
JNE3733-KR-XS,kurta,JNE3733,XS,2,1098.0,549.0,2,285,283,50,In Stock
JNE3733-KR-XXL,kurta,JNE3733,XXL,4,2148.0,537.0,4,331,327,50,In Stock
JNE3733-KR-XXXL,kurta,JNE3733,3XL,2,1098.0,549.0,2,492,490,50,In Stock
JNE3734-KR-L,kurta,JNE3734,L,3,948.0,316.0,3,471,468,50,In Stock
JNE3734-KR-M,kurta,JNE3734,M,1,418.0,418.0,1,115,114,50,In Stock
JNE3734-KR-S,kurta,JNE3734,S,1,431.0,431.0,1,472,471,50,In Stock
JNE3734-KR-XL,kurta,JNE3734,XL,4,1724.0,431.0,4,378,374,50,In Stock
JNE3734-KR-XS,kurta,JNE3734,XS,1,431.0,431.0,1,158,157,50,In Stock
JNE3734-KR-XXL,kurta,JNE3734,XXL,2,862.0,431.0,2,367,365,50,In Stock
JNE3734-KR-XXXL,kurta,JNE3734,3XL,5,1724.0,344.8,5,261,256,50,In Stock
JNE3735-KR-L,kurta,JNE3735,L,11,3943.0,358.45454545454544,11,499,488,50,In Stock
JNE3735-KR-M,kurta,JNE3735,M,7,2342.0,334.57142857142856,7,192,185,50,In Stock
JNE3735-KR-S,kurta,JNE3735,S,8,3132.0,391.5,8,207,199,50,In Stock
JNE3735-KR-XL,kurta,JNE3735,XL,11,5169.0,397.61538461538464,13,188,177,50,In Stock
JNE3735-KR-XS,kurta,JNE3735,XS,1,399.0,399.0,1,193,192,50,In Stock
JNE3735-KR-XXL,kurta,JNE3735,XXL,6,2349.62,335.65999999999997,7,215,209,50,In Stock
JNE3735-KR-XXXL,kurta,JNE3735,3XL,12,4715.0,392.9166666666667,12,100,88,50,In Stock
JNE3736-KR-L,kurta,JNE3736,L,2,421.0,210.5,2,147,145,50,In Stock
JNE3736-KR-M,kurta,JNE3736,M,3,820.0,273.3333333333333,3,118,115,50,In Stock
JNE3736-KR-XL,kurta,JNE3736,XL,3,1263.0,421.0,3,337,334,50,In Stock
JNE3736-KR-XS,kurta,JNE3736,XS,1,421.0,421.0,1,162,161,50,In Stock
JNE3736-KR-XXL,kurta,JNE3736,XXL,1,399.0,399.0,1,379,378,50,In Stock
JNE3736-KR-XXXL,kurta,JNE3736,3XL,3,1207.0,402.3333333333333,3,360,357,50,In Stock
JNE3738-KR-L,kurta,JNE3738,L,15,6588.14,411.75875,16,310,295,50,In Stock
JNE3738-KR-M,kurta,JNE3738,M,5,2067.0,413.4,5,403,398,50,In Stock
JNE3738-KR-S,kurta,JNE3738,S,3,1219.0,406.3333333333333,3,381,378,50,In Stock
JNE3738-KR-XL,kurta,JNE3738,XL,8,3642.14,404.6822222222222,9,197,189,50,In Stock
JNE3738-KR-XS,kurta,JNE3738,XS,3,2245.2799999999997,449.0559999999999,5,195,192,50,In Stock
JNE3738-KR-XXL,kurta,JNE3738,XXL,12,4661.0,388.4166666666667,12,321,309,50,In Stock
JNE3738-KR-XXXL,kurta,JNE3738,3XL,9,3881.0,431.22222222222223,9,180,171,50,In Stock
JNE3739-KR-L,kurta,JNE3739,L,62,32150.26,452.82056338028167,71,268,206,50,In Stock
JNE3739-KR-M,kurta,JNE3739,M,10,5464.28,455.3566666666666,12,347,337,50,In Stock
JNE3739-KR-S,kurta,JNE3739,S,9,5005.28,455.0254545454545,11,398,389,50,In Stock
JNE3739-KR-XL,kurta,JNE3739,XL,47,21503.0,457.51063829787233,47,244,197,50,In Stock
JNE3739-KR-XS,kurta,JNE3739,XS,5,2732.14,455.3566666666666,6,376,371,50,In Stock
JNE3739-KR-XXL,kurta,JNE3739,XXL,29,13191.0,454.86206896551727,29,245,216,50,In Stock
JNE3739-KR-XXXL,kurta,JNE3739,3XL,25,11885.48,457.13384615384615,26,479,454,50,In Stock
JNE3740-KR-L,kurta,JNE3740,L,3,919.0,306.3333333333333,3,382,379,50,In Stock
JNE3740-KR-M,kurta,JNE3740,M,2,638.0,319.0,2,182,180,50,In Stock
JNE3740-KR-S,kurta,JNE3740,S,3,939.0,313.0,3,166,163,50,In Stock
JNE3740-KR-XS,kurta,JNE3740,XS,1,319.0,319.0,1,485,484,50,In Stock
JNE3740-KR-XXL,kurta,JNE3740,XXL,3,1260.81,315.2025,4,491,488,50,In Stock
JNE3740-KR-XXXL,kurta,JNE3740,3XL,7,2125.0,303.57142857142856,7,440,433,50,In Stock
JNE3741-KR-L,kurta,JNE3741,L,12,4949.0,412.4166666666667,12,125,113,50,In Stock
JNE3741-KR-M,kurta,JNE3741,M,12,5160.0,430.0,12,374,362,50,In Stock
JNE3741-KR-S,kurta,JNE3741,S,3,1244.0,414.6666666666667,3,333,330,50,In Stock
JNE3741-KR-XL,kurta,JNE3741,XL,9,3810.0,423.3333333333333,9,142,133,50,In Stock
JNE3741-KR-XS,kurta,JNE3741,XS,3,1165.0,388.3333333333333,3,397,394,50,In Stock
JNE3741-KR-XXL,kurta,JNE3741,XXL,15,6378.0,425.2,15,373,358,50,In Stock
JNE3741-KR-XXXL,kurta,JNE3741,3XL,13,5538.0,426.0,13,425,412,50,In Stock
JNE3742-KR-L,kurta,JNE3742,L,8,3831.43,425.71444444444444,9,107,99,50,In Stock
JNE3742-KR-M,kurta,JNE3742,M,6,2160.0,360.0,6,298,292,50,In Stock
JNE3742-KR-S,kurta,JNE3742,S,8,3456.0,432.0,8,467,459,50,In Stock
JNE3742-KR-XL,kurta,JNE3742,XL,5,2160.0,432.0,5,211,206,50,In Stock
JNE3742-KR-XS,kurta,JNE3742,XS,2,864.0,432.0,2,219,217,50,In Stock
JNE3742-KR-XXL,kurta,JNE3742,XXL,6,3003.43,429.06142857142856,7,495,489,50,In Stock
JNE3742-KR-XXXL,kurta,JNE3742,3XL,8,3456.0,432.0,8,225,217,50,In Stock
JNE3743-TP-L,Top,JNE3743,L,3,991.0,330.3333333333333,3,317,314,50,In Stock
JNE3743-TP-S,Top,JNE3743,S,1,329.0,329.0,1,439,438,50,In Stock
JNE3743-TP-XL,Top,JNE3743,XL,1,329.0,329.0,1,143,142,50,In Stock
JNE3743-TP-XS,Top,JNE3743,XS,2,329.0,164.5,2,183,181,50,In Stock
JNE3743-TP-XXL,Top,JNE3743,XXL,2,658.0,329.0,2,110,108,50,In Stock
JNE3744-TU-L,Top,JNE3744,L,2,1495.0,747.5,2,134,132,50,In Stock
JNE3744-TU-M,Top,JNE3744,M,2,1355.0,677.5,2,341,339,50,In Stock
JNE3744-TU-S,Top,JNE3744,S,9,6380.0,708.8888888888889,9,299,290,50,In Stock
JNE3744-TU-XL,Top,JNE3744,XL,13,8360.0,643.0769230769231,13,139,126,50,In Stock
JNE3744-TU-XS,Top,JNE3744,XS,8,5370.0,671.25,8,299,291,50,In Stock
JNE3744-TU-XXL,Top,JNE3744,XXL,6,3990.0,665.0,6,322,316,50,In Stock
JNE3745-KR-L,kurta,JNE3745,L,8,2459.0,307.375,8,275,267,50,In Stock
JNE3745-KR-M,kurta,JNE3745,M,5,1264.0,252.8,5,454,449,50,In Stock
JNE3745-KR-S,kurta,JNE3745,S,7,2256.0,322.2857142857143,7,162,155,50,In Stock
JNE3745-KR-XL,kurta,JNE3745,XL,2,632.0,316.0,2,122,120,50,In Stock
JNE3745-KR-XS,kurta,JNE3745,XS,1,301.0,301.0,1,137,136,50,In Stock
JNE3745-KR-XXL,kurta,JNE3745,XXL,8,2468.0,308.5,8,494,486,50,In Stock
JNE3745-KR-XXXL,kurta,JNE3745,3XL,5,1556.0,311.2,5,249,244,50,In Stock
JNE3748-KR-L,kurta,JNE3748,L,2,862.0,431.0,2,210,208,50,In Stock
JNE3748-KR-M,kurta,JNE3748,M,1,431.0,431.0,1,196,195,50,In Stock
JNE3748-KR-S,kurta,JNE3748,S,1,0.0,0.0,1,253,252,50,In Stock
JNE3748-KR-XL,kurta,JNE3748,XL,1,431.0,431.0,1,115,114,50,In Stock
JNE3748-KR-XS,kurta,JNE3748,XS,2,935.0,467.5,2,177,175,50,In Stock
JNE3748-KR-XXXL,kurta,JNE3748,3XL,5,2327.0,465.4,5,480,475,50,In Stock
JNE3749-KR-L,kurta,JNE3749,L,9,5177.58,470.6890909090909,11,465,456,50,In Stock
JNE3749-KR-M,kurta,JNE3749,M,5,2345.0,469.0,5,362,357,50,In Stock
JNE3749-KR-S,kurta,JNE3749,S,6,2857.29,408.1842857142857,7,428,422,50,In Stock
JNE3749-KR-XL,kurta,JNE3749,XL,9,3776.0,419.55555555555554,9,100,91,50,In Stock
JNE3749-KR-XS,kurta,JNE3749,XS,10,4772.0,477.2,10,281,271,50,In Stock
JNE3749-KR-XXL,kurta,JNE3749,XXL,19,8983.0,472.7894736842105,19,265,246,50,In Stock
JNE3749-KR-XXXL,kurta,JNE3749,3XL,13,6615.29,472.5207142857143,14,302,289,50,In Stock
JNE3750-KR-L,kurta,JNE3750,L,3,1632.0,544.0,3,334,331,50,In Stock
JNE3750-KR-S,kurta,JNE3750,S,1,544.0,544.0,1,357,356,50,In Stock
JNE3750-KR-XL,kurta,JNE3750,XL,1,544.0,544.0,1,132,131,50,In Stock
JNE3750-KR-XXXL,kurta,JNE3750,3XL,2,1022.0,511.0,2,354,352,50,In Stock
JNE3751-KR-L,kurta,JNE3751,L,7,2593.0,370.42857142857144,7,117,110,50,In Stock
JNE3751-KR-M,kurta,JNE3751,M,4,1472.0,368.0,4,493,489,50,In Stock
JNE3751-KR-S,kurta,JNE3751,S,4,1415.0,353.75,4,479,475,50,In Stock
JNE3751-KR-XL,kurta,JNE3751,XL,5,1453.0,290.6,5,107,102,50,In Stock
JNE3751-KR-XS,kurta,JNE3751,XS,6,2141.0,356.8333333333333,6,186,180,50,In Stock
JNE3751-KR-XXL,kurta,JNE3751,XXL,11,4220.76,324.67384615384617,13,285,274,50,In Stock
JNE3751-KR-XXXL,kurta,JNE3751,3XL,17,6841.86,360.0978947368421,19,117,100,50,In Stock
JNE3752-KR-L,kurta,JNE3752,L,5,1755.0,351.0,5,342,337,50,In Stock
JNE3752-KR-M,kurta,JNE3752,M,3,1403.76,350.94,4,465,462,50,In Stock
JNE3752-KR-S,kurta,JNE3752,S,1,345.0,345.0,1,404,403,50,In Stock
JNE3752-KR-XL,kurta,JNE3752,XL,4,1448.0,362.0,4,197,193,50,In Stock
JNE3752-KR-XS,kurta,JNE3752,XS,2,680.0,340.0,2,358,356,50,In Stock
JNE3752-KR-XXL,kurta,JNE3752,XXL,2,1052.57,350.8566666666666,3,127,125,50,In Stock
JNE3752-KR-XXXL,kurta,JNE3752,3XL,6,2121.0,353.5,6,277,271,50,In Stock
JNE3753-KR-L,kurta,JNE3753,L,9,4323.0,480.3333333333333,9,147,138,50,In Stock
JNE3753-KR-M,kurta,JNE3753,M,3,1473.0,491.0,3,142,139,50,In Stock
JNE3753-KR-S,kurta,JNE3753,S,5,2375.0,475.0,5,429,424,50,In Stock
JNE3753-KR-XL,kurta,JNE3753,XL,3,1425.0,475.0,3,347,344,50,In Stock
JNE3753-KR-XS,kurta,JNE3753,XS,1,475.0,475.0,1,293,292,50,In Stock
JNE3753-KR-XXL,kurta,JNE3753,XXL,5,2423.0,484.6,5,135,130,50,In Stock
JNE3753-KR-XXXL,kurta,JNE3753,3XL,7,3873.38,484.1725,8,447,440,50,In Stock
JNE3756-KR-L,kurta,JNE3756,L,7,3397.0,485.2857142857143,7,186,179,50,In Stock
JNE3756-KR-M,kurta,JNE3756,M,5,2435.0,608.75,4,180,175,50,In Stock
JNE3756-KR-S,kurta,JNE3756,S,3,1461.0,487.0,3,137,134,50,In Stock
JNE3756-KR-XL,kurta,JNE3756,XL,6,2922.0,487.0,6,426,420,50,In Stock
JNE3756-KR-XS,kurta,JNE3756,XS,3,1461.0,487.0,3,437,434,50,In Stock
JNE3756-KR-XXL,kurta,JNE3756,XXL,6,2922.0,487.0,6,336,330,50,In Stock
JNE3756-KR-XXXL,kurta,JNE3756,3XL,3,1455.0,485.0,3,439,436,50,In Stock
JNE3757-KR-L,kurta,JNE3757,L,9,4342.0,482.44444444444446,9,239,230,50,In Stock
JNE3757-KR-M,kurta,JNE3757,M,10,4829.0,482.9,10,335,325,50,In Stock
JNE3757-KR-S,kurta,JNE3757,S,7,3351.0,478.7142857142857,7,326,319,50,In Stock
JNE3757-KR-XL,kurta,JNE3757,XL,7,4800.43,533.3811111111112,9,302,295,50,In Stock
JNE3757-KR-XS,kurta,JNE3757,XS,3,1461.0,487.0,3,403,400,50,In Stock
JNE3757-KR-XXL,kurta,JNE3757,XXL,16,8214.81,483.2241176470588,17,142,126,50,In Stock
JNE3757-KR-XXXL,kurta,JNE3757,3XL,2,968.0,484.0,2,211,209,50,In Stock
JNE3758-KR-L,kurta,JNE3758,L,15,5768.0,360.5,16,391,376,50,In Stock
JNE3758-KR-M,kurta,JNE3758,M,8,3226.0,358.44444444444446,9,156,148,50,In Stock
JNE3758-KR-S,kurta,JNE3758,S,5,1796.0,359.2,5,147,142,50,In Stock
JNE3758-KR-XL,kurta,JNE3758,XL,11,4041.0,367.3636363636364,11,214,203,50,In Stock
JNE3758-KR-XS,kurta,JNE3758,XS,3,1086.0,362.0,3,389,386,50,In Stock
JNE3758-KR-XXL,kurta,JNE3758,XXL,11,3980.0,361.8181818181818,11,216,205,50,In Stock
JNE3758-KR-XXXL,kurta,JNE3758,3XL,6,2134.0,355.6666666666667,6,415,409,50,In Stock
JNE3759-KR-L,kurta,JNE3759,L,5,2131.0,426.2,5,231,226,50,In Stock
JNE3759-KR-M,kurta,JNE3759,M,7,3790.0,541.4285714285714,7,443,436,50,In Stock
JNE3759-KR-S,kurta,JNE3759,S,9,5580.95,558.095,10,124,115,50,In Stock
JNE3759-KR-XL,kurta,JNE3759,XL,14,7240.0,556.9230769230769,13,175,161,50,In Stock
JNE3759-KR-XXL,kurta,JNE3759,XXL,5,2105.1,350.84999999999997,6,154,149,50,In Stock
JNE3760-KR-L,kurta,JNE3760,L,4,1728.0,432.0,4,322,318,50,In Stock
JNE3760-KR-M,kurta,JNE3760,M,1,843.4300000000001,421.71500000000003,2,342,341,50,In Stock
JNE3760-KR-S,kurta,JNE3760,S,1,432.0,432.0,1,170,169,50,In Stock
JNE3760-KR-XL,kurta,JNE3760,XL,1,0.0,0.0,1,156,155,50,In Stock
JNE3760-KR-XXL,kurta,JNE3760,XXL,1,432.0,432.0,1,422,421,50,In Stock
JNE3760-KR-XXXL,kurta,JNE3760,3XL,3,1308.0,436.0,3,255,252,50,In Stock
JNE3761-KR-L,kurta,JNE3761,L,18,5387.0,299.27777777777777,18,290,272,50,In Stock
JNE3761-KR-M,kurta,JNE3761,M,8,2368.0,296.0,8,207,199,50,In Stock
JNE3761-KR-S,kurta,JNE3761,S,5,1761.67,293.6116666666667,6,359,354,50,In Stock
JNE3761-KR-XL,kurta,JNE3761,XL,23,7060.14,294.1725,24,249,226,50,In Stock
JNE3761-KR-XS,kurta,JNE3761,XS,6,1776.0,296.0,6,390,384,50,In Stock
JNE3761-KR-XXL,kurta,JNE3761,XXL,23,7922.09,316.8836,25,368,345,50,In Stock
JNE3762-KR-L,kurta,JNE3762,L,2,658.0,329.0,2,444,442,50,In Stock
JNE3762-KR-M,kurta,JNE3762,M,1,329.0,329.0,1,117,116,50,In Stock
JNE3762-KR-S,kurta,JNE3762,S,2,658.0,329.0,2,144,142,50,In Stock
JNE3762-KR-XL,kurta,JNE3762,XL,2,658.0,329.0,2,430,428,50,In Stock
JNE3762-KR-XXL,kurta,JNE3762,XXL,1,329.0,329.0,1,260,259,50,In Stock
JNE3762-KR-XXXL,kurta,JNE3762,3XL,3,987.0,329.0,3,113,110,50,In Stock
JNE3763-KR-L,kurta,JNE3763,L,8,3938.43,437.6033333333333,9,446,438,50,In Stock
JNE3763-KR-M,kurta,JNE3763,M,3,1318.0,439.3333333333333,3,294,291,50,In Stock
JNE3763-KR-S,kurta,JNE3763,S,1,432.0,432.0,1,105,104,50,In Stock
JNE3763-KR-XL,kurta,JNE3763,XL,9,3996.0,444.0,9,292,283,50,In Stock
JNE3763-KR-XS,kurta,JNE3763,XS,3,1295.0,431.6666666666667,3,384,381,50,In Stock
JNE3763-KR-XXL,kurta,JNE3763,XXL,2,1253.91,313.4775,4,183,181,50,In Stock
JNE3763-KR-XXXL,kurta,JNE3763,3XL,4,2138.48,427.696,5,262,258,50,In Stock
JNE3764-KR-L,kurta,JNE3764,L,14,6388.0,425.8666666666667,15,129,115,50,In Stock
JNE3764-KR-M,kurta,JNE3764,M,10,5263.62,438.635,12,184,174,50,In Stock
JNE3764-KR-S,kurta,JNE3764,S,12,4729.0,394.0833333333333,12,460,448,50,In Stock
JNE3764-KR-XL,kurta,JNE3764,XL,14,6114.0,436.7142857142857,14,262,248,50,In Stock
JNE3764-KR-XS,kurta,JNE3764,XS,1,481.0,481.0,1,486,485,50,In Stock
JNE3764-KR-XXL,kurta,JNE3764,XXL,14,6378.0,531.5,12,162,148,50,In Stock
JNE3764-KR-XXXL,kurta,JNE3764,3XL,25,11300.81,434.64653846153846,26,467,442,50,In Stock
JNE3765-KR-L,kurta,JNE3765,L,1,517.0,517.0,1,348,347,50,In Stock
JNE3765-KR-M,kurta,JNE3765,M,0,492.38,492.38,1,227,227,50,In Stock
JNE3765-KR-S,kurta,JNE3765,S,1,517.0,517.0,1,399,398,50,In Stock
JNE3765-KR-XS,kurta,JNE3765,XS,3,1533.0,511.0,3,324,321,50,In Stock
JNE3766-KR-L,kurta,JNE3766,L,6,3102.0,517.0,6,285,279,50,In Stock
JNE3766-KR-M,kurta,JNE3766,M,5,3077.38,512.8966666666666,6,397,392,50,In Stock
JNE3766-KR-S,kurta,JNE3766,S,2,1016.0,508.0,2,365,363,50,In Stock
JNE3766-KR-XL,kurta,JNE3766,XL,1,517.0,517.0,1,473,472,50,In Stock
JNE3766-KR-XS,kurta,JNE3766,XS,1,499.0,499.0,1,227,226,50,In Stock
JNE3766-KR-XXL,kurta,JNE3766,XXL,3,1551.0,517.0,3,114,111,50,In Stock
JNE3766-KR-XXXL,kurta,JNE3766,3XL,4,3016.76,502.79333333333335,6,441,437,50,In Stock
JNE3767-KR-L,kurta,JNE3767,L,1,487.0,487.0,1,448,447,50,In Stock
JNE3767-KR-M,kurta,JNE3767,M,2,968.0,484.0,2,450,448,50,In Stock
JNE3767-KR-XL,kurta,JNE3767,XL,1,487.0,487.0,1,272,271,50,In Stock
JNE3767-KR-XS,kurta,JNE3767,XS,1,487.0,487.0,1,180,179,50,In Stock
JNE3767-KR-XXL,kurta,JNE3767,XXL,1,487.0,487.0,1,198,197,50,In Stock
JNE3767-KR-XXXL,kurta,JNE3767,3XL,1,487.0,487.0,1,357,356,50,In Stock
JNE3768-KR-M,kurta,JNE3768,M,5,1942.0,388.4,5,401,396,50,In Stock
JNE3768-KR-S,kurta,JNE3768,S,6,2922.0,487.0,6,264,258,50,In Stock
JNE3768-KR-XL,kurta,JNE3768,XL,1,487.0,487.0,1,129,128,50,In Stock
JNE3768-KR-XS,kurta,JNE3768,XS,3,1432.0,477.3333333333333,3,467,464,50,In Stock
JNE3768-KR-XXL,kurta,JNE3768,XXL,6,2916.0,486.0,6,296,290,50,In Stock
JNE3768-KR-XXXL,kurta,JNE3768,3XL,1,487.0,487.0,1,294,293,50,In Stock
JNE3769-KR-L,kurta,JNE3769,L,4,1948.0,487.0,4,200,196,50,In Stock
JNE3769-KR-M,kurta,JNE3769,M,6,2922.0,487.0,6,131,125,50,In Stock
JNE3769-KR-S,kurta,JNE3769,S,1,481.0,481.0,1,196,195,50,In Stock
JNE3769-KR-XL,kurta,JNE3769,XL,4,1942.0,485.5,4,434,430,50,In Stock
JNE3769-KR-XS,kurta,JNE3769,XS,3,1461.0,487.0,3,216,213,50,In Stock
JNE3769-KR-XXL,kurta,JNE3769,XXL,5,2435.0,487.0,5,443,438,50,In Stock
JNE3769-KR-XXXL,kurta,JNE3769,3XL,5,2429.0,485.8,5,241,236,50,In Stock
JNE3770-KR-L,kurta,JNE3770,L,2,864.0,432.0,2,254,252,50,In Stock
JNE3770-KR-S,kurta,JNE3770,S,2,919.0,459.5,2,249,247,50,In Stock
JNE3770-KR-XL,kurta,JNE3770,XL,2,864.0,432.0,2,184,182,50,In Stock
JNE3770-KR-XS,kurta,JNE3770,XS,3,1461.0,487.0,3,238,235,50,In Stock
JNE3770-KR-XXL,kurta,JNE3770,XXL,2,974.0,487.0,2,438,436,50,In Stock
JNE3770-KR-XXXL,kurta,JNE3770,3XL,2,864.0,432.0,2,476,474,50,In Stock
JNE3771-KR-L,kurta,JNE3771,L,6,2056.0,342.6666666666667,6,379,373,50,In Stock
JNE3771-KR-M,kurta,JNE3771,M,7,2574.0,367.7142857142857,7,148,141,50,In Stock
JNE3771-KR-S,kurta,JNE3771,S,2,692.0,346.0,2,259,257,50,In Stock
JNE3771-KR-XL,kurta,JNE3771,XL,2,672.0,336.0,2,215,213,50,In Stock
JNE3771-KR-XS,kurta,JNE3771,XS,1,346.0,346.0,1,307,306,50,In Stock
JNE3771-KR-XXL,kurta,JNE3771,XXL,4,1364.0,341.0,4,364,360,50,In Stock
JNE3771-KR-XXXL,kurta,JNE3771,3XL,4,1551.0,387.75,4,405,401,50,In Stock
JNE3773-KR-L,kurta,JNE3773,L,6,1415.0,235.83333333333334,6,239,233,50,In Stock
JNE3773-KR-M,kurta,JNE3773,M,9,2622.0,291.3333333333333,9,415,406,50,In Stock
JNE3773-KR-S,kurta,JNE3773,S,3,858.0,286.0,3,414,411,50,In Stock
JNE3773-KR-XL,kurta,JNE3773,XL,3,1136.67,284.1675,4,384,381,50,In Stock
JNE3773-KR-XS,kurta,JNE3773,XS,2,560.0,280.0,2,109,107,50,In Stock
JNE3773-KR-XXL,kurta,JNE3773,XXL,3,1165.67,291.4175,4,150,147,50,In Stock
JNE3773-KR-XXXL,kurta,JNE3773,3XL,3,1168.67,292.1675,4,461,458,50,In Stock
JNE3774-KR-M,kurta,JNE3774,M,3,1372.0,457.3333333333333,3,467,464,50,In Stock
JNE3774-KR-S,kurta,JNE3774,S,3,1372.0,457.3333333333333,3,366,363,50,In Stock
JNE3774-KR-XL,kurta,JNE3774,XL,1,1329.24,443.08,3,359,358,50,In Stock
JNE3774-KR-XS,kurta,JNE3774,XS,2,923.0,461.5,2,316,314,50,In Stock
JNE3774-KR-XXL,kurta,JNE3774,XXL,2,923.0,461.5,2,366,364,50,In Stock
JNE3774-KR-XXXL,kurta,JNE3774,3XL,2,1325.62,441.8733333333333,3,194,192,50,In Stock
JNE3775-KR-L,kurta,JNE3775,L,4,1441.1399999999999,288.22799999999995,5,223,219,50,In Stock
JNE3775-KR-M,kurta,JNE3775,M,5,1790.1399999999999,298.3566666666666,6,203,198,50,In Stock
JNE3775-KR-S,kurta,JNE3775,S,7,2037.0,291.0,7,386,379,50,In Stock
JNE3775-KR-XL,kurta,JNE3775,XL,10,2926.0,292.6,10,360,350,50,In Stock
JNE3775-KR-XS,kurta,JNE3775,XS,3,873.0,291.0,3,183,180,50,In Stock
JNE3775-KR-XXL,kurta,JNE3775,XXL,6,1746.0,291.0,6,187,181,50,In Stock
JNE3775-KR-XXXL,kurta,JNE3775,3XL,9,2683.0,298.1111111111111,9,392,383,50,In Stock
JNE3776-KR-L,kurta,JNE3776,L,12,3451.67,265.51307692307694,13,218,206,50,In Stock
JNE3776-KR-M,kurta,JNE3776,M,5,1750.67,291.77833333333336,6,135,130,50,In Stock
JNE3776-KR-S,kurta,JNE3776,S,4,1446.67,289.334,5,327,323,50,In Stock
JNE3776-KR-XL,kurta,JNE3776,XL,6,1764.0,294.0,6,274,268,50,In Stock
JNE3776-KR-XS,kurta,JNE3776,XS,6,1698.0,283.0,6,100,94,50,In Stock
JNE3776-KR-XXL,kurta,JNE3776,XXL,4,1437.67,287.534,5,500,496,50,In Stock
JNE3776-KR-XXXL,kurta,JNE3776,3XL,3,837.0,279.0,3,396,393,50,In Stock
JNE3777-KR-L,kurta,JNE3777,L,3,1122.0,374.0,3,175,172,50,In Stock
JNE3777-KR-M,kurta,JNE3777,M,1,399.0,399.0,1,148,147,50,In Stock
JNE3777-KR-XL,kurta,JNE3777,XL,5,1685.0,337.0,5,233,228,50,In Stock
JNE3777-KR-XS,kurta,JNE3777,XS,1,324.0,324.0,1,210,209,50,In Stock
JNE3777-KR-XXL,kurta,JNE3777,XXL,3,1122.0,374.0,3,357,354,50,In Stock
JNE3777-KR-XXXL,kurta,JNE3777,3XL,4,1436.0,359.0,4,257,253,50,In Stock
JNE3778-KR-L,kurta,JNE3778,L,5,2295.0,459.0,5,216,211,50,In Stock
JNE3778-KR-M,kurta,JNE3778,M,9,4119.0,457.6666666666667,9,261,252,50,In Stock
JNE3778-KR-S,kurta,JNE3778,S,6,2748.0,458.0,6,105,99,50,In Stock
JNE3778-KR-XL,kurta,JNE3778,XL,8,3672.0,459.0,8,133,125,50,In Stock
JNE3778-KR-XS,kurta,JNE3778,XS,5,2267.0,453.4,5,212,207,50,In Stock
JNE3778-KR-XXL,kurta,JNE3778,XXL,7,3201.0,457.2857142857143,7,294,287,50,In Stock
JNE3778-KR-XXXL,kurta,JNE3778,3XL,12,5009.0,417.4166666666667,12,220,208,50,In Stock
JNE3779-KR-L,kurta,JNE3779,L,2,692.0,346.0,2,473,471,50,In Stock
JNE3779-KR-M,kurta,JNE3779,M,2,1097.52,365.84,3,127,125,50,In Stock
JNE3779-KR-S,kurta,JNE3779,S,1,427.0,427.0,1,427,426,50,In Stock
JNE3779-KR-XL,kurta,JNE3779,XL,4,1556.0,389.0,4,296,292,50,In Stock
JNE3779-KR-XXL,kurta,JNE3779,XXL,2,859.0,429.5,2,167,165,50,In Stock
JNE3779-KR-XXXL,kurta,JNE3779,3XL,2,692.0,346.0,2,259,257,50,In Stock
JNE3780-KR-L,kurta,JNE3780,L,2,640.0,320.0,2,432,430,50,In Stock
JNE3780-KR-S,kurta,JNE3780,S,1,325.0,325.0,1,215,214,50,In Stock
JNE3780-KR-XL,kurta,JNE3780,XL,3,965.0,321.6666666666667,3,382,379,50,In Stock
JNE3780-KR-XXL,kurta,JNE3780,XXL,2,667.0,333.5,2,500,498,50,In Stock
JNE3780-KR-XXXL,kurta,JNE3780,3XL,3,975.0,325.0,3,393,390,50,In Stock
JNE3781-KR-L,kurta,JNE3781,L,44,19036.85,413.8445652173913,46,368,324,50,In Stock
JNE3781-KR-M,kurta,JNE3781,M,39,16137.0,424.6578947368421,38,475,436,50,In Stock
JNE3781-KR-S,kurta,JNE3781,S,24,9848.0,410.3333333333333,24,268,244,50,In Stock
JNE3781-KR-XL,kurta,JNE3781,XL,58,25217.72,420.29533333333336,60,400,342,50,In Stock
JNE3781-KR-XS,kurta,JNE3781,XS,10,4310.0,431.0,10,452,442,50,In Stock
JNE3781-KR-XXL,kurta,JNE3781,XXL,50,20296.0,422.8333333333333,48,320,270,50,In Stock
JNE3781-KR-XXXL,kurta,JNE3781,3XL,62,26575.1,421.8269841269841,63,186,124,50,In Stock
JNE3782-KR-L,kurta,JNE3782,L,8,4010.0,501.25,8,134,126,50,In Stock
JNE3782-KR-M,kurta,JNE3782,M,1,487.0,487.0,1,353,352,50,In Stock
JNE3782-KR-S,kurta,JNE3782,S,3,1542.0,514.0,3,350,347,50,In Stock
JNE3782-KR-XL,kurta,JNE3782,XL,18,9473.1,498.5842105263158,19,174,156,50,In Stock
JNE3782-KR-XS,kurta,JNE3782,XS,1,487.0,487.0,1,110,109,50,In Stock
JNE3782-KR-XXL,kurta,JNE3782,XXL,8,4118.0,514.75,8,249,241,50,In Stock
JNE3782-KR-XXXL,kurta,JNE3782,3XL,15,8589.62,505.2717647058824,17,316,301,50,In Stock
JNE3783-KR-L,kurta,JNE3783,L,9,4503.0,500.3333333333333,9,224,215,50,In Stock
JNE3783-KR-M,kurta,JNE3783,M,2,968.0,484.0,2,465,463,50,In Stock
JNE3783-KR-S,kurta,JNE3783,S,6,2940.0,490.0,6,328,322,50,In Stock
JNE3783-KR-XL,kurta,JNE3783,XL,5,2465.0,493.0,5,483,478,50,In Stock
JNE3783-KR-XS,kurta,JNE3783,XS,1,0.0,0.0,1,454,453,50,In Stock
JNE3783-KR-XXL,kurta,JNE3783,XXL,11,5477.0,497.90909090909093,11,455,444,50,In Stock
JNE3783-KR-XXXL,kurta,JNE3783,3XL,14,7918.62,494.91375,16,136,122,50,In Stock
JNE3784-KR-L,kurta,JNE3784,L,79,38157.76,465.3385365853659,82,404,325,50,In Stock
JNE3784-KR-M,kurta,JNE3784,M,85,38649.38,444.24574712643675,87,208,123,50,In Stock
JNE3784-KR-S,kurta,JNE3784,S,38,15123.0,397.9736842105263,38,363,325,50,In Stock
JNE3784-KR-XL,kurta,JNE3784,XL,71,34132.39,467.56698630136987,73,414,343,50,In Stock
JNE3784-KR-XS,kurta,JNE3784,XS,23,10927.76,437.1104,25,431,408,50,In Stock
JNE3784-KR-XXL,kurta,JNE3784,XXL,48,23905.86,478.1172,50,328,280,50,In Stock
JNE3784-KR-XXXL,kurta,JNE3784,3XL,51,24403.0,478.4901960784314,51,143,92,50,In Stock
JNE3785-KR-L,kurta,JNE3785,L,15,5324.76,332.7975,16,190,175,50,In Stock
JNE3785-KR-M,kurta,JNE3785,M,14,4949.0,353.5,14,242,228,50,In Stock
JNE3785-KR-S,kurta,JNE3785,S,11,3833.0,348.45454545454544,11,152,141,50,In Stock
JNE3785-KR-XL,kurta,JNE3785,XL,16,5341.0,333.8125,16,346,330,50,In Stock
JNE3785-KR-XS,kurta,JNE3785,XS,5,1764.0,352.8,5,153,148,50,In Stock
JNE3785-KR-XXL,kurta,JNE3785,XXL,13,5244.71,349.64733333333334,15,482,469,50,In Stock
JNE3785-KR-XXXL,kurta,JNE3785,3XL,27,9648.0,357.3333333333333,27,477,450,50,In Stock
JNE3786-KR-L,kurta,JNE3786,L,3,1075.0,358.3333333333333,3,362,359,50,In Stock
JNE3786-KR-M,kurta,JNE3786,M,1,368.0,368.0,1,469,468,50,In Stock
JNE3786-KR-S,kurta,JNE3786,S,6,2170.0,361.6666666666667,6,343,337,50,In Stock
JNE3786-KR-XL,kurta,JNE3786,XL,8,2801.0,350.125,8,433,425,50,In Stock
JNE3786-KR-XS,kurta,JNE3786,XS,4,1415.0,353.75,4,179,175,50,In Stock
JNE3786-KR-XXL,kurta,JNE3786,XXL,9,3255.0,361.6666666666667,9,405,396,50,In Stock
JNE3786-KR-XXXL,kurta,JNE3786,3XL,17,6085.38,338.07666666666665,18,443,426,50,In Stock
JNE3787-KR-L,kurta,JNE3787,L,13,7252.62,483.508,15,486,473,50,In Stock
JNE3787-KR-M,kurta,JNE3787,M,19,10644.43,483.8377272727273,22,123,104,50,In Stock
JNE3787-KR-S,kurta,JNE3787,S,39,21253.84,472.30755555555555,45,227,188,50,In Stock
JNE3787-KR-XL,kurta,JNE3787,XL,16,9177.43,483.02263157894737,19,304,288,50,In Stock
JNE3787-KR-XS,kurta,JNE3787,XS,13,7258.62,483.908,15,275,262,50,In Stock
JNE3787-KR-XXL,kurta,JNE3787,XXL,36,18917.43,485.0623076923077,39,345,309,50,In Stock
JNE3787-KR-XXXL,kurta,JNE3787,3XL,15,6325.0,421.6666666666667,15,328,313,50,In Stock
JNE3788-KR-M,kurta,JNE3788,M,2,974.0,487.0,2,458,456,50,In Stock
JNE3788-KR-S,kurta,JNE3788,S,2,974.0,487.0,2,231,229,50,In Stock
JNE3788-KR-XL,kurta,JNE3788,XL,2,487.0,243.5,2,279,277,50,In Stock
JNE3788-KR-XXL,kurta,JNE3788,XXL,1,487.0,487.0,1,474,473,50,In Stock
JNE3788-KR-XXXL,kurta,JNE3788,3XL,2,1437.81,479.27,3,134,132,50,In Stock
JNE3789-KR-M,kurta,JNE3789,M,3,1145.0,381.6666666666667,3,323,320,50,In Stock
JNE3789-KR-S,kurta,JNE3789,S,7,2785.0,397.85714285714283,7,497,490,50,In Stock
JNE3789-KR-XL,kurta,JNE3789,XL,1,383.0,383.0,1,315,314,50,In Stock
JNE3789-KR-XS,kurta,JNE3789,XS,7,2785.0,397.85714285714283,7,326,319,50,In Stock
JNE3789-KR-XXL,kurta,JNE3789,XXL,2,766.0,383.0,2,273,271,50,In Stock
JNE3789-KR-XXXL,kurta,JNE3789,3XL,5,2015.0,403.0,5,290,285,50,In Stock
JNE3790-KR-L,kurta,JNE3790,L,13,3747.0,288.2307692307692,13,310,297,50,In Stock
JNE3790-KR-M,kurta,JNE3790,M,10,3133.0,313.3,10,153,143,50,In Stock
JNE3790-KR-S,kurta,JNE3790,S,3,930.0,310.0,3,442,439,50,In Stock
JNE3790-KR-XL,kurta,JNE3790,XL,8,2810.95,312.3277777777778,9,339,331,50,In Stock
JNE3790-KR-XS,kurta,JNE3790,XS,4,921.0,230.25,4,281,277,50,In Stock
JNE3790-KR-XXL,kurta,JNE3790,XXL,8,2492.0,311.5,8,484,476,50,In Stock
JNE3790-KR-XXXL,kurta,JNE3790,3XL,13,4337.38,309.8128571428571,14,223,210,50,In Stock
JNE3791-DR-L,Ethnic Dress,JNE3791,L,4,1584.0,396.0,4,452,448,50,In Stock
JNE3791-DR-M,Ethnic Dress,JNE3791,M,3,1285.0,428.3333333333333,3,404,401,50,In Stock
JNE3791-DR-S,Ethnic Dress,JNE3791,S,2,798.0,399.0,2,371,369,50,In Stock
JNE3791-DR-XL,Ethnic Dress,JNE3791,XL,4,1690.0,422.5,4,409,405,50,In Stock
JNE3791-DR-XXL,Ethnic Dress,JNE3791,XXL,5,2356.0,336.57142857142856,7,166,161,50,In Stock
JNE3791-DR-XXXL,Ethnic Dress,JNE3791,3XL,5,2337.0,467.4,5,371,366,50,In Stock
JNE3792-KR-L,kurta,JNE3792,L,1,432.0,432.0,1,411,410,50,In Stock
JNE3792-KR-M,kurta,JNE3792,M,1,432.0,432.0,1,303,302,50,In Stock
JNE3792-KR-S,kurta,JNE3792,S,2,864.0,432.0,2,242,240,50,In Stock
JNE3792-KR-XL,kurta,JNE3792,XL,2,864.0,432.0,2,322,320,50,In Stock
JNE3792-KR-XS,kurta,JNE3792,XS,1,406.0,406.0,1,301,300,50,In Stock
JNE3792-KR-XXL,kurta,JNE3792,XXL,2,864.0,432.0,2,269,267,50,In Stock
JNE3792-KR-XXXL,kurta,JNE3792,3XL,3,1291.0,430.3333333333333,3,264,261,50,In Stock
JNE3793-KR-L,kurta,JNE3793,L,6,2208.0,368.0,6,188,182,50,In Stock
JNE3793-KR-M,kurta,JNE3793,M,9,3260.0,362.22222222222223,9,244,235,50,In Stock
JNE3793-KR-S,kurta,JNE3793,S,13,4654.0,358.0,13,181,168,50,In Stock
JNE3793-KR-XL,kurta,JNE3793,XL,20,7854.2,374.0095238095238,21,457,437,50,In Stock
JNE3793-KR-XS,kurta,JNE3793,XS,8,2892.0,361.5,8,167,159,50,In Stock
JNE3793-KR-XXL,kurta,JNE3793,XXL,8,2931.0,366.375,8,179,171,50,In Stock
JNE3793-KR-XXXL,kurta,JNE3793,3XL,42,16729.26,355.94170212765954,47,372,330,50,In Stock
JNE3794-KR-L,kurta,JNE3794,L,46,23968.38,509.96553191489363,47,191,145,50,In Stock
JNE3794-KR-M,kurta,JNE3794,M,48,25601.14,501.983137254902,51,170,122,50,In Stock
JNE3794-KR-S,kurta,JNE3794,S,17,8128.24,451.56888888888886,18,242,225,50,In Stock
JNE3794-KR-XL,kurta,JNE3794,XL,41,23465.14,499.2582978723404,47,170,129,50,In Stock
JNE3794-KR-XS,kurta,JNE3794,XS,12,9556.62,477.831,20,286,274,50,In Stock
JNE3794-KR-XXL,kurta,JNE3794,XXL,57,30255.76,512.8094915254237,59,454,397,50,In Stock
JNE3794-KR-XXXL,kurta,JNE3794,3XL,60,32287.38,504.4903125,64,469,409,50,In Stock
JNE3795-KR-L,kurta,JNE3795,L,25,14290.14,510.3621428571428,28,105,80,50,In Stock
JNE3795-KR-M,kurta,JNE3795,M,10,5589.24,508.1127272727272,11,299,289,50,In Stock
JNE3795-KR-S,kurta,JNE3795,S,35,18356.38,524.4680000000001,35,302,267,50,In Stock
JNE3795-KR-XL,kurta,JNE3795,XL,35,17839.0,509.6857142857143,35,133,98,50,In Stock
JNE3795-KR-XS,kurta,JNE3795,XS,27,13831.0,512.2592592592592,27,257,230,50,In Stock
JNE3795-KR-XXL,kurta,JNE3795,XXL,11,6203.38,516.9483333333334,12,151,140,50,In Stock
JNE3795-KR-XXXL,kurta,JNE3795,3XL,22,12343.76,514.3233333333334,24,369,347,50,In Stock
JNE3796-KR-L,kurta,JNE3796,L,7,2070.0,295.7142857142857,7,492,485,50,In Stock
JNE3796-KR-M,kurta,JNE3796,M,1,345.0,345.0,1,207,206,50,In Stock
JNE3796-KR-S,kurta,JNE3796,S,2,690.0,345.0,2,364,362,50,In Stock
JNE3796-KR-XL,kurta,JNE3796,XL,2,345.0,172.5,2,103,101,50,In Stock
JNE3796-KR-XXL,kurta,JNE3796,XXL,1,673.5699999999999,336.78499999999997,2,224,223,50,In Stock
JNE3796-KR-XXXL,kurta,JNE3796,3XL,6,2411.57,344.51000000000005,7,489,483,50,In Stock
JNE3797-KR-A-L,Western Dress,JNE3797,L,23,18366.77,734.6708,25,375,352,50,In Stock
JNE3797-KR-A-M,Western Dress,JNE3797,M,18,17483.45,760.15,23,224,206,50,In Stock
JNE3797-KR-A-S,Western Dress,JNE3797,S,29,25112.16,760.9745454545455,33,463,434,50,In Stock
JNE3797-KR-A-XL,Western Dress,JNE3797,XL,25,19229.0,769.16,25,392,367,50,In Stock
JNE3797-KR-A-XS,Western Dress,JNE3797,XS,14,11471.58,716.97375,16,212,198,50,In Stock
JNE3797-KR-A-XXL,Western Dress,JNE3797,XXL,11,9940.05,764.6192307692307,13,349,338,50,In Stock
JNE3797-KR-A-XXXL,Western Dress,JNE3797,3XL,11,9949.58,765.3523076923077,13,108,97,50,In Stock
JNE3797-KR-L,Western Dress,JNE3797,L,312,253960.3,733.9893063583814,346,318,6,50,Low Stock
JNE3797-KR-M,Western Dress,JNE3797,M,292,234754.87,747.6269745222929,314,195,0,50,Low Stock
JNE3797-KR-S,Western Dress,JNE3797,S,286,231574.57,744.6127652733119,311,347,61,50,In Stock
JNE3797-KR-XL,Western Dress,JNE3797,XL,252,203846.95,754.9887037037038,270,304,52,50,In Stock
JNE3797-KR-XS,Western Dress,JNE3797,XS,204,161294.75,764.4300947867299,211,316,112,50,In Stock
JNE3797-KR-XXL,Western Dress,JNE3797,XXL,154,121131.88,729.7101204819278,166,107,0,50,Low Stock
JNE3797-KR-XXXL,Western Dress,JNE3797,3XL,183,148611.51,750.5631818181819,198,218,35,50,Low Stock
JNE3798-KR-A-L,Western Dress,JNE3798,L,12,8481.0,706.75,12,231,219,50,In Stock
JNE3798-KR-A-M,Western Dress,JNE3798,M,8,6892.29,765.81,9,247,239,50,In Stock
JNE3798-KR-A-S,Western Dress,JNE3798,S,6,4589.29,655.6128571428571,7,434,428,50,In Stock
JNE3798-KR-A-XL,Western Dress,JNE3798,XL,6,4626.0,771.0,6,186,180,50,In Stock
JNE3798-KR-A-XS,Western Dress,JNE3798,XS,4,3772.29,754.458,5,166,162,50,In Stock
JNE3798-KR-A-XXL,Western Dress,JNE3798,XXL,9,7663.29,766.329,10,321,312,50,In Stock
JNE3798-KR-A-XXXL,Western Dress,JNE3798,3XL,9,6893.0,765.8888888888889,9,289,280,50,In Stock
JNE3798-KR-L,Western Dress,JNE3798,L,45,36874.87,723.0366666666667,51,460,415,50,In Stock
JNE3798-KR-M,Western Dress,JNE3798,M,53,41442.19,727.0559649122807,57,496,443,50,In Stock
JNE3798-KR-S,Western Dress,JNE3798,S,41,33612.06,763.9104545454545,44,144,103,50,In Stock
JNE3798-KR-XL,Western Dress,JNE3798,XL,78,60460.81,765.3267088607595,79,370,292,50,In Stock
JNE3798-KR-XS,Western Dress,JNE3798,XS,26,21220.77,785.9544444444444,27,449,423,50,In Stock
JNE3798-KR-XXL,Western Dress,JNE3798,XXL,40,33751.38,733.725652173913,46,193,153,50,In Stock
JNE3798-KR-XXXL,Western Dress,JNE3798,3XL,34,26628.48,760.8137142857142,35,294,260,50,In Stock
JNE3799-KR-L,kurta,JNE3799,L,21,13808.29,627.6495454545455,22,121,100,50,In Stock
JNE3799-KR-M,kurta,JNE3799,M,23,15250.29,635.42875,24,401,378,50,In Stock
JNE3799-KR-S,kurta,JNE3799,S,10,6579.29,598.1172727272727,11,422,412,50,In Stock
JNE3799-KR-XL,kurta,JNE3799,XL,9,9156.45,654.032142857143,14,438,429,50,In Stock
JNE3799-KR-XS,kurta,JNE3799,XS,11,8577.0,659.7692307692307,13,198,187,50,In Stock
JNE3799-KR-XXL,kurta,JNE3799,XXL,19,12578.0,662.0,19,121,102,50,In Stock
JNE3799-KR-XXXL,kurta,JNE3799,3XL,12,9212.0,658.0,14,429,417,50,In Stock
JNE3800-KR-A-L,Western Dress,JNE3800,L,22,16115.0,732.5,22,277,255,50,In Stock
JNE3800-KR-A-M,Western Dress,JNE3800,M,15,13767.869999999999,764.8816666666667,18,475,460,50,In Stock
JNE3800-KR-A-S,Western Dress,JNE3800,S,9,7673.29,767.329,10,120,111,50,In Stock
JNE3800-KR-A-XL,Western Dress,JNE3800,XL,8,7590.58,759.058,10,138,130,50,In Stock
JNE3800-KR-A-XS,Western Dress,JNE3800,XS,5,5968.0599999999995,746.0074999999999,8,487,482,50,In Stock
JNE3800-KR-A-XXL,Western Dress,JNE3800,XXL,12,13601.74,755.6522222222222,18,240,228,50,In Stock
JNE3800-KR-A-XXXL,Western Dress,JNE3800,3XL,10,10481.35,748.6678571428572,14,107,97,50,In Stock
JNE3800-KR-L,Western Dress,JNE3800,L,79,60584.29,757.303625,80,378,299,50,In Stock
JNE3800-KR-M,Western Dress,JNE3800,M,61,47263.48,762.3141935483872,62,425,364,50,In Stock
JNE3800-KR-S,Western Dress,JNE3800,S,33,28648.83,734.5853846153847,39,206,173,50,In Stock
JNE3800-KR-XL,Western Dress,JNE3800,XL,38,34003.44,755.6320000000001,45,442,404,50,In Stock
JNE3800-KR-XS,Western Dress,JNE3800,XS,13,10638.29,759.8778571428572,14,132,119,50,In Stock
JNE3800-KR-XXL,Western Dress,JNE3800,XXL,45,37380.16,762.8604081632653,49,201,156,50,In Stock
JNE3800-KR-XXXL,Western Dress,JNE3800,3XL,34,28921.16,761.0831578947368,38,133,99,50,In Stock
JNE3801-KR-L,kurta,JNE3801,L,82,63595.06,748.1771764705882,85,209,127,50,In Stock
JNE3801-KR-M,kurta,JNE3801,M,86,64128.48,728.7327272727273,88,402,316,50,In Stock
JNE3801-KR-S,kurta,JNE3801,S,34,28580.83,732.841794871795,39,190,156,50,In Stock
JNE3801-KR-XL,kurta,JNE3801,XL,52,40098.16,716.0385714285715,56,329,277,50,In Stock
JNE3801-KR-XS,kurta,JNE3801,XS,24,17851.48,714.0592,25,289,265,50,In Stock
JNE3801-KR-XXL,kurta,JNE3801,XXL,72,57191.48,772.8578378378379,74,156,84,50,In Stock
JNE3801-KR-XXXL,kurta,JNE3801,3XL,56,48248.45,742.2838461538461,65,357,301,50,In Stock
JNE3802-KR-L,kurta,JNE3802,L,30,13403.28,418.8525,32,216,186,50,In Stock
JNE3802-KR-M,kurta,JNE3802,M,33,14690.14,432.0629411764706,34,111,78,50,In Stock
JNE3802-KR-S,kurta,JNE3802,S,29,12862.0,443.51724137931035,29,207,178,50,In Stock
JNE3802-KR-XL,kurta,JNE3802,XL,18,8276.14,435.58631578947364,19,304,286,50,In Stock
JNE3802-KR-XS,kurta,JNE3802,XS,21,9643.0,459.1904761904762,21,136,115,50,In Stock
JNE3802-KR-XXL,kurta,JNE3802,XXL,5,2339.0,467.8,5,451,446,50,In Stock
JNE3802-KR-XXXL,kurta,JNE3802,3XL,1,487.0,487.0,1,468,467,50,In Stock
JNE3803-KR-L,kurta,JNE3803,L,13,5071.0,390.0769230769231,13,262,249,50,In Stock
JNE3803-KR-M,kurta,JNE3803,M,34,16942.95,434.4346153846154,39,219,185,50,In Stock
JNE3803-KR-S,kurta,JNE3803,S,27,13668.0,455.6,30,269,242,50,In Stock
JNE3803-KR-XL,kurta,JNE3803,XL,9,4650.81,465.081,10,303,294,50,In Stock
JNE3803-KR-XS,kurta,JNE3803,XS,6,3217.81,459.6871428571429,7,408,402,50,In Stock
JNE3803-KR-XXL,kurta,JNE3803,XXL,3,1433.0,477.6666666666667,3,386,383,50,In Stock
JNE3803-KR-XXXL,kurta,JNE3803,3XL,2,974.0,487.0,2,433,431,50,In Stock
JNE3804-KR-L,kurta,JNE3804,L,6,2742.0,457.0,6,271,265,50,In Stock
JNE3804-KR-M,kurta,JNE3804,M,20,9192.28,417.83090909090913,22,178,158,50,In Stock
JNE3804-KR-S,kurta,JNE3804,S,9,4562.28,414.75272727272727,11,114,105,50,In Stock
JNE3804-KR-XL,kurta,JNE3804,XL,21,11480.23,478.34291666666667,24,412,391,50,In Stock
JNE3804-KR-XS,kurta,JNE3804,XS,4,2710.2799999999997,451.7133333333333,6,387,383,50,In Stock
JNE3804-KR-XXL,kurta,JNE3804,XXL,9,3682.0,409.1111111111111,9,146,137,50,In Stock
JNE3804-KR-XXXL,kurta,JNE3804,3XL,2,918.0,459.0,2,416,414,50,In Stock
JNE3805-KR-L,kurta,JNE3805,L,37,19178.23,467.76170731707316,41,217,180,50,In Stock
JNE3805-KR-M,kurta,JNE3805,M,25,13397.7,446.59000000000003,30,125,100,50,In Stock
JNE3805-KR-S,kurta,JNE3805,S,16,10410.119999999999,433.75499999999994,24,468,452,50,In Stock
JNE3805-KR-XL,kurta,JNE3805,XL,35,17466.56,447.86051282051284,39,135,100,50,In Stock
JNE3805-KR-XS,kurta,JNE3805,XS,7,4081.2799999999997,453.4755555555555,9,292,285,50,In Stock
JNE3805-KR-XXL,kurta,JNE3805,XXL,12,7262.7,427.2176470588235,17,359,347,50,In Stock
JNE3805-KR-XXXL,kurta,JNE3805,3XL,18,8346.0,463.6666666666667,18,243,225,50,In Stock
JNE3806-KR-L,kurta,JNE3806,L,11,5862.1900000000005,488.5158333333334,12,321,310,50,In Stock
JNE3806-KR-M,kurta,JNE3806,M,11,6359.1900000000005,529.9325,12,488,477,50,In Stock
JNE3806-KR-S,kurta,JNE3806,S,4,1587.0,396.75,4,318,314,50,In Stock
JNE3806-KR-XL,kurta,JNE3806,XL,5,3155.86,525.9766666666667,6,225,220,50,In Stock
JNE3806-KR-XS,kurta,JNE3806,XS,2,1066.0,533.0,2,208,206,50,In Stock
JNE3806-KR-XXL,kurta,JNE3806,XXL,10,5758.1900000000005,523.4718181818182,11,281,271,50,In Stock
JNE3806-KR-XXXL,kurta,JNE3806,3XL,9,5886.05,535.0954545454546,11,466,457,50,In Stock
JNE3807-KR-L,kurta,JNE3807,L,11,7299.0,663.5454545454545,11,382,371,50,In Stock
JNE3807-KR-M,kurta,JNE3807,M,2,2023.95,674.65,3,322,320,50,In Stock
JNE3807-KR-S,kurta,JNE3807,S,15,11819.61,656.645,18,473,458,50,In Stock
JNE3807-KR-XL,kurta,JNE3807,XL,2,1323.0,661.5,2,312,310,50,In Stock
JNE3807-KR-XS,kurta,JNE3807,XS,9,9203.14,707.9338461538462,13,499,490,50,In Stock
JNE3807-KR-XXL,kurta,JNE3807,XXL,16,10708.0,669.25,16,188,172,50,In Stock
JNE3807-KR-XXXL,kurta,JNE3807,3XL,9,6125.0,680.5555555555555,9,102,93,50,In Stock
JNE3810-KR-L,kurta,JNE3810,L,12,6893.0,574.4166666666666,12,274,262,50,In Stock
JNE3810-KR-M,kurta,JNE3810,M,10,6306.0,630.6,10,494,484,50,In Stock
JNE3810-KR-S,kurta,JNE3810,S,7,4436.0,633.7142857142857,7,164,157,50,In Stock
JNE3810-KR-XL,kurta,JNE3810,XL,16,9919.0,619.9375,16,197,181,50,In Stock
JNE3810-KR-XS,kurta,JNE3810,XS,6,4493.86,641.9799999999999,7,148,142,50,In Stock
JNE3810-KR-XXL,kurta,JNE3810,XXL,5,3262.0,652.4,5,116,111,50,In Stock
JNE3810-KR-XXXL,kurta,JNE3810,3XL,14,8545.0,610.3571428571429,14,262,248,50,In Stock
JNE3811-KR-L,kurta,JNE3811,L,2,948.0,474.0,2,498,496,50,In Stock
JNE3811-KR-M,kurta,JNE3811,M,3,1516.0,505.3333333333333,3,345,342,50,In Stock
JNE3811-KR-XS,kurta,JNE3811,XS,2,1042.0,521.0,2,484,482,50,In Stock
JNE3811-KR-XXXL,kurta,JNE3811,3XL,2,1042.0,521.0,2,406,404,50,In Stock
JNE3813-KR-L,kurta,JNE3813,L,1,627.0,627.0,1,357,356,50,In Stock
JNE3813-KR-M,kurta,JNE3813,M,4,2532.0,633.0,4,322,318,50,In Stock
JNE3813-KR-S,kurta,JNE3813,S,2,1270.0,635.0,2,223,221,50,In Stock
JNE3813-KR-XL,kurta,JNE3813,XL,3,1889.0,629.6666666666666,3,406,403,50,In Stock
JNE3813-KR-XS,kurta,JNE3813,XS,1,627.0,627.0,1,497,496,50,In Stock
JNE3813-KR-XXL,kurta,JNE3813,XXL,6,3786.0,631.0,6,302,296,50,In Stock
JNE3813-KR-XXXL,kurta,JNE3813,3XL,4,2532.0,633.0,4,388,384,50,In Stock
JNE3816-KR-L,kurta,JNE3816,L,4,2112.0,528.0,4,131,127,50,In Stock
JNE3816-KR-M,kurta,JNE3816,M,2,1042.0,521.0,2,157,155,50,In Stock
JNE3816-KR-S,kurta,JNE3816,S,2,1042.0,521.0,2,106,104,50,In Stock
JNE3816-KR-XL,kurta,JNE3816,XL,5,2633.0,526.6,5,220,215,50,In Stock
JNE3816-KR-XXL,kurta,JNE3816,XXL,7,4577.05,572.13125,8,189,182,50,In Stock
JNE3816-KR-XXXL,kurta,JNE3816,3XL,2,1098.0,1098.0,1,140,138,50,In Stock
JNE3817-KR-L,kurta,JNE3817,L,4,1846.0,461.5,4,241,237,50,In Stock
JNE3817-KR-M,kurta,JNE3817,M,7,3670.62,458.8275,8,198,191,50,In Stock
JNE3817-KR-S,kurta,JNE3817,S,10,4602.0,460.2,10,221,211,50,In Stock
JNE3817-KR-XL,kurta,JNE3817,XL,12,5499.0,458.25,12,183,171,50,In Stock
JNE3817-KR-XS,kurta,JNE3817,XS,9,4241.0,471.22222222222223,9,448,439,50,In Stock
JNE3817-KR-XXL,kurta,JNE3817,XXL,11,5050.0,459.09090909090907,11,439,428,50,In Stock
JNE3817-KR-XXXL,kurta,JNE3817,3XL,3,1547.0,515.6666666666666,3,176,173,50,In Stock
JNE3818-KR-L,kurta,JNE3818,L,10,5870.48,489.20666666666665,12,189,179,50,In Stock
JNE3818-KR-M,kurta,JNE3818,M,16,8817.62,489.8677777777778,18,359,343,50,In Stock
JNE3818-KR-S,kurta,JNE3818,S,5,2471.0,494.2,5,202,197,50,In Stock
JNE3818-KR-XL,kurta,JNE3818,XL,14,6964.0,497.42857142857144,14,231,217,50,In Stock
JNE3818-KR-XS,kurta,JNE3818,XS,3,1473.0,491.0,3,319,316,50,In Stock
JNE3818-KR-XXL,kurta,JNE3818,XXL,10,4852.0,485.2,10,184,174,50,In Stock
JNE3818-KR-XXXL,kurta,JNE3818,3XL,10,4966.0,496.6,10,375,365,50,In Stock
JNE3819-KR-L,kurta,JNE3819,L,4,1972.0,493.0,4,160,156,50,In Stock
JNE3819-KR-M,kurta,JNE3819,M,4,1473.0,368.25,4,159,155,50,In Stock
JNE3819-KR-S,kurta,JNE3819,S,2,974.0,487.0,2,230,228,50,In Stock
JNE3819-KR-XL,kurta,JNE3819,XL,3,1449.0,483.0,3,267,264,50,In Stock
JNE3819-KR-XS,kurta,JNE3819,XS,1,475.0,475.0,1,422,421,50,In Stock
JNE3819-KR-XXL,kurta,JNE3819,XXL,4,1910.0,477.5,4,465,461,50,In Stock
JNE3819-KR-XXXL,kurta,JNE3819,3XL,5,2471.0,494.2,5,476,471,50,In Stock
JNE3820-KR-L,kurta,JNE3820,L,4,2048.0,512.0,4,286,282,50,In Stock
JNE3820-KR-M,kurta,JNE3820,M,2,974.0,487.0,2,346,344,50,In Stock
JNE3820-KR-S,kurta,JNE3820,S,6,2972.0,495.3333333333333,6,298,292,50,In Stock
JNE3820-KR-XL,kurta,JNE3820,XL,5,2473.0,494.6,5,135,130,50,In Stock
JNE3820-KR-XS,kurta,JNE3820,XS,2,998.0,499.0,2,277,275,50,In Stock
JNE3820-KR-XXL,kurta,JNE3820,XXL,1,475.0,475.0,1,381,380,50,In Stock
JNE3821-KR-L,kurta,JNE3821,L,1,499.0,499.0,1,228,227,50,In Stock
JNE3821-KR-M,kurta,JNE3821,M,3,1551.0,517.0,3,238,235,50,In Stock
JNE3821-KR-S,kurta,JNE3821,S,6,3134.0,522.3333333333334,6,404,398,50,In Stock
JNE3821-KR-XL,kurta,JNE3821,XL,3,1567.0,522.3333333333334,3,188,185,50,In Stock
JNE3821-KR-XS,kurta,JNE3821,XS,4,1981.0,495.25,4,142,138,50,In Stock
JNE3821-KR-XXL,kurta,JNE3821,XXL,6,3065.0,510.8333333333333,6,169,163,50,In Stock
JNE3821-KR-XXXL,kurta,JNE3821,3XL,2,998.0,499.0,2,450,448,50,In Stock
JNE3822-KR-L,kurta,JNE3822,L,17,6888.0,405.1764705882353,17,436,419,50,In Stock
JNE3822-KR-M,kurta,JNE3822,M,15,6498.0,433.2,15,368,353,50,In Stock
JNE3822-KR-S,kurta,JNE3822,S,6,2336.0,389.3333333333333,6,278,272,50,In Stock
JNE3822-KR-XL,kurta,JNE3822,XL,21,10475.48,436.4783333333333,24,260,239,50,In Stock
JNE3822-KR-XS,kurta,JNE3822,XS,2,923.0,461.5,2,251,249,50,In Stock
JNE3822-KR-XXL,kurta,JNE3822,XXL,21,10095.43,458.8831818181818,22,115,94,50,In Stock
JNE3822-KR-XXXL,kurta,JNE3822,3XL,6,2819.0,469.8333333333333,6,487,481,50,In Stock
JNE3823-KR-L,kurta,JNE3823,L,2,1948.48,487.12,4,493,491,50,In Stock
JNE3823-KR-M,kurta,JNE3823,M,4,2104.0,526.0,4,129,125,50,In Stock
JNE3823-KR-S,kurta,JNE3823,S,5,2523.0,504.6,5,213,208,50,In Stock
JNE3823-KR-XL,kurta,JNE3823,XL,1,526.0,526.0,1,421,420,50,In Stock
JNE3823-KR-XS,kurta,JNE3823,XS,4,2082.0,520.5,4,323,319,50,In Stock
JNE3823-KR-XXL,kurta,JNE3823,XXL,3,1551.0,517.0,3,381,378,50,In Stock
JNE3823-KR-XXXL,kurta,JNE3823,3XL,1,499.0,499.0,1,185,184,50,In Stock
JNE3825-KR-L,kurta,JNE3825,L,0,427.62,427.62,1,209,209,50,In Stock
JNE3825-KR-M,kurta,JNE3825,M,4,1971.0,492.75,4,437,433,50,In Stock
JNE3825-KR-S,kurta,JNE3825,S,4,1359.0,339.75,4,428,424,50,In Stock
JNE3825-KR-XS,kurta,JNE3825,XS,4,1871.0,467.75,4,168,164,50,In Stock
JNE3825-KR-XXL,kurta,JNE3825,XXL,1,449.0,449.0,1,415,414,50,In Stock
JNE3825-KR-XXXL,kurta,JNE3825,3XL,2,898.0,449.0,2,156,154,50,In Stock
JNE3833-KR-L,kurta,JNE3833,L,6,3182.0,530.3333333333334,6,110,104,50,In Stock
JNE3833-KR-M,kurta,JNE3833,M,3,1563.0,521.0,3,322,319,50,In Stock
JNE3833-KR-S,kurta,JNE3833,S,1,521.0,521.0,1,438,437,50,In Stock
JNE3833-KR-XL,kurta,JNE3833,XL,2,1070.0,535.0,2,275,273,50,In Stock
JNE3833-KR-XS,kurta,JNE3833,XS,3,1708.0,569.3333333333334,3,492,489,50,In Stock
JNE3833-KR-XXL,kurta,JNE3833,XXL,7,3678.19,459.77375,8,187,180,50,In Stock
JNE3833-KR-XXXL,kurta,JNE3833,3XL,6,3154.0,525.6666666666666,6,176,170,50,In Stock
JNE3834-KR-L,kurta,JNE3834,L,5,2633.0,526.6,5,179,174,50,In Stock
JNE3834-KR-M,kurta,JNE3834,M,6,3676.86,525.2657142857144,7,422,416,50,In Stock
JNE3834-KR-S,kurta,JNE3834,S,5,2633.0,526.6,5,327,322,50,In Stock
JNE3834-KR-XL,kurta,JNE3834,XL,4,3737.34,533.9057142857143,7,232,228,50,In Stock
JNE3834-KR-XS,kurta,JNE3834,XS,6,3154.0,525.6666666666666,6,200,194,50,In Stock
JNE3834-KR-XXL,kurta,JNE3834,XXL,17,9465.19,525.843888888889,18,313,296,50,In Stock
JNE3835-KR-L,kurta,JNE3835,L,6,3561.0,593.5,6,422,416,50,In Stock
JNE3835-KR-M,kurta,JNE3835,M,6,3472.0,578.6666666666666,6,499,493,50,In Stock
JNE3835-KR-S,kurta,JNE3835,S,10,6104.38,508.6983333333333,12,263,253,50,In Stock
JNE3835-KR-XL,kurta,JNE3835,XL,4,2229.0,557.25,4,222,218,50,In Stock
JNE3835-KR-XS,kurta,JNE3835,XS,5,2806.0,561.2,5,183,178,50,In Stock
JNE3835-KR-XXL,kurta,JNE3835,XXL,5,2895.0,579.0,5,154,149,50,In Stock
JNE3835-KR-XXXL,kurta,JNE3835,3XL,2,1187.0,593.5,2,247,245,50,In Stock
JNE3836-KR-L,kurta,JNE3836,L,12,7674.0,639.5,12,333,321,50,In Stock
JNE3836-KR-M,kurta,JNE3836,M,13,8310.0,639.2307692307693,13,480,467,50,In Stock
JNE3836-KR-S,kurta,JNE3836,S,8,5156.0,644.5,8,469,461,50,In Stock
JNE3836-KR-XL,kurta,JNE3836,XL,8,5731.14,636.7933333333334,9,306,298,50,In Stock
JNE3836-KR-XS,kurta,JNE3836,XS,4,2593.0,648.25,4,288,284,50,In Stock
JNE3836-KR-XXL,kurta,JNE3836,XXL,13,8308.0,639.0769230769231,13,167,154,50,In Stock
JNE3836-KR-XXXL,kurta,JNE3836,3XL,9,5831.0,647.8888888888889,9,280,271,50,In Stock
JNE3837-KR-L,kurta,JNE3837,L,7,5044.24,560.4711111111111,9,238,231,50,In Stock
JNE3837-KR-M,kurta,JNE3837,M,9,5495.0,610.5555555555555,9,115,106,50,In Stock
JNE3837-KR-S,kurta,JNE3837,S,4,2843.62,568.7239999999999,5,166,162,50,In Stock
JNE3837-KR-XL,kurta,JNE3837,XL,6,3386.0,564.3333333333334,6,493,487,50,In Stock
JNE3837-KR-XS,kurta,JNE3837,XS,4,2438.0,609.5,4,121,117,50,In Stock
JNE3837-KR-XXL,kurta,JNE3837,XXL,8,4750.0,593.75,8,468,460,50,In Stock
JNE3837-KR-XXXL,kurta,JNE3837,3XL,11,6019.0,547.1818181818181,11,479,468,50,In Stock
JNE3838-KR-L,kurta,JNE3838,L,18,8419.62,420.98100000000005,20,257,239,50,In Stock
JNE3838-KR-M,kurta,JNE3838,M,9,3925.0,436.1111111111111,9,331,322,50,In Stock
JNE3838-KR-S,kurta,JNE3838,S,7,3426.81,428.35125,8,193,186,50,In Stock
JNE3838-KR-XL,kurta,JNE3838,XL,16,7305.72,384.51157894736843,19,107,91,50,In Stock
JNE3838-KR-XS,kurta,JNE3838,XS,7,2969.0,424.14285714285717,7,114,107,50,In Stock
JNE3838-KR-XXL,kurta,JNE3838,XXL,13,5783.58,413.11285714285714,14,420,407,50,In Stock
JNE3838-KR-XXXL,kurta,JNE3838,3XL,16,7068.0,415.7647058823529,17,477,461,50,In Stock
JNE3856-KR-L,kurta,JNE3856,L,9,5622.0,624.6666666666666,9,125,116,50,In Stock
JNE3856-KR-M,kurta,JNE3856,M,4,1332.0,333.0,4,247,243,50,In Stock
JNE3856-KR-S,kurta,JNE3856,S,1,666.0,666.0,1,225,224,50,In Stock
JNE3856-KR-XL,kurta,JNE3856,XL,15,8456.0,563.7333333333333,15,171,156,50,In Stock
JNE3856-KR-XS,kurta,JNE3856,XS,2,1332.0,666.0,2,455,453,50,In Stock
JNE3856-KR-XXL,kurta,JNE3856,XXL,10,6536.0,653.6,10,345,335,50,In Stock
JNE3856-KR-XXXL,kurta,JNE3856,3XL,6,4382.29,626.0414285714286,7,411,405,50,In Stock
JNE3860-DR-L,Western Dress,JNE3860,L,8,5138.0,642.25,8,480,472,50,In Stock
JNE3860-DR-M,Western Dress,JNE3860,M,4,2691.0,672.75,4,314,310,50,In Stock
JNE3860-DR-S,Western Dress,JNE3860,S,1,596.0,596.0,1,442,441,50,In Stock
JNE3860-DR-XL,Western Dress,JNE3860,XL,8,5443.62,604.8466666666667,9,375,367,50,In Stock
JNE3860-DR-XS,Western Dress,JNE3860,XS,1,614.0,614.0,1,217,216,50,In Stock
JNE3860-DR-XXL,Western Dress,JNE3860,XXL,7,4402.0,628.8571428571429,7,151,144,50,In Stock
JNE3860-DR-XXXL,Western Dress,JNE3860,3XL,17,10673.0,667.0625,16,133,116,50,In Stock
JNE3861-DR-L,Western Dress,JNE3861,L,35,26056.0,744.4571428571429,35,405,370,50,In Stock
JNE3861-DR-M,Western Dress,JNE3861,M,18,14944.33,786.5436842105263,19,293,275,50,In Stock
JNE3861-DR-S,Western Dress,JNE3861,S,12,8701.0,725.0833333333334,12,412,400,50,In Stock
JNE3861-DR-XL,Western Dress,JNE3861,XL,40,33248.66,810.9429268292683,41,461,421,50,In Stock
JNE3861-DR-XS,Western Dress,JNE3861,XS,7,4746.0,678.0,7,222,215,50,In Stock
JNE3861-DR-XXL,Western Dress,JNE3861,XXL,34,28661.66,796.1572222222222,36,418,384,50,In Stock
JNE3861-DR-XXXL,Western Dress,JNE3861,3XL,24,19814.0,825.5833333333334,24,417,393,50,In Stock
JNE3862-TU-L,Top,JNE3862,L,6,3594.0,599.0,6,230,224,50,In Stock
JNE3862-TU-M,Top,JNE3862,M,1,839.0,839.0,1,487,486,50,In Stock
JNE3862-TU-S,Top,JNE3862,S,2,1198.0,599.0,2,163,161,50,In Stock
JNE3862-TU-XL,Top,JNE3862,XL,2,1162.0,581.0,2,275,273,50,In Stock
JNE3862-TU-XXXL,Top,JNE3862,3XL,4,2360.0,590.0,4,444,440,50,In Stock
JNE3863-TU-L,Top,JNE3863,L,14,9510.96,594.435,16,459,445,50,In Stock
JNE3863-TU-M,Top,JNE3863,M,15,9122.67,570.166875,16,337,322,50,In Stock
JNE3863-TU-S,Top,JNE3863,S,10,5390.0,539.0,10,113,103,50,In Stock
JNE3863-TU-XL,Top,JNE3863,XL,15,8772.67,548.291875,16,493,478,50,In Stock
JNE3863-TU-XS,Top,JNE3863,XS,2,1148.0,574.0,2,330,328,50,In Stock
JNE3863-TU-XXL,Top,JNE3863,XXL,15,8542.0,569.4666666666667,15,343,328,50,In Stock
JNE3863-TU-XXXL,Top,JNE3863,3XL,10,5740.0,574.0,10,141,131,50,In Stock
JNE3864-TU-L,Top,JNE3864,L,3,1797.0,599.0,3,343,340,50,In Stock
JNE3864-TU-M,Top,JNE3864,M,6,3594.0,599.0,6,284,278,50,In Stock
JNE3864-TU-S,Top,JNE3864,S,1,599.0,599.0,1,457,456,50,In Stock
JNE3864-TU-XL,Top,JNE3864,XL,5,2995.0,599.0,5,252,247,50,In Stock
JNE3864-TU-XXL,Top,JNE3864,XXL,3,1797.0,599.0,3,409,406,50,In Stock
JNE3864-TU-XXXL,Top,JNE3864,3XL,6,3594.0,599.0,6,231,225,50,In Stock
JNE3865-TP-L,Top,JNE3865,L,33,20146.35,544.4959459459459,37,165,132,50,In Stock
JNE3865-TP-M,Top,JNE3865,M,10,5233.29,475.75363636363636,11,300,290,50,In Stock
JNE3865-TP-S,Top,JNE3865,S,19,10147.0,534.0526315789474,19,372,353,50,In Stock
JNE3865-TP-XL,Top,JNE3865,XL,18,10118.48,532.5515789473684,19,437,419,50,In Stock
JNE3865-TP-XS,Top,JNE3865,XS,3,1524.0,508.0,3,450,447,50,In Stock
JNE3865-TP-XXL,Top,JNE3865,XXL,30,17006.05,548.582258064516,31,359,329,50,In Stock
JNE3865-TP-XXXL,Top,JNE3865,3XL,22,12923.48,587.430909090909,22,118,96,50,In Stock
JNE3866-KR-L,kurta,JNE3866,L,4,3124.0,781.0,4,402,398,50,In Stock
JNE3866-KR-M,kurta,JNE3866,M,5,4136.0,827.2,5,491,486,50,In Stock
JNE3866-KR-S,kurta,JNE3866,S,2,1641.0,820.5,2,280,278,50,In Stock
JNE3866-KR-XL,kurta,JNE3866,XL,2,1641.0,820.5,2,135,133,50,In Stock
JNE3866-KR-XXL,kurta,JNE3866,XXL,3,2529.0,843.0,3,432,429,50,In Stock
JNE3866-KR-XXXL,kurta,JNE3866,3XL,2,1483.0,741.5,2,341,339,50,In Stock
JNE3869-DR-L,Western Dress,JNE3869,L,20,14253.0,712.65,20,393,373,50,In Stock
JNE3869-DR-M,Western Dress,JNE3869,M,35,28668.34,716.7085,40,345,310,50,In Stock
JNE3869-DR-S,Western Dress,JNE3869,S,21,18164.68,726.5872,25,474,453,50,In Stock
JNE3869-DR-XL,Western Dress,JNE3869,XL,37,30110.35,716.9130952380953,42,290,253,50,In Stock
JNE3869-DR-XS,Western Dress,JNE3869,XS,15,10772.0,718.1333333333333,15,218,203,50,In Stock
JNE3869-DR-XXL,Western Dress,JNE3869,XXL,26,19234.0,739.7692307692307,26,200,174,50,In Stock
JNE3869-DR-XXXL,Western Dress,JNE3869,3XL,28,21428.67,738.9196551724137,29,389,361,50,In Stock
JNE3870-DR-L,Western Dress,JNE3870,L,19,14662.67,733.1335,20,156,137,50,In Stock
JNE3870-DR-M,Western Dress,JNE3870,M,22,16782.67,729.681304347826,23,170,148,50,In Stock
JNE3870-DR-S,Western Dress,JNE3870,S,22,16662.67,724.4639130434782,23,193,171,50,In Stock
JNE3870-DR-XL,Western Dress,JNE3870,XL,18,13497.67,710.4036842105263,19,404,386,50,In Stock
JNE3870-DR-XS,Western Dress,JNE3870,XS,6,5012.67,716.0957142857143,7,364,358,50,In Stock
JNE3870-DR-XXL,Western Dress,JNE3870,XXL,36,31492.64,749.8247619047619,42,331,295,50,In Stock
JNE3870-DR-XXXL,Western Dress,JNE3870,3XL,31,23329.76,729.055,32,279,248,50,In Stock
JNE3871-KR-S,kurta,JNE3871,S,1,771.0,771.0,1,366,365,50,In Stock
JNE3872-KR-XL,kurta,JNE3872,XL,1,1149.0,1149.0,1,258,257,50,In Stock
JNE3875-KR-L,kurta,JNE3875,L,3,1797.0,599.0,3,426,423,50,In Stock
JNE3875-KR-M,kurta,JNE3875,M,1,599.0,599.0,1,109,108,50,In Stock
JNE3875-KR-S,kurta,JNE3875,S,1,599.0,599.0,1,119,118,50,In Stock
JNE3875-KR-XL,kurta,JNE3875,XL,2,1198.0,599.0,2,102,100,50,In Stock
JNE3875-KR-XXL,kurta,JNE3875,XXL,1,599.0,599.0,1,234,233,50,In Stock
JNE3875-KR-XXXL,kurta,JNE3875,3XL,3,1797.0,599.0,3,205,202,50,In Stock
JNE3878-KR-L,kurta,JNE3878,L,11,5395.0,415.0,13,465,454,50,In Stock
JNE3878-KR-M,kurta,JNE3878,M,3,1197.0,399.0,3,463,460,50,In Stock
JNE3878-KR-S,kurta,JNE3878,S,3,1197.0,399.0,3,350,347,50,In Stock
JNE3878-KR-XL,kurta,JNE3878,XL,12,4852.0,404.3333333333333,12,102,90,50,In Stock
JNE3878-KR-XXL,kurta,JNE3878,XXL,12,5788.0,413.42857142857144,14,398,386,50,In Stock
JNE3878-KR-XXXL,kurta,JNE3878,3XL,21,9169.0,416.77272727272725,22,188,167,50,In Stock
JNE3879-DR-L,Western Dress,JNE3879,L,5,3723.0,744.6,5,118,113,50,In Stock
JNE3879-DR-M,Western Dress,JNE3879,M,7,5017.0,716.7142857142857,7,194,187,50,In Stock
JNE3879-DR-S,Western Dress,JNE3879,S,3,1963.0,654.3333333333334,3,122,119,50,In Stock
JNE3879-DR-XL,Western Dress,JNE3879,XL,8,6177.52,686.3911111111112,9,498,490,50,In Stock
JNE3879-DR-XS,Western Dress,JNE3879,XS,2,1452.0,726.0,2,441,439,50,In Stock
JNE3879-DR-XXL,Western Dress,JNE3879,XXL,5,3435.0,687.0,5,382,377,50,In Stock
JNE3879-DR-XXXL,Western Dress,JNE3879,3XL,14,10014.0,715.2857142857143,14,408,394,50,In Stock
JNE3880-DR-L,Western Dress,JNE3880,L,6,3704.0,617.3333333333334,6,157,151,50,In Stock
JNE3880-DR-M,Western Dress,JNE3880,M,6,3653.0,608.8333333333334,6,487,481,50,In Stock
JNE3880-DR-S,Western Dress,JNE3880,S,3,1852.0,617.3333333333334,3,211,208,50,In Stock
JNE3880-DR-XL,Western Dress,JNE3880,XL,7,4268.0,609.7142857142857,7,121,114,50,In Stock
JNE3880-DR-XS,Western Dress,JNE3880,XS,2,1271.0,635.5,2,401,399,50,In Stock
JNE3880-DR-XXL,Western Dress,JNE3880,XXL,3,1743.0,581.0,3,479,476,50,In Stock
JNE3880-DR-XXXL,Western Dress,JNE3880,3XL,9,5631.0,625.6666666666666,9,404,395,50,In Stock
JNE3881-DR-L,Western Dress,JNE3881,L,9,8898.42,808.9472727272728,11,251,242,50,In Stock
JNE3881-DR-M,Western Dress,JNE3881,M,2,1650.0,825.0,2,478,476,50,In Stock
JNE3881-DR-S,Western Dress,JNE3881,S,3,2426.0,808.6666666666666,3,208,205,50,In Stock
JNE3881-DR-XL,Western Dress,JNE3881,XL,8,6551.0,818.875,8,436,428,50,In Stock
JNE3881-DR-XS,Western Dress,JNE3881,XS,1,825.0,825.0,1,368,367,50,In Stock
JNE3881-DR-XXL,Western Dress,JNE3881,XXL,9,8161.71,816.171,10,256,247,50,In Stock
JNE3881-DR-XXXL,Western Dress,JNE3881,3XL,7,5735.71,716.96375,8,287,280,50,In Stock
JNE3885-KR-L,kurta,JNE3885,L,1,590.0,590.0,1,136,135,50,In Stock
JNE3885-KR-S,kurta,JNE3885,S,1,590.0,590.0,1,453,452,50,In Stock
JNE3885-KR-XL,kurta,JNE3885,XL,6,3220.0,536.6666666666666,6,258,252,50,In Stock
JNE3885-KR-XS,kurta,JNE3885,XS,1,526.0,526.0,1,493,492,50,In Stock
JNE3885-KR-XXL,kurta,JNE3885,XXL,1,584.0,584.0,1,447,446,50,In Stock
JNE3885-KR-XXXL,kurta,JNE3885,3XL,4,2104.0,526.0,4,258,254,50,In Stock
JNE3886-KR-XXL,kurta,JNE3886,XXL,1,510.0,510.0,1,311,310,50,In Stock
JNE3886-KR-XXXL,kurta,JNE3886,3XL,2,1052.0,526.0,2,124,122,50,In Stock
JNE3887-KR-L,kurta,JNE3887,L,7,4310.95,538.86875,8,311,304,50,In Stock
JNE3887-KR-M,kurta,JNE3887,M,6,3640.95,520.1357142857142,7,213,207,50,In Stock
JNE3887-KR-S,kurta,JNE3887,S,1,526.0,526.0,1,279,278,50,In Stock
JNE3887-KR-XL,kurta,JNE3887,XL,6,3204.0,534.0,6,251,245,50,In Stock
JNE3887-KR-XS,kurta,JNE3887,XS,5,3172.95,528.8249999999999,6,201,196,50,In Stock
JNE3887-KR-XXL,kurta,JNE3887,XXL,2,1052.0,526.0,2,191,189,50,In Stock
JNE3887-KR-XXXL,kurta,JNE3887,3XL,9,5330.95,533.095,10,127,118,50,In Stock
JNE3888-KR-L,kurta,JNE3888,L,1,696.0,696.0,1,415,414,50,In Stock
JNE3888-KR-S,kurta,JNE3888,S,2,1392.0,696.0,2,479,477,50,In Stock
JNE3888-KR-XL,kurta,JNE3888,XL,1,696.0,696.0,1,261,260,50,In Stock
JNE3888-KR-XS,kurta,JNE3888,XS,1,696.0,696.0,1,205,204,50,In Stock
JNE3888-KR-XXL,kurta,JNE3888,XXL,4,2784.0,696.0,4,487,483,50,In Stock
JNE3888-KR-XXXL,kurta,JNE3888,3XL,4,2784.0,696.0,4,159,155,50,In Stock
JNE3889-KR-M,kurta,JNE3889,M,1,736.0,736.0,1,340,339,50,In Stock
JNE3890-TP-S,Top,JNE3890,S,1,621.0,621.0,1,497,496,50,In Stock
JNE3890-TP-XXL,Top,JNE3890,XXL,1,721.0,721.0,1,358,357,50,In Stock
JNE3891-TP-XXXL,Top,JNE3891,3XL,2,1242.0,621.0,2,271,269,50,In Stock
JNE3892-TP-L,Top,JNE3892,L,3,1944.0,648.0,3,232,229,50,In Stock
JNE3892-TP-M,Top,JNE3892,M,4,2554.0,638.5,4,393,389,50,In Stock
JNE3892-TP-XL,Top,JNE3892,XL,3,1944.0,648.0,3,133,130,50,In Stock
JNE3892-TP-XXL,Top,JNE3892,XXL,7,4723.0,674.7142857142857,7,275,268,50,In Stock
JNE3892-TP-XXXL,Top,JNE3892,3XL,6,3972.0,794.4,5,158,152,50,In Stock
JNE3893-TP-L,Top,JNE3893,L,4,2465.0,616.25,4,302,298,50,In Stock
JNE3893-TP-M,Top,JNE3893,M,1,621.0,621.0,1,231,230,50,In Stock
JNE3893-TP-S,Top,JNE3893,S,1,621.0,621.0,1,360,359,50,In Stock
JNE3893-TP-XS,Top,JNE3893,XS,1,602.0,602.0,1,127,126,50,In Stock
JNE3893-TP-XXL,Top,JNE3893,XXL,4,2484.0,621.0,4,324,320,50,In Stock
JNE3894-TP-L,Top,JNE3894,L,3,2249.0,749.6666666666666,3,293,290,50,In Stock
JNE3894-TP-M,Top,JNE3894,M,1,751.0,751.0,1,235,234,50,In Stock
JNE3894-TP-S,Top,JNE3894,S,6,4453.0,742.1666666666666,6,159,153,50,In Stock
JNE3894-TP-XL,Top,JNE3894,XL,4,2998.0,749.5,4,327,323,50,In Stock
JNE3894-TP-XXL,Top,JNE3894,XXL,12,8908.0,742.3333333333334,12,407,395,50,In Stock
JNE3894-TP-XXXL,Top,JNE3894,3XL,6,4500.0,750.0,6,346,340,50,In Stock
JNE3895-TP-L,Top,JNE3895,L,2,1687.0,843.5,2,396,394,50,In Stock
JNE3895-TP-XL,Top,JNE3895,XL,1,648.0,648.0,1,372,371,50,In Stock
JNE3895-TP-XXL,Top,JNE3895,XXL,3,2028.0,676.0,3,488,485,50,In Stock
JNE3895-TP-XXXL,Top,JNE3895,3XL,2,1296.0,648.0,2,268,266,50,In Stock
JNE3896-KR-XXL,kurta,JNE3896,XXL,1,582.0,582.0,1,323,322,50,In Stock
JNE3896-KR-XXXL,kurta,JNE3896,3XL,4,2565.0,641.25,4,146,142,50,In Stock
JNE3897-KR-XXXL,kurta,JNE3897,3XL,1,565.0,565.0,1,227,226,50,In Stock
JNE3898-KR-M,kurta,JNE3898,M,1,582.0,582.0,1,163,162,50,In Stock
JNE3898-KR-S,kurta,JNE3898,S,1,582.0,582.0,1,252,251,50,In Stock
JNE3898-KR-XL,kurta,JNE3898,XL,1,582.0,582.0,1,274,273,50,In Stock
JNE3898-KR-XXXL,kurta,JNE3898,3XL,1,582.0,582.0,1,141,140,50,In Stock
JNE3899-KR-L,kurta,JNE3899,L,1,565.0,565.0,1,291,290,50,In Stock
JNE3899-KR-S,kurta,JNE3899,S,1,582.0,582.0,1,164,163,50,In Stock
JNE3899-KR-XXL,kurta,JNE3899,XXL,1,582.0,582.0,1,113,112,50,In Stock
JNE3902-KR-L,kurta,JNE3902,L,1,563.0,563.0,1,413,412,50,In Stock
JNE3902-KR-M,kurta,JNE3902,M,1,599.0,599.0,1,195,194,50,In Stock
JNE3902-KR-XL,kurta,JNE3902,XL,3,2645.76,661.44,4,382,379,50,In Stock
JNE3902-KR-XS,kurta,JNE3902,XS,1,563.0,563.0,1,267,266,50,In Stock
JNE3902-KR-XXXL,kurta,JNE3902,3XL,3,1761.0,587.0,3,448,445,50,In Stock
JNE3904-DR-L,Western Dress,JNE3904,L,11,7123.48,593.6233333333333,12,329,318,50,In Stock
JNE3904-DR-M,Western Dress,JNE3904,M,8,4756.0,594.5,8,151,143,50,In Stock
JNE3904-DR-S,Western Dress,JNE3904,S,5,2995.0,599.0,5,147,142,50,In Stock
JNE3904-DR-XL,Western Dress,JNE3904,XL,13,8927.96,595.1973333333333,15,406,393,50,In Stock
JNE3904-DR-XS,Western Dress,JNE3904,XS,4,2360.0,590.0,4,185,181,50,In Stock
JNE3904-DR-XXL,Western Dress,JNE3904,XXL,6,3594.0,599.0,6,273,267,50,In Stock
JNE3904-DR-XXXL,Western Dress,JNE3904,3XL,9,5961.48,596.1479999999999,10,114,105,50,In Stock
JNE3905-DR-L,Western Dress,JNE3905,L,37,23428.0,633.1891891891892,37,417,380,50,In Stock
JNE3905-DR-M,Western Dress,JNE3905,M,32,20484.24,620.7345454545455,33,211,179,50,In Stock
JNE3905-DR-S,Western Dress,JNE3905,S,6,4345.0,724.1666666666666,6,363,357,50,In Stock
JNE3905-DR-XL,Western Dress,JNE3905,XL,24,14301.0,595.875,24,117,93,50,In Stock
JNE3905-DR-XS,Western Dress,JNE3905,XS,6,3750.0,625.0,6,140,134,50,In Stock
JNE3905-DR-XXL,Western Dress,JNE3905,XXL,26,17961.72,619.3696551724138,29,285,259,50,In Stock
JNE3905-DR-XXXL,Western Dress,JNE3905,3XL,20,11801.0,590.05,20,220,200,50,In Stock
JNE3928-KR-L,kurta,JNE3928,L,5,2840.0,568.0,5,353,348,50,In Stock
JNE3928-KR-M,kurta,JNE3928,M,3,1704.0,568.0,3,379,376,50,In Stock
JNE3928-KR-S,kurta,JNE3928,S,2,1136.0,568.0,2,242,240,50,In Stock
JNE3928-KR-XL,kurta,JNE3928,XL,4,2272.0,568.0,4,473,469,50,In Stock
JNE3928-KR-XS,kurta,JNE3928,XS,3,2244.95,561.2375,4,299,296,50,In Stock
JNE3928-KR-XXL,kurta,JNE3928,XXL,4,2272.0,568.0,4,151,147,50,In Stock
JNE3928-KR-XXXL,kurta,JNE3928,3XL,4,2272.0,568.0,4,389,385,50,In Stock
MEN5001-KR-L,kurta,MEN5001,L,10,4961.0,496.1,10,428,418,50,In Stock
MEN5001-KR-M,kurta,MEN5001,M,7,5232.72,523.272,10,453,446,50,In Stock
MEN5001-KR-S,kurta,MEN5001,S,1,499.0,499.0,1,430,429,50,In Stock
MEN5001-KR-XL,kurta,MEN5001,XL,9,5414.24,541.424,10,334,325,50,In Stock
MEN5001-KR-XXL,kurta,MEN5001,XXL,5,2174.0,434.8,5,365,360,50,In Stock
MEN5001-KR-XXXL,kurta,MEN5001,3XL,5,3148.24,524.7066666666666,6,281,276,50,In Stock
MEN5002-KR-L,kurta,MEN5002,L,49,28626.24,572.5248,50,239,190,50,In Stock
MEN5002-KR-M,kurta,MEN5002,M,44,24595.0,585.5952380952381,42,261,217,50,In Stock
MEN5002-KR-S,kurta,MEN5002,S,11,6145.24,512.1033333333334,12,327,316,50,In Stock
MEN5002-KR-XL,kurta,MEN5002,XL,30,17743.24,572.3625806451613,31,247,217,50,In Stock
MEN5002-KR-XXL,kurta,MEN5002,XXL,18,10205.0,566.9444444444445,18,440,422,50,In Stock
MEN5002-KR-XXXL,kurta,MEN5002,3XL,18,12272.91,584.4242857142857,21,196,178,50,In Stock
MEN5003-KR-L,kurta,MEN5003,L,7,3265.24,362.8044444444444,9,214,207,50,In Stock
MEN5003-KR-M,kurta,MEN5003,M,9,5205.62,520.562,10,161,152,50,In Stock
MEN5003-KR-S,kurta,MEN5003,S,6,3266.0,544.3333333333334,6,163,157,50,In Stock
MEN5003-KR-XL,kurta,MEN5003,XL,16,9223.86,512.4366666666667,18,107,91,50,In Stock
MEN5003-KR-XXL,kurta,MEN5003,XXL,10,5748.86,522.6236363636364,11,425,415,50,In Stock
MEN5003-KR-XXXL,kurta,MEN5003,3XL,8,4999.29,499.929,10,342,334,50,In Stock
MEN5004-KR-L,kurta,MEN5004,L,53,26226.9,476.8527272727273,55,317,264,50,In Stock
MEN5004-KR-M,kurta,MEN5004,M,55,28277.19,496.0910526315789,57,490,435,50,In Stock
MEN5004-KR-S,kurta,MEN5004,S,22,12426.9,517.7875,24,122,100,50,In Stock
MEN5004-KR-XL,kurta,MEN5004,XL,48,25711.14,504.14,51,335,287,50,In Stock
MEN5004-KR-XXL,kurta,MEN5004,XXL,43,24490.18,521.067659574468,47,429,386,50,In Stock
MEN5004-KR-XXXL,kurta,MEN5004,3XL,40,23891.06,555.6060465116279,43,497,457,50,In Stock
MEN5005-KR-L,kurta,MEN5005,L,2,1063.0,531.5,2,114,112,50,In Stock
MEN5005-KR-XL,kurta,MEN5005,XL,1,625.0,625.0,1,272,271,50,In Stock
MEN5005-KR-XXL,kurta,MEN5005,XXL,19,9235.0,486.05263157894734,19,449,430,50,In Stock
MEN5005-KR-XXXL,kurta,MEN5005,3XL,23,11903.0,517.5217391304348,23,410,387,50,In Stock
MEN5006-KR-L,kurta,MEN5006,L,15,9140.71,537.6888235294117,17,316,301,50,In Stock
MEN5006-KR-M,kurta,MEN5006,M,12,7332.38,564.0292307692308,13,430,418,50,In Stock
MEN5006-KR-S,kurta,MEN5006,S,2,1140.0,570.0,2,236,234,50,In Stock
MEN5006-KR-XL,kurta,MEN5006,XL,12,6909.76,493.55428571428575,14,323,311,50,In Stock
MEN5006-KR-XXL,kurta,MEN5006,XXL,9,5697.38,569.738,10,108,99,50,In Stock
MEN5006-KR-XXXL,kurta,MEN5006,3XL,8,4180.0,522.5,8,178,170,50,In Stock
MEN5007-KR-L,kurta,MEN5007,L,6,3020.0,503.3333333333333,6,248,242,50,In Stock
MEN5007-KR-M,kurta,MEN5007,M,11,5522.0,502.0,11,423,412,50,In Stock
MEN5007-KR-S,kurta,MEN5007,S,3,970.0,323.3333333333333,3,329,326,50,In Stock
MEN5007-KR-XL,kurta,MEN5007,XL,7,3475.0,496.42857142857144,7,343,336,50,In Stock
MEN5007-KR-XXL,kurta,MEN5007,XXL,10,4920.0,492.0,10,296,286,50,In Stock
MEN5007-KR-XXXL,kurta,MEN5007,3XL,9,4275.0,475.0,9,183,174,50,In Stock
MEN5008-KR-L,kurta,MEN5008,L,34,22112.91,597.6462162162162,37,129,95,50,In Stock
MEN5008-KR-M,kurta,MEN5008,M,27,13968.0,517.3333333333334,27,448,421,50,In Stock
MEN5008-KR-S,kurta,MEN5008,S,10,5310.0,531.0,10,257,247,50,In Stock
MEN5008-KR-XL,kurta,MEN5008,XL,17,11499.72,574.986,20,106,89,50,In Stock
MEN5008-KR-XXL,kurta,MEN5008,XXL,20,11497.24,547.4876190476191,21,407,387,50,In Stock
MEN5008-KR-XXXL,kurta,MEN5008,3XL,6,3389.0,564.8333333333334,6,393,387,50,In Stock
MEN5009-KR-L,kurta,MEN5009,L,57,29697.86,478.9977419354839,62,190,133,50,In Stock
MEN5009-KR-M,kurta,MEN5009,M,70,37254.0,539.9130434782609,69,117,47,50,Low Stock
MEN5009-KR-S,kurta,MEN5009,S,34,15937.42,455.35485714285716,35,448,414,50,In Stock
MEN5009-KR-XL,kurta,MEN5009,XL,52,27326.19,506.04055555555556,54,148,96,50,In Stock
MEN5009-KR-XXL,kurta,MEN5009,XXL,22,11485.24,499.3582608695652,23,275,253,50,In Stock
MEN5009-KR-XXXL,kurta,MEN5009,3XL,27,15848.48,566.0171428571429,28,443,416,50,In Stock
MEN5010-KR-L,kurta,MEN5010,L,4,2912.0,728.0,4,145,141,50,In Stock
MEN5010-KR-M,kurta,MEN5010,M,5,2468.0,493.6,5,240,235,50,In Stock
MEN5010-KR-XL,kurta,MEN5010,XL,4,2156.0,539.0,4,470,466,50,In Stock
MEN5010-KR-XXL,kurta,MEN5010,XXL,3,1378.0,459.3333333333333,3,466,463,50,In Stock
MEN5010-KR-XXXL,kurta,MEN5010,3XL,7,3754.0,536.2857142857143,7,225,218,50,In Stock
MEN5011-KR-L,kurta,MEN5011,L,41,23476.91,533.5661363636364,44,155,114,50,In Stock
MEN5011-KR-M,kurta,MEN5011,M,30,14503.43,467.8525806451613,31,149,119,50,In Stock
MEN5011-KR-S,kurta,MEN5011,S,11,6338.24,528.1866666666666,12,157,146,50,In Stock
MEN5011-KR-XL,kurta,MEN5011,XL,36,21288.48,560.2231578947368,38,489,453,50,In Stock
MEN5011-KR-XXL,kurta,MEN5011,XXL,14,8167.24,544.4826666666667,15,364,350,50,In Stock
MEN5011-KR-XXXL,kurta,MEN5011,3XL,4,2677.4300000000003,535.4860000000001,5,291,287,50,In Stock
MEN5012-KR-L,kurta,MEN5012,L,7,3941.0,563.0,7,226,219,50,In Stock
MEN5012-KR-M,kurta,MEN5012,M,6,3909.81,558.5442857142857,7,460,454,50,In Stock
MEN5012-KR-S,kurta,MEN5012,S,2,1154.0,577.0,2,104,102,50,In Stock
MEN5012-KR-XL,kurta,MEN5012,XL,3,2625.48,525.096,5,354,351,50,In Stock
MEN5012-KR-XXXL,kurta,MEN5012,3XL,7,4099.0,585.5714285714286,7,498,491,50,In Stock
MEN5013-KR-L,kurta,MEN5013,L,22,12811.24,557.0104347826087,23,371,349,50,In Stock
MEN5013-KR-M,kurta,MEN5013,M,13,6297.43,449.8164285714286,14,251,238,50,In Stock
MEN5013-KR-S,kurta,MEN5013,S,4,2206.0,551.5,4,284,280,50,In Stock
MEN5013-KR-XL,kurta,MEN5013,XL,10,6260.48,521.7066666666666,12,399,389,50,In Stock
MEN5013-KR-XXL,kurta,MEN5013,XXL,12,7223.0,656.6363636363636,11,161,149,50,In Stock
MEN5013-KR-XXXL,kurta,MEN5013,3XL,8,4996.0,624.5,8,362,354,50,In Stock
MEN5014-KR-L,kurta,MEN5014,L,12,6972.0,581.0,12,402,390,50,In Stock
MEN5014-KR-M,kurta,MEN5014,M,7,3991.0,570.1428571428571,7,150,143,50,In Stock
MEN5014-KR-S,kurta,MEN5014,S,4,2625.24,525.048,5,209,205,50,In Stock
MEN5014-KR-XL,kurta,MEN5014,XL,7,3797.4300000000003,474.67875000000004,8,350,343,50,In Stock
MEN5014-KR-XXL,kurta,MEN5014,XXL,12,6959.0,632.6363636363636,11,270,258,50,In Stock
MEN5014-KR-XXXL,kurta,MEN5014,3XL,11,7589.57,583.8130769230769,13,310,299,50,In Stock
MEN5015-KR-L,kurta,MEN5015,L,17,8550.0,502.94117647058823,17,381,364,50,In Stock
MEN5015-KR-M,kurta,MEN5015,M,14,7577.38,541.2414285714286,14,144,130,50,In Stock
MEN5015-KR-S,kurta,MEN5015,S,1,0.0,0.0,1,308,307,50,In Stock
MEN5015-KR-XL,kurta,MEN5015,XL,24,12821.0,534.2083333333334,24,252,228,50,In Stock
MEN5015-KR-XXL,kurta,MEN5015,XXL,11,6598.33,549.8608333333333,12,487,476,50,In Stock
MEN5016-KR-M,kurta,MEN5016,M,2,1592.38,530.7933333333334,3,379,377,50,In Stock
MEN5016-KR-S,kurta,MEN5016,S,3,1445.0,481.6666666666667,3,334,331,50,In Stock
MEN5016-KR-XXL,kurta,MEN5016,XXL,0,633.33,633.33,1,208,208,50,In Stock
MEN5016-KR-XXXL,kurta,MEN5016,3XL,8,4704.76,470.476,10,192,184,50,In Stock
MEN5017-KR-L,kurta,MEN5017,L,10,6107.86,555.26,11,273,263,50,In Stock
MEN5017-KR-M,kurta,MEN5017,M,10,6012.86,546.6236363636364,11,285,275,50,In Stock
MEN5017-KR-S,kurta,MEN5017,S,5,2769.0,553.8,5,488,483,50,In Stock
MEN5017-KR-XL,kurta,MEN5017,XL,17,9567.0,562.7647058823529,17,123,106,50,In Stock
MEN5018-KR-L,kurta,MEN5018,L,11,5293.0,481.1818181818182,11,149,138,50,In Stock
MEN5018-KR-M,kurta,MEN5018,M,6,3328.0,554.6666666666666,6,316,310,50,In Stock
MEN5018-KR-S,kurta,MEN5018,S,4,1965.0,655.0,3,285,281,50,In Stock
MEN5018-KR-XL,kurta,MEN5018,XL,8,4482.0,640.2857142857143,7,149,141,50,In Stock
MEN5018-KR-XXL,kurta,MEN5018,XXL,5,2985.0,597.0,5,467,462,50,In Stock
MEN5018-KR-XXXL,kurta,MEN5018,3XL,8,5106.0,638.25,8,391,383,50,In Stock
MEN5019-KR-L,kurta,MEN5019,L,2,1405.33,468.4433333333333,3,230,228,50,In Stock
MEN5019-KR-M,kurta,MEN5019,M,16,10101.14,561.1744444444444,18,299,283,50,In Stock
MEN5019-KR-S,kurta,MEN5019,S,6,2852.0,475.3333333333333,6,198,192,50,In Stock
MEN5019-KR-XL,kurta,MEN5019,XL,26,12536.0,482.15384615384613,26,191,165,50,In Stock
MEN5019-KR-XXL,kurta,MEN5019,XXL,14,8008.33,533.8886666666666,15,205,191,50,In Stock
MEN5019-KR-XXXL,kurta,MEN5019,3XL,13,7265.66,484.3773333333333,15,468,455,50,In Stock
MEN5020-KR-S,kurta,MEN5020,S,4,1804.0,451.0,4,232,228,50,In Stock
MEN5020-KR-XXXL,kurta,MEN5020,3XL,15,7466.0,497.73333333333335,15,314,299,50,In Stock
MEN5021-KR-L,kurta,MEN5021,L,20,13045.0,652.25,20,275,255,50,In Stock
MEN5021-KR-M,kurta,MEN5021,M,24,14774.24,568.24,26,217,193,50,In Stock
MEN5021-KR-S,kurta,MEN5021,S,2,1848.8600000000001,616.2866666666667,3,391,389,50,In Stock
MEN5021-KR-XL,kurta,MEN5021,XL,24,14008.24,538.7784615384616,26,292,268,50,In Stock
MEN5021-KR-XXL,kurta,MEN5021,XXL,18,11289.62,594.1905263157895,19,375,357,50,In Stock
MEN5021-KR-XXXL,kurta,MEN5021,3XL,7,4235.0,605.0,7,173,166,50,In Stock
MEN5022-KR-L,kurta,MEN5022,L,41,24658.76,587.1133333333333,42,437,396,50,In Stock
MEN5022-KR-M,kurta,MEN5022,M,20,11352.86,540.6123809523809,21,137,117,50,In Stock
MEN5022-KR-S,kurta,MEN5022,S,14,8194.0,585.2857142857143,14,159,145,50,In Stock
MEN5022-KR-XL,kurta,MEN5022,XL,28,16543.0,590.8214285714286,28,302,274,50,In Stock
MEN5022-KR-XXL,kurta,MEN5022,XXL,34,20752.62,592.932,35,383,349,50,In Stock
MEN5022-KR-XXXL,kurta,MEN5022,3XL,25,14510.62,558.1007692307693,26,354,329,50,In Stock
MEN5023-KR-L,kurta,MEN5023,L,35,21037.0,601.0571428571428,35,370,335,50,In Stock
MEN5023-KR-M,kurta,MEN5023,M,26,17183.58,592.5372413793104,29,259,233,50,In Stock
MEN5023-KR-S,kurta,MEN5023,S,12,7498.0,624.8333333333334,12,215,203,50,In Stock
MEN5023-KR-XL,kurta,MEN5023,XL,39,24921.67,593.3730952380952,42,347,308,50,In Stock
MEN5023-KR-XXL,kurta,MEN5023,XXL,21,14475.0,657.9545454545455,22,302,281,50,In Stock
MEN5023-KR-XXXL,kurta,MEN5023,3XL,20,10889.0,544.45,20,186,166,50,In Stock
MEN5024-KR-L,kurta,MEN5024,L,18,10502.38,552.7568421052631,19,300,282,50,In Stock
MEN5024-KR-M,kurta,MEN5024,M,15,8547.38,569.8253333333333,15,360,345,50,In Stock
MEN5024-KR-S,kurta,MEN5024,S,9,4977.38,497.738,10,298,289,50,In Stock
MEN5024-KR-XL,kurta,MEN5024,XL,8,5252.14,477.46727272727276,11,129,121,50,In Stock
MEN5024-KR-XXL,kurta,MEN5024,XXL,11,7099.76,546.1353846153846,13,499,488,50,In Stock
MEN5024-KR-XXXL,kurta,MEN5024,3XL,10,5530.0,553.0,10,180,170,50,In Stock
MEN5025-KR-L,kurta,MEN5025,L,22,12508.0,568.5454545454545,22,109,87,50,In Stock
MEN5025-KR-M,kurta,MEN5025,M,30,17679.0,589.3,30,160,130,50,In Stock
MEN5025-KR-S,kurta,MEN5025,S,29,17173.86,553.9954838709677,31,399,370,50,In Stock
MEN5025-KR-XL,kurta,MEN5025,XL,45,25040.0,556.4444444444445,45,144,99,50,In Stock
MEN5025-KR-XXL,kurta,MEN5025,XXL,33,19757.62,581.1064705882353,34,350,317,50,In Stock
MEN5025-KR-XXXL,kurta,MEN5025,3XL,31,18506.81,560.8124242424243,33,274,243,50,In Stock
MEN5026-KR-L,kurta,MEN5026,L,7,5268.96,478.99636363636364,11,220,213,50,In Stock
MEN5026-KR-M,kurta,MEN5026,M,12,7754.48,596.4984615384615,13,147,135,50,In Stock
MEN5026-KR-S,kurta,MEN5026,S,4,2946.48,491.08,6,251,247,50,In Stock
MEN5026-KR-XL,kurta,MEN5026,XL,14,7941.24,529.4159999999999,15,185,171,50,In Stock
MEN5026-KR-XXL,kurta,MEN5026,XXL,6,3406.0,567.6666666666666,6,447,441,50,In Stock
MEN5026-KR-XXXL,kurta,MEN5026,3XL,5,2890.0,578.0,5,484,479,50,In Stock
MEN5027-KR-L,kurta,MEN5027,L,11,5992.38,499.365,12,485,474,50,In Stock
MEN5027-KR-M,kurta,MEN5027,M,17,10321.9,516.095,20,295,278,50,In Stock
MEN5027-KR-S,kurta,MEN5027,S,4,1900.0,475.0,4,442,438,50,In Stock
MEN5027-KR-XL,kurta,MEN5027,XL,15,8268.0,551.2,15,276,261,50,In Stock
MEN5027-KR-XXL,kurta,MEN5027,XXL,11,5825.0,529.5454545454545,11,481,470,50,In Stock
MEN5027-KR-XXXL,kurta,MEN5027,3XL,4,2051.0,512.75,4,151,147,50,In Stock
MEN5028-KR-L,kurta,MEN5028,L,16,8321.0,554.7333333333333,15,461,445,50,In Stock
MEN5028-KR-M,kurta,MEN5028,M,13,7223.0,555.6153846153846,13,258,245,50,In Stock
MEN5028-KR-S,kurta,MEN5028,S,1,2464.7200000000003,616.1800000000001,4,279,278,50,In Stock
MEN5028-KR-XL,kurta,MEN5028,XL,15,9002.24,562.64,16,414,399,50,In Stock
MEN5028-KR-XXL,kurta,MEN5028,XXL,10,5830.0,583.0,10,256,246,50,In Stock
MEN5028-KR-XXXL,kurta,MEN5028,3XL,10,6221.0,622.1,10,129,119,50,In Stock
MEN5029-KR-L,kurta,MEN5029,L,16,8648.38,508.7282352941176,17,444,428,50,In Stock
MEN5029-KR-M,kurta,MEN5029,M,17,8762.0,515.4117647058823,17,232,215,50,In Stock
MEN5029-KR-S,kurta,MEN5029,S,6,2200.0,366.6666666666667,6,412,406,50,In Stock
MEN5029-KR-XL,kurta,MEN5029,XL,11,5650.0,513.6363636363636,11,208,197,50,In Stock
MEN5029-KR-XXL,kurta,MEN5029,XXL,8,4250.0,531.25,8,423,415,50,In Stock
MEN5030-KR-L,kurta,MEN5030,L,1,590.0,590.0,1,242,241,50,In Stock
MEN5030-KR-M,kurta,MEN5030,M,3,1356.0,452.0,3,293,290,50,In Stock
MEN5030-KR-S,kurta,MEN5030,S,2,900.0,450.0,2,341,339,50,In Stock
MEN5030-KR-XL,kurta,MEN5030,XL,2,1042.0,521.0,2,215,213,50,In Stock
MEN5030-KR-XXL,kurta,MEN5030,XXL,4,1942.0,485.5,4,166,162,50,In Stock
MEN5030-KR-XXXL,kurta,MEN5030,3XL,8,4146.0,518.25,8,493,485,50,In Stock
MEN5031-KR-L,kurta,MEN5031,L,4,2516.0,503.2,5,188,184,50,In Stock
MEN5031-KR-M,kurta,MEN5031,M,7,4978.72,553.1911111111111,9,192,185,50,In Stock
MEN5031-KR-S,kurta,MEN5031,S,6,3768.0,628.0,6,287,281,50,In Stock
MEN5031-KR-XL,kurta,MEN5031,XL,8,5574.86,619.4288888888889,9,208,200,50,In Stock
MEN5031-KR-XXL,kurta,MEN5031,XXL,11,6672.86,556.0716666666666,12,182,171,50,In Stock
MEN5031-KR-XXXL,kurta,MEN5031,3XL,7,5576.58,557.658,10,371,364,50,In Stock
MEN5032-KR-L,kurta,MEN5032,L,30,20458.24,601.7129411764706,34,131,101,50,In Stock
MEN5032-KR-M,kurta,MEN5032,M,23,14654.38,610.5991666666666,24,229,206,50,In Stock
MEN5032-KR-S,kurta,MEN5032,S,27,20016.71,645.7003225806451,31,476,449,50,In Stock
MEN5032-KR-XL,kurta,MEN5032,XL,28,20887.53,614.3391176470587,34,364,336,50,In Stock
MEN5032-KR-XXL,kurta,MEN5032,XXL,21,15822.48,687.9339130434782,23,214,193,50,In Stock
MEN5032-KR-XXXL,kurta,MEN5032,3XL,17,11149.85,586.8342105263158,19,297,280,50,In Stock
NW001-TP-PJ-L,Set,NW001,L,12,6708.0,559.0,12,148,136,50,In Stock
NW001-TP-PJ-M,Set,NW001,M,8,4496.0,562.0,8,245,237,50,In Stock
NW001-TP-PJ-S,Set,NW001,S,6,3290.0,548.3333333333334,6,249,243,50,In Stock
NW001-TP-PJ-XL,Set,NW001,XL,14,7581.33,505.42199999999997,15,305,291,50,In Stock
NW001-TP-PJ-XS,Set,NW001,XS,2,1078.0,539.0,2,316,314,50,In Stock
NW001-TP-PJ-XXL,Set,NW001,XXL,12,6033.0,502.75,12,184,172,50,In Stock
NW001-TP-PJ-XXXL,Set,NW001,3XL,7,5125.38,569.4866666666667,9,441,434,50,In Stock
NW002-TP-PJ-L,Set,NW002,L,8,3721.0,465.125,8,356,348,50,In Stock
NW002-TP-PJ-M,Set,NW002,M,5,2351.0,470.2,5,350,345,50,In Stock
NW002-TP-PJ-S,Set,NW002,S,1,474.0,474.0,1,332,331,50,In Stock
NW002-TP-PJ-XL,Set,NW002,XL,5,2299.0,459.8,5,300,295,50,In Stock
NW002-TP-PJ-XS,Set,NW002,XS,1,474.0,474.0,1,486,485,50,In Stock
NW002-TP-PJ-XXL,Set,NW002,XXL,0,451.43,451.43,1,383,383,50,In Stock
NW002-TP-PJ-XXXL,Set,NW002,3XL,6,2827.0,471.1666666666667,6,223,217,50,In Stock
NW003-TP-PJ-L,Set,NW003,L,10,5031.0,503.1,10,104,94,50,In Stock
NW003-TP-PJ-M,Set,NW003,M,8,3984.0,498.0,8,338,330,50,In Stock
NW003-TP-PJ-S,Set,NW003,S,4,1509.0,377.25,4,156,152,50,In Stock
NW003-TP-PJ-XL,Set,NW003,XL,8,4008.0,501.0,8,104,96,50,In Stock
NW003-TP-PJ-XS,Set,NW003,XS,5,2556.0,511.2,5,142,137,50,In Stock
NW003-TP-PJ-XXL,Set,NW003,XXL,9,4535.0,503.8888888888889,9,132,123,50,In Stock
NW003-TP-PJ-XXXL,Set,NW003,3XL,5,2523.0,504.6,5,141,136,50,In Stock
NW004-TP-PJ-L,Set,NW004,L,10,4837.0,483.7,10,210,200,50,In Stock
NW004-TP-PJ-M,Set,NW004,M,8,4342.38,482.4866666666667,9,449,441,50,In Stock
NW004-TP-PJ-S,Set,NW004,S,2,998.0,499.0,2,481,479,50,In Stock
NW004-TP-PJ-XL,Set,NW004,XL,6,2934.0,489.0,6,130,124,50,In Stock
NW004-TP-PJ-XS,Set,NW004,XS,2,950.0,475.0,2,202,200,50,In Stock
NW004-TP-PJ-XXL,Set,NW004,XXL,6,2937.0,489.5,6,408,402,50,In Stock
NW004-TP-PJ-XXXL,Set,NW004,3XL,13,9019.28,474.6989473684211,19,365,352,50,In Stock
NW005-ST-PJ-L,Set,NW005,L,9,5274.0,586.0,9,105,96,50,In Stock
NW005-ST-PJ-M,Set,NW005,M,6,3574.0,595.6666666666666,6,318,312,50,In Stock
NW005-ST-PJ-S,Set,NW005,S,5,2975.0,595.0,5,148,143,50,In Stock
NW005-ST-PJ-XL,Set,NW005,XL,12,6529.0,544.0833333333334,12,206,194,50,In Stock
NW005-ST-PJ-XS,Set,NW005,XS,6,3554.0,592.3333333333334,6,255,249,50,In Stock
NW005-ST-PJ-XXL,Set,NW005,XXL,10,6480.48,589.1345454545454,11,233,223,50,In Stock
NW005-ST-PJ-XXXL,Set,NW005,3XL,7,4124.48,515.56,8,188,181,50,In Stock
NW006-ST-SR-S,Set,NW006,S,2,1012.0,506.0,2,247,245,50,In Stock
NW006-ST-SR-XL,Set,NW006,XL,3,1473.0,491.0,3,154,151,50,In Stock
NW006-ST-SR-XXXL,Set,NW006,3XL,0,491.43,491.43,1,301,301,50,In Stock
NW007-ST-CP-L,Set,NW007,L,2,1120.0,560.0,2,219,217,50,In Stock
NW007-ST-CP-XXL,Set,NW007,XXL,3,1657.0,552.3333333333334,3,206,203,50,In Stock
NW007-ST-CP-XXXL,Set,NW007,3XL,3,1850.0,616.6666666666666,3,499,496,50,In Stock
NW008-ST-CP-L,Set,NW008,L,4,2328.0,582.0,4,215,211,50,In Stock
NW008-ST-CP-M,Set,NW008,M,3,1722.0,574.0,3,203,200,50,In Stock
NW008-ST-CP-S,Set,NW008,S,5,2845.0,569.0,5,489,484,50,In Stock
NW008-ST-CP-XL,Set,NW008,XL,3,1746.0,582.0,3,246,243,50,In Stock
NW008-ST-CP-XS,Set,NW008,XS,2,1164.0,582.0,2,450,448,50,In Stock
NW008-ST-CP-XXL,Set,NW008,XXL,6,3451.0,575.1666666666666,6,370,364,50,In Stock
NW008-ST-CP-XXXL,Set,NW008,3XL,7,4178.0,596.8571428571429,7,130,123,50,In Stock
NW009-ST-CP-L,Set,NW009,L,6,3955.14,565.02,7,473,467,50,In Stock
NW009-ST-CP-M,Set,NW009,M,3,1680.0,560.0,3,422,419,50,In Stock
NW009-ST-CP-S,Set,NW009,S,2,1146.0,573.0,2,431,429,50,In Stock
NW009-ST-CP-XL,Set,NW009,XL,4,2206.0,551.5,4,287,283,50,In Stock
NW009-ST-CP-XS,Set,NW009,XS,2,1120.0,560.0,2,101,99,50,In Stock
NW009-ST-CP-XXL,Set,NW009,XXL,5,2878.0,575.6,5,313,308,50,In Stock
NW009-ST-CP-XXXL,Set,NW009,3XL,6,3490.0,581.6666666666666,6,213,207,50,In Stock
NW012-TP-PJ-L,Set,NW012,L,22,12336.84,514.035,24,138,116,50,In Stock
NW012-TP-PJ-M,Set,NW012,M,21,12916.19,538.1745833333333,24,371,350,50,In Stock
NW012-TP-PJ-S,Set,NW012,S,10,4863.0,486.3,10,330,320,50,In Stock
NW012-TP-PJ-XL,Set,NW012,XL,23,12496.0,543.304347826087,23,224,201,50,In Stock
NW012-TP-PJ-XS,Set,NW012,XS,15,8170.0,544.6666666666666,15,246,231,50,In Stock
NW012-TP-PJ-XXL,Set,NW012,XXL,15,8166.33,510.395625,16,323,308,50,In Stock
NW012-TP-PJ-XXXL,Set,NW012,3XL,17,9716.43,539.8016666666667,18,119,102,50,In Stock
NW013-ST-SR-L,Set,NW013,L,6,2934.0,489.0,6,295,289,50,In Stock
NW013-ST-SR-M,Set,NW013,M,8,3873.0,484.125,8,177,169,50,In Stock
NW013-ST-SR-S,Set,NW013,S,5,2417.0,483.4,5,390,385,50,In Stock
NW013-ST-SR-XL,Set,NW013,XL,2,992.0,496.0,2,168,166,50,In Stock
NW013-ST-SR-XS,Set,NW013,XS,4,1931.0,482.75,4,284,280,50,In Stock
NW013-ST-SR-XXL,Set,NW013,XXL,8,4327.24,480.8044444444444,9,309,301,50,In Stock
NW013-ST-SR-XXXL,Set,NW013,3XL,14,6786.0,484.7142857142857,14,413,399,50,In Stock
NW014-ST-SR-L,Set,NW014,L,7,3835.0,547.8571428571429,7,144,137,50,In Stock
NW014-ST-SR-M,Set,NW014,M,10,4971.0,497.1,10,188,178,50,In Stock
NW014-ST-SR-S,Set,NW014,S,7,3897.0,556.7142857142857,7,125,118,50,In Stock
NW014-ST-SR-XL,Set,NW014,XL,5,2731.0,546.2,5,440,435,50,In Stock
NW014-ST-SR-XS,Set,NW014,XS,1,537.0,537.0,1,440,439,50,In Stock
NW014-ST-SR-XXL,Set,NW014,XXL,7,4067.0,581.0,7,109,102,50,In Stock
NW014-ST-SR-XXXL,Set,NW014,3XL,7,3835.0,547.8571428571429,7,181,174,50,In Stock
NW015-TP-PJ-L,Set,NW015,L,2,1034.0,517.0,2,135,133,50,In Stock
NW015-TP-PJ-M,Set,NW015,M,14,7464.0,533.1428571428571,14,399,385,50,In Stock
NW015-TP-PJ-S,Set,NW015,S,8,5126.28,512.6279999999999,10,104,96,50,In Stock
NW015-TP-PJ-XL,Set,NW015,XL,3,1551.0,517.0,3,176,173,50,In Stock
NW015-TP-PJ-XS,Set,NW015,XS,3,1595.0,531.6666666666666,3,370,367,50,In Stock
NW015-TP-PJ-XXL,Set,NW015,XXL,22,10946.0,497.54545454545456,22,473,451,50,In Stock
NW015-TP-PJ-XXXL,Set,NW015,3XL,2,1034.0,517.0,2,235,233,50,In Stock
NW016-ST-SR-L,Set,NW016,L,5,2171.0,434.2,5,315,310,50,In Stock
NW016-ST-SR-M,Set,NW016,M,13,7116.43,508.3164285714286,14,409,396,50,In Stock
NW016-ST-SR-S,Set,NW016,S,14,9661.62,536.7566666666667,18,181,167,50,In Stock
NW016-ST-SR-XL,Set,NW016,XL,5,3310.33,551.7216666666667,6,324,319,50,In Stock
NW016-ST-SR-XS,Set,NW016,XS,4,2148.0,537.0,4,477,473,50,In Stock
NW016-ST-SR-XXL,Set,NW016,XXL,3,1634.0,544.6666666666666,3,202,199,50,In Stock
NW016-ST-SR-XXXL,Set,NW016,3XL,4,2728.42,545.684,5,144,140,50,In Stock
NW020-ST-SR-L,Set,NW020,L,14,7246.0,517.5714285714286,14,372,358,50,In Stock
NW020-ST-SR-S,Set,NW020,S,10,5484.0,548.4,10,330,320,50,In Stock
NW020-ST-SR-XL,Set,NW020,XL,11,5743.0,522.0909090909091,11,254,243,50,In Stock
NW020-ST-SR-XS,Set,NW020,XS,18,9813.0,545.1666666666666,18,122,104,50,In Stock
NW020-ST-SR-XXL,Set,NW020,XXL,11,5856.0,532.3636363636364,11,186,175,50,In Stock
NW020-ST-SR-XXXL,Set,NW020,3XL,11,5751.0,522.8181818181819,11,438,427,50,In Stock
NW022-TP-PJ-L,Set,NW022,L,4,1924.0,481.0,4,429,425,50,In Stock
NW022-TP-PJ-M,Set,NW022,M,4,2360.0,590.0,4,323,319,50,In Stock
NW022-TP-PJ-S,Set,NW022,S,1,744.0,744.0,1,207,206,50,In Stock
NW022-TP-PJ-XL,Set,NW022,XL,8,4720.0,590.0,8,366,358,50,In Stock
NW022-TP-PJ-XS,Set,NW022,XS,9,5464.0,607.1111111111111,9,282,273,50,In Stock
NW022-TP-PJ-XXL,Set,NW022,XXL,8,4702.0,587.75,8,182,174,50,In Stock
NW022-TP-PJ-XXXL,Set,NW022,3XL,3,2331.9,582.975,4,309,306,50,In Stock
NW023-ST-SR-XL,Set,NW023,XL,1,699.0,699.0,1,445,444,50,In Stock
NW024-TP-PJ-L,Set,NW024,L,2,1120.0,560.0,2,389,387,50,In Stock
NW024-TP-PJ-M,Set,NW024,M,4,2265.33,453.066,5,356,352,50,In Stock
NW024-TP-PJ-S,Set,NW024,S,6,3464.0,577.3333333333334,6,468,462,50,In Stock
NW024-TP-PJ-XL,Set,NW024,XL,6,3464.0,577.3333333333334,6,198,192,50,In Stock
NW024-TP-PJ-XS,Set,NW024,XS,3,1758.0,586.0,3,376,373,50,In Stock
NW024-TP-PJ-XXL,Set,NW024,XXL,9,5685.1,568.51,10,304,295,50,In Stock
NW024-TP-PJ-XXXL,Set,NW024,3XL,2,2212.66,553.165,4,180,178,50,In Stock
NW027-TP-PJ-M,Set,NW027,M,3,1839.0,613.0,3,273,270,50,In Stock
NW027-TP-PJ-S,Set,NW027,S,6,3678.0,613.0,6,419,413,50,In Stock
NW027-TP-PJ-XL,Set,NW027,XL,1,613.0,613.0,1,361,360,50,In Stock
NW027-TP-PJ-XS,Set,NW027,XS,2,1226.0,613.0,2,292,290,50,In Stock
NW027-TP-PJ-XXL,Set,NW027,XXL,7,4291.0,613.0,7,450,443,50,In Stock
NW027-TP-PJ-XXXL,Set,NW027,3XL,6,3678.0,613.0,6,263,257,50,In Stock
NW028-TP-PJ-L,Set,NW028,L,2,1102.0,551.0,2,214,212,50,In Stock
NW028-TP-PJ-M,Set,NW028,M,2,1126.0,563.0,2,289,287,50,In Stock
NW028-TP-PJ-S,Set,NW028,S,1,539.0,539.0,1,230,229,50,In Stock
NW028-TP-PJ-XL,Set,NW028,XL,1,563.0,563.0,1,399,398,50,In Stock
NW028-TP-PJ-XS,Set,NW028,XS,1,539.0,539.0,1,315,314,50,In Stock
NW028-TP-PJ-XXL,Set,NW028,XXL,3,1617.0,539.0,3,193,190,50,In Stock
NW028-TP-PJ-XXXL,Set,NW028,3XL,1,563.0,563.0,1,259,258,50,In Stock
NW029-ST-SR-L,Set,NW029,L,7,3242.0,463.14285714285717,7,441,434,50,In Stock
NW029-ST-SR-M,Set,NW029,M,12,6066.43,466.64846153846156,13,406,394,50,In Stock
NW029-ST-SR-S,Set,NW029,S,13,5656.0,435.0769230769231,13,499,486,50,In Stock
NW029-ST-SR-XL,Set,NW029,XL,8,3737.0,467.125,8,170,162,50,In Stock
NW029-ST-SR-XS,Set,NW029,XS,8,3735.0,466.875,8,231,223,50,In Stock
NW029-ST-SR-XXL,Set,NW029,XXL,6,2846.0,474.3333333333333,6,487,481,50,In Stock
NW029-ST-SR-XXXL,Set,NW029,3XL,12,5995.33,461.17923076923074,13,368,356,50,In Stock
NW030-TP-PJ-L,Set,NW030,L,17,10070.0,592.3529411764706,17,246,229,50,In Stock
NW030-TP-PJ-M,Set,NW030,M,22,13517.29,587.7082608695653,23,350,328,50,In Stock
NW030-TP-PJ-S,Set,NW030,S,11,7494.39,576.4915384615385,13,123,112,50,In Stock
NW030-TP-PJ-XL,Set,NW030,XL,27,18266.16,589.2309677419355,31,413,386,50,In Stock
NW030-TP-PJ-XS,Set,NW030,XS,10,5820.0,582.0,10,396,386,50,In Stock
NW030-TP-PJ-XXL,Set,NW030,XXL,25,16943.16,584.2468965517241,29,358,333,50,In Stock
NW030-TP-PJ-XXXL,Set,NW030,3XL,8,4656.0,582.0,8,351,343,50,In Stock
NW031-TP-PJ-L,Set,NW031,L,5,2978.0,595.6,5,128,123,50,In Stock
NW031-TP-PJ-M,Set,NW031,M,14,9021.29,601.4193333333334,15,358,344,50,In Stock
NW031-TP-PJ-S,Set,NW031,S,5,2944.0,588.8,5,452,447,50,In Stock
NW031-TP-PJ-XL,Set,NW031,XL,2,1164.0,582.0,2,292,290,50,In Stock
NW031-TP-PJ-XS,Set,NW031,XS,4,2345.0,586.25,4,158,154,50,In Stock
NW031-TP-PJ-XXL,Set,NW031,XXL,5,3548.48,591.4133333333333,6,187,182,50,In Stock
NW031-TP-PJ-XXXL,Set,NW031,3XL,4,2932.48,586.496,5,124,120,50,In Stock
NW032-ST-CP-L,Set,NW032,L,4,2005.0,501.25,4,192,188,50,In Stock
NW032-ST-CP-M,Set,NW032,M,2,1034.0,517.0,2,269,267,50,In Stock
NW032-ST-CP-XL,Set,NW032,XL,3,1509.0,503.0,3,387,384,50,In Stock
NW032-ST-CP-XS,Set,NW032,XS,1,496.0,496.0,1,301,300,50,In Stock
NW032-ST-CP-XXL,Set,NW032,XXL,3,1509.0,503.0,3,155,152,50,In Stock
NW032-ST-CP-XXXL,Set,NW032,3XL,0,492.38,492.38,1,415,415,50,In Stock
NW033-ST-CP-M,Set,NW033,M,2,582.0,291.0,2,114,112,50,In Stock
NW033-ST-CP-S,Set,NW033,S,2,1164.0,582.0,2,345,343,50,In Stock
NW033-ST-CP-XS,Set,NW033,XS,4,2256.0,564.0,4,341,337,50,In Stock
NW033-ST-CP-XXL,Set,NW033,XXL,3,1722.0,574.0,3,416,413,50,In Stock
NW033-ST-CP-XXXL,Set,NW033,3XL,2,1123.0,561.5,2,212,210,50,In Stock
NW034-TP-PJ-L,Set,NW034,L,12,7427.0,675.1818181818181,11,412,400,50,In Stock
NW034-TP-PJ-M,Set,NW034,M,11,6743.0,613.0,11,105,94,50,In Stock
NW034-TP-PJ-S,Set,NW034,S,2,1226.0,613.0,2,357,355,50,In Stock
NW034-TP-PJ-XL,Set,NW034,XL,22,13432.0,610.5454545454545,22,167,145,50,In Stock
NW034-TP-PJ-XS,Set,NW034,XS,12,7499.0,624.9166666666666,12,247,235,50,In Stock
NW034-TP-PJ-XXL,Set,NW034,XXL,20,11969.0,598.45,20,266,246,50,In Stock
NW034-TP-PJ-XXXL,Set,NW034,3XL,20,15143.05,605.722,25,484,464,50,In Stock
NW035-ST-CP-L,Set,NW035,L,3,1164.0,388.0,3,389,386,50,In Stock
NW035-ST-CP-M,Set,NW035,M,5,2961.0,592.2,5,129,124,50,In Stock
NW035-ST-CP-S,Set,NW035,S,3,1198.0,399.3333333333333,3,266,263,50,In Stock
NW035-ST-CP-XS,Set,NW035,XS,3,1780.0,593.3333333333334,3,353,350,50,In Stock
NW035-ST-CP-XXL,Set,NW035,XXL,3,1797.0,599.0,3,413,410,50,In Stock
NW035-ST-CP-XXXL,Set,NW035,3XL,6,3726.0,621.0,6,243,237,50,In Stock
NW036-ST-SR-M,Set,NW036,M,1,539.0,539.0,1,330,329,50,In Stock
NW036-ST-SR-S,Set,NW036,S,4,1617.0,404.25,4,343,339,50,In Stock
NW036-ST-SR-XS,Set,NW036,XS,3,1617.0,539.0,3,376,373,50,In Stock
NW036-ST-SR-XXXL,Set,NW036,3XL,2,1102.0,551.0,2,205,203,50,In Stock
NW037-TP-SR-L,Set,NW037,L,14,6264.0,481.84615384615387,13,410,396,50,In Stock
NW037-TP-SR-M,Set,NW037,M,12,5370.0,447.5,12,368,356,50,In Stock
NW037-TP-SR-S,Set,NW037,S,10,3596.0,359.6,10,167,157,50,In Stock
NW037-TP-SR-XL,Set,NW037,XL,11,4492.0,408.3636363636364,11,438,427,50,In Stock
NW037-TP-SR-XS,Set,NW037,XS,8,3571.0,446.375,8,112,104,50,In Stock
NW037-TP-SR-XXL,Set,NW037,XXL,13,6258.62,447.0442857142857,14,184,171,50,In Stock
NW037-TP-SR-XXXL,Set,NW037,3XL,7,3121.0,445.85714285714283,7,340,333,50,In Stock
NW038-ST-SR-L,Set,NW038,L,3,1535.0,511.6666666666667,3,129,126,50,In Stock
NW038-ST-SR-M,Set,NW038,M,2,1034.0,517.0,2,255,253,50,In Stock
NW038-ST-SR-XL,Set,NW038,XL,4,2076.0,519.0,4,296,292,50,In Stock
NW038-ST-SR-XS,Set,NW038,XS,1,517.0,517.0,1,465,464,50,In Stock
NW038-ST-SR-XXL,Set,NW038,XXL,5,2617.0,523.4,5,358,353,50,In Stock
NW038-ST-SR-XXXL,Set,NW038,3XL,1,517.0,517.0,1,239,238,50,In Stock
NW038-TP-SR-L,Set,NW038,L,1,541.0,541.0,1,233,232,50,In Stock
NW039-TP-SR-L,Set,NW039,L,6,2959.0,493.1666666666667,6,204,198,50,In Stock
NW039-TP-SR-M,Set,NW039,M,10,4954.0,495.4,10,238,228,50,In Stock
NW039-TP-SR-S,Set,NW039,S,9,4459.0,495.44444444444446,9,322,313,50,In Stock
NW039-TP-SR-XL,Set,NW039,XL,7,3477.0,496.7142857142857,7,198,191,50,In Stock
NW039-TP-SR-XS,Set,NW039,XS,5,2479.0,495.8,5,263,258,50,In Stock
NW039-TP-SR-XXL,Set,NW039,XXL,6,2974.0,495.6666666666667,6,130,124,50,In Stock
NW039-TP-SR-XXXL,Set,NW039,3XL,9,4455.0,495.0,9,141,132,50,In Stock
PJ0096-KR-N-4XL,kurta,PJ0096,4XL,1,1039.0,1039.0,1,396,395,50,In Stock
PJ0096-KR-N-5XL,kurta,PJ0096,5XL,11,9399.0,854.4545454545455,11,434,423,50,In Stock
PJ0096-KR-N-6XL,kurta,PJ0096,6XL,10,8480.0,848.0,10,314,304,50,In Stock
PJNE1906-KR-N-4XL,kurta,PJNE1906,4XL,2,2880.38,720.095,4,264,262,50,In Stock
PJNE1906-KR-N-5XL,kurta,PJNE1906,5XL,6,4248.0,708.0,6,420,414,50,In Stock
PJNE1906-KR-N-6XL,kurta,PJNE1906,6XL,3,2074.0,691.3333333333334,3,453,450,50,In Stock
PJNE2014-KR-N-4XL,kurta,PJNE2014,4XL,12,6734.0,518.0,13,418,406,50,In Stock
PJNE2014-KR-N-5XL,kurta,PJNE2014,5XL,21,13690.0,651.9047619047619,21,307,286,50,In Stock
PJNE2014-KR-N-6XL,kurta,PJNE2014,6XL,27,18282.0,677.1111111111111,27,432,405,50,In Stock
PJNE2100-KR-N-4XL,kurta,PJNE2100,4XL,14,8401.0,646.2307692307693,13,108,94,50,In Stock
PJNE2100-KR-N-5XL,kurta,PJNE2100,5XL,32,20940.0,654.375,32,184,152,50,In Stock
PJNE2100-KR-N-6XL,kurta,PJNE2100,6XL,38,23862.29,596.5572500000001,40,414,376,50,In Stock
PJNE2171-KR-N-4XL,kurta,PJNE2171,4XL,11,12089.0,1099.0,11,145,134,50,In Stock
PJNE2171-KR-N-5XL,kurta,PJNE2171,5XL,13,14931.96,1066.5685714285714,14,377,364,50,In Stock
PJNE2171-KR-N-6XL,kurta,PJNE2171,6XL,24,25134.0,1047.25,24,277,253,50,In Stock
PJNE2199-KR-N-4XL,kurta,PJNE2199,4XL,33,19334.0,585.8787878787879,33,293,260,50,In Stock
PJNE2199-KR-N-5XL,kurta,PJNE2199,5XL,29,16599.0,572.3793103448276,29,348,319,50,In Stock
PJNE2199-KR-N-6XL,kurta,PJNE2199,6XL,45,29524.0,656.0888888888888,45,282,237,50,In Stock
PJNE2270-KR-N-4XL,kurta,PJNE2270,4XL,4,3148.0,787.0,4,269,265,50,In Stock
PJNE2270-KR-N-5XL,kurta,PJNE2270,5XL,4,3848.0,962.0,4,263,259,50,In Stock
PJNE2270-KR-N-6XL,kurta,PJNE2270,6XL,4,4396.0,1099.0,4,252,248,50,In Stock
PJNE3068-KR-4XL,kurta,PJNE3068,4XL,26,25374.0,975.9230769230769,26,471,445,50,In Stock
PJNE3068-KR-5XL,kurta,PJNE3068,5XL,11,11682.0,1062.0,11,370,359,50,In Stock
PJNE3068-KR-6XL,kurta,PJNE3068,6XL,34,34880.1,968.8916666666667,36,227,193,50,In Stock
PJNE3252-KR-N-4XL,kurta,PJNE3252,4XL,14,10054.0,718.1428571428571,14,228,214,50,In Stock
PJNE3252-KR-N-5XL,kurta,PJNE3252,5XL,16,14645.0,915.3125,16,337,321,50,In Stock
PJNE3252-KR-N-6XL,kurta,PJNE3252,6XL,30,28033.0,849.4848484848485,33,238,208,50,In Stock
PJNE3291-KR-4XL,kurta,PJNE3291,4XL,8,8607.24,860.7239999999999,10,218,210,50,In Stock
PJNE3291-KR-5XL,kurta,PJNE3291,5XL,12,9686.8,691.9142857142857,14,483,471,50,In Stock
PJNE3291-KR-6XL,kurta,PJNE3291,6XL,19,16187.62,809.3810000000001,20,464,445,50,In Stock
PJNE3363-KR-N-4XL,kurta,PJNE3363,4XL,2,1646.48,548.8266666666667,3,377,375,50,In Stock
PJNE3363-KR-N-5XL,kurta,PJNE3363,5XL,16,11554.0,770.2666666666667,15,224,208,50,In Stock
PJNE3363-KR-N-6XL,kurta,PJNE3363,6XL,1,764.0,764.0,1,153,152,50,In Stock
PJNE3364-KR-4XL,kurta,PJNE3364,4XL,2,1288.0,644.0,2,395,393,50,In Stock
PJNE3364-KR-5XL,kurta,PJNE3364,5XL,6,4678.48,668.3542857142857,7,218,212,50,In Stock
PJNE3364-KR-6XL,kurta,PJNE3364,6XL,10,7236.1900000000005,657.8354545454546,11,228,218,50,In Stock
PJNE3368-KR-4XL,kurta,PJNE3368,4XL,7,4991.0,713.0,7,111,104,50,In Stock
PJNE3368-KR-5XL,kurta,PJNE3368,5XL,12,9438.62,726.0476923076924,13,234,222,50,In Stock
PJNE3368-KR-6XL,kurta,PJNE3368,6XL,10,7185.0,718.5,10,455,445,50,In Stock
PJNE3373-KR-N-4XL,kurta,PJNE3373,4XL,10,8035.0,803.5,10,408,398,50,In Stock
PJNE3373-KR-N-5XL,kurta,PJNE3373,5XL,8,7612.38,761.238,10,244,236,50,In Stock
PJNE3373-KR-N-6XL,kurta,PJNE3373,6XL,37,26367.0,732.4166666666666,36,339,302,50,In Stock
PJNE3399-KR-N-4XL,kurta,PJNE3399,4XL,26,17115.67,633.9137037037036,27,435,409,50,In Stock
PJNE3399-KR-N-5XL,kurta,PJNE3399,5XL,24,15471.0,644.625,24,143,119,50,In Stock
PJNE3399-KR-N-6XL,kurta,PJNE3399,6XL,40,27929.0,698.225,40,328,288,50,In Stock
PJNE3404-KR-N-4XL,kurta,PJNE3404,4XL,3,1807.0,602.3333333333334,3,238,235,50,In Stock
PJNE3404-KR-N-5XL,kurta,PJNE3404,5XL,3,2155.0,718.3333333333334,3,202,199,50,In Stock
PJNE3404-KR-N-6XL,kurta,PJNE3404,6XL,4,3550.29,591.715,6,467,463,50,In Stock
PJNE3405-KR-N-4XL,kurta,PJNE3405,4XL,2,962.0,481.0,2,423,421,50,In Stock
PJNE3405-KR-N-5XL,kurta,PJNE3405,5XL,12,7217.0,601.4166666666666,12,161,149,50,In Stock
PJNE3405-KR-N-6XL,kurta,PJNE3405,6XL,4,2207.0,551.75,4,445,441,50,In Stock
PJNE3421-KR-N-4XL,kurta,PJNE3421,4XL,1,925.0,925.0,1,232,231,50,In Stock
PJNE3421-KR-N-5XL,kurta,PJNE3421,5XL,3,1850.0,616.6666666666666,3,433,430,50,In Stock
PJNE3421-KR-N-6XL,kurta,PJNE3421,6XL,3,2775.0,925.0,3,191,188,50,In Stock
PJNE3423-KR-N-4XL,kurta,PJNE3423,4XL,6,3846.0,641.0,6,482,476,50,In Stock
PJNE3423-KR-N-5XL,kurta,PJNE3423,5XL,14,9409.0,672.0714285714286,14,181,167,50,In Stock
PJNE3423-KR-N-6XL,kurta,PJNE3423,6XL,5,3609.0,721.8,5,442,437,50,In Stock
PJNE3439-KR-N-5XL,kurta,PJNE3439,5XL,1,925.0,925.0,1,420,419,50,In Stock
PJNE3440-KR-N-4XL,kurta,PJNE3440,4XL,11,6216.0,565.0909090909091,11,337,326,50,In Stock
PJNE3440-KR-N-5XL,kurta,PJNE3440,5XL,18,12378.85,618.9425,20,114,96,50,In Stock
PJNE3440-KR-N-6XL,kurta,PJNE3440,6XL,12,8019.9,616.9153846153846,13,151,139,50,In Stock
PJNE3445-KR-N-6XL,kurta,PJNE3445,6XL,3,2775.0,925.0,3,161,158,50,In Stock
PJNE3568-KR-N-4XL,kurta,PJNE3568,4XL,6,4096.0,682.6666666666666,6,455,449,50,In Stock
PJNE3568-KR-N-5XL,kurta,PJNE3568,5XL,9,7502.29,750.229,10,354,345,50,In Stock
PJNE3568-KR-N-6XL,kurta,PJNE3568,6XL,14,8959.0,639.9285714285714,14,304,290,50,In Stock
PJNE3607-KR-4XL,kurta,PJNE3607,4XL,5,2748.0,549.6,5,130,125,50,In Stock
PJNE3607-KR-5XL,kurta,PJNE3607,5XL,7,4945.0,706.4285714285714,7,349,342,50,In Stock
PJNE3607-KR-6XL,kurta,PJNE3607,6XL,6,4046.0,674.3333333333334,6,251,245,50,In Stock
PSET043-KR-NP-4XL,Set,PSET043,4XL,3,3785.0,1261.6666666666667,3,383,380,50,In Stock
PSET043-KR-NP-5XL,Set,PSET043,5XL,4,4765.0,1191.25,4,183,179,50,In Stock
PSET043-KR-NP-6XL,Set,PSET043,6XL,2,2707.0,1353.5,2,499,497,50,In Stock
PSET058-KR-NP-4XL,Set,PSET058,4XL,4,3484.0,871.0,4,241,237,50,In Stock
PSET058-KR-NP-5XL,Set,PSET058,5XL,1,871.0,871.0,1,207,206,50,In Stock
PSET058-KR-NP-6XL,Set,PSET058,6XL,0,1216.07,1216.07,1,137,137,50,In Stock
PSET264-KR-NP-4XL,Set,PSET264,4XL,18,21107.0,1172.611111111111,18,238,220,50,In Stock
PSET264-KR-NP-5XL,Set,PSET264,5XL,12,13544.0,1128.6666666666667,12,456,444,50,In Stock
PSET264-KR-NP-6XL,Set,PSET264,6XL,22,25413.0,1155.1363636363637,22,395,373,50,In Stock
PSET268-KR-NP-4XL,Set,PSET268,4XL,10,14122.24,1283.84,11,195,185,50,In Stock
PSET268-KR-NP-5XL,Set,PSET268,5XL,15,16645.0,1109.6666666666667,15,200,185,50,In Stock
PSET268-KR-NP-6XL,Set,PSET268,6XL,21,26289.0,1251.857142857143,21,409,388,50,In Stock
SAR023,Saree,SAR023,Free,1,790.0,790.0,1,229,228,50,In Stock
SAR024,Saree,SAR024,Free,2,1580.0,790.0,2,105,103,50,In Stock
SAR025,Saree,SAR025,Free,1,772.0,772.0,1,446,445,50,In Stock
SAR026,Saree,SAR026,Free,1,790.0,790.0,1,212,211,50,In Stock
SAR029,Saree,SAR029,Free,1,648.0,648.0,1,160,159,50,In Stock
SAR032,Saree,SAR032,Free,1,772.0,772.0,1,235,234,50,In Stock
SAR034,Saree,SAR034,Free,1,790.0,790.0,1,398,397,50,In Stock
SAR036,Saree,SAR036,Free,1,737.0,737.0,1,306,305,50,In Stock
SAR039,Saree,SAR039,Free,1,956.0,956.0,1,420,419,50,In Stock
SAR040,Saree,SAR040,Free,2,1978.0,989.0,2,424,422,50,In Stock
SAR041,Saree,SAR041,Free,1,989.0,989.0,1,117,116,50,In Stock
SAR042,Saree,SAR042,Free,1,989.0,989.0,1,277,276,50,In Stock
SAR046,Saree,SAR046,Free,1,667.0,667.0,1,184,183,50,In Stock
SAR048,Saree,SAR048,Free,3,2277.62,569.405,4,220,217,50,In Stock
SAR049,Saree,SAR049,Free,1,598.0,598.0,1,280,279,50,In Stock
SAR051,Saree,SAR051,Free,2,1784.0,892.0,2,484,482,50,In Stock
SAR053,Saree,SAR053,Free,2,1798.0,899.0,2,285,283,50,In Stock
SAR056,Saree,SAR056,Free,1,790.0,790.0,1,211,210,50,In Stock
SAR061,Saree,SAR061,Free,2,1784.0,892.0,2,465,463,50,In Stock
SAR062,Saree,SAR062,Free,6,6193.1900000000005,1032.1983333333335,6,395,389,50,In Stock
SAR066,Saree,SAR066,Free,2,1386.0,693.0,2,305,303,50,In Stock
SAR068,Saree,SAR068,Free,3,2683.0,894.3333333333334,3,321,318,50,In Stock
SAR069,Saree,SAR069,Free,11,12239.57,874.255,14,117,106,50,In Stock
SAR070,Saree,SAR070,Free,1,899.0,899.0,1,396,395,50,In Stock
SAR071,Saree,SAR071,Free,1,899.0,899.0,1,315,314,50,In Stock
SAR076,Saree,SAR076,Free,1,920.0,920.0,1,186,185,50,In Stock
SAR091,Saree,SAR091,Free,2,1126.0,563.0,2,257,255,50,In Stock
SAR092,Saree,SAR092,Free,2,1126.0,563.0,2,282,280,50,In Stock
SAR096,Saree,SAR096,Free,1,648.0,648.0,1,105,104,50,In Stock
SAR097,Saree,SAR097,Free,1,648.0,648.0,1,149,148,50,In Stock
SAR098,Saree,SAR098,Free,1,648.0,648.0,1,310,309,50,In Stock
SAR100,Saree,SAR100,Free,1,563.0,563.0,1,375,374,50,In Stock
SAR101,Saree,SAR101,Free,1,616.0,616.0,1,458,457,50,In Stock
SAR107,Saree,SAR107,Free,1,563.0,563.0,1,207,206,50,In Stock
SAR108,Saree,SAR108,Free,1,563.0,563.0,1,259,258,50,In Stock
SAR109,Saree,SAR109,Free,1,563.0,563.0,1,290,289,50,In Stock
SAR110,Saree,SAR110,Free,2,1179.0,589.5,2,266,264,50,In Stock
SAR112,Saree,SAR112,Free,1,790.0,790.0,1,312,311,50,In Stock
SAR114,Saree,SAR114,Free,2,1240.0,620.0,2,419,417,50,In Stock
SAR130,Saree,SAR130,Free,1,819.0,819.0,1,224,223,50,In Stock
SAR132,Saree,SAR132,Free,1,648.0,648.0,1,470,469,50,In Stock
SAR134,Saree,SAR134,Free,1,720.0,720.0,1,277,276,50,In Stock
SAR135,Saree,SAR135,Free,5,3376.0,1125.3333333333333,3,298,293,50,In Stock
SAR136,Saree,SAR136,Free,2,1510.0,755.0,2,389,387,50,In Stock
SAR137,Saree,SAR137,Free,6,3298.0,659.6,5,428,422,50,In Stock
SAR138,Saree,SAR138,Free,2,1498.0,749.0,2,161,159,50,In Stock
SAR140,Saree,SAR140,Free,1,749.0,749.0,1,104,103,50,In Stock
SAR149,Saree,SAR149,Free,1,756.0,756.0,1,183,182,50,In Stock
SAR152,Saree,SAR152,Free,4,2592.0,648.0,4,190,186,50,In Stock
SAR154,Saree,SAR154,Free,1,756.0,756.0,1,424,423,50,In Stock
SAR163,Saree,SAR163,Free,1,809.0,809.0,1,350,349,50,In Stock
SAR165,Saree,SAR165,Free,1,809.0,809.0,1,359,358,50,In Stock
SAR166,Saree,SAR166,Free,0,770.48,770.48,1,185,185,50,In Stock
SAR173,Saree,SAR173,Free,2,1498.0,749.0,2,200,198,50,In Stock
SAR174,Saree,SAR174,Free,2,1364.0,682.0,2,316,314,50,In Stock
SAR181,Saree,SAR181,Free,1,749.0,749.0,1,461,460,50,In Stock
SET003-KR-NP-A-S,Set,SET003,S,1,844.0,844.0,1,402,401,50,In Stock
SET004-KR-SP-A-M,Set,SET004,M,2,1358.0,679.0,2,448,446,50,In Stock
SET004-KR-SP-A-S,Set,SET004,S,4,2728.0,682.0,4,463,459,50,In Stock
SET004-KR-SP-A-XL,Set,SET004,XL,2,1364.0,682.0,2,279,277,50,In Stock
SET004-KR-SP-A-XXL,Set,SET004,XXL,1,682.0,682.0,1,177,176,50,In Stock
SET004-KR-SP-A-XXXL,Set,SET004,3XL,8,5485.0,685.625,8,215,207,50,In Stock
SET004-KR-SP-M,Set,SET004,M,5,3491.0,698.2,5,211,206,50,In Stock
SET004-KR-SP-S,Set,SET004,S,1,682.0,682.0,1,293,292,50,In Stock
SET004-KR-SP-XL,Set,SET004,XL,2,1364.0,682.0,2,263,261,50,In Stock
SET004-KR-SP-XXL,Set,SET004,XXL,1,711.0,711.0,1,348,347,50,In Stock
SET004-KR-SP-XXXL,Set,SET004,3XL,2,1358.0,679.0,2,325,323,50,In Stock
SET014-KR-PP-A-L,Set,SET014,L,2,1636.0,818.0,2,140,138,50,In Stock
SET014-KR-PP-A-M,Set,SET014,M,3,2454.0,818.0,3,147,144,50,In Stock
SET014-KR-PP-A-S,Set,SET014,S,1,819.0,819.0,1,402,401,50,In Stock
SET014-KR-PP-A-XXL,Set,SET014,XXL,1,818.0,818.0,1,449,448,50,In Stock
SET014-KR-PP-A-XXXL,Set,SET014,3XL,3,2456.0,818.6666666666666,3,342,339,50,In Stock
SET014-KR-PP-L,Set,SET014,L,4,2454.0,613.5,4,489,485,50,In Stock
SET014-KR-PP-M,Set,SET014,M,3,2455.0,818.3333333333334,3,359,356,50,In Stock
SET014-KR-PP-S,Set,SET014,S,1,819.0,819.0,1,281,280,50,In Stock
SET014-KR-PP-XL,Set,SET014,XL,9,7397.0,821.8888888888889,9,147,138,50,In Stock
SET014-KR-PP-XS,Set,SET014,XS,3,2456.0,818.6666666666666,3,474,471,50,In Stock
SET014-KR-PP-XXL,Set,SET014,XXL,11,8185.0,744.0909090909091,11,111,100,50,In Stock
SET014-KR-PP-XXXL,Set,SET014,3XL,5,4091.0,818.2,5,324,319,50,In Stock
SET024-KR-SP-A-M,kurta,SET024,M,1,631.0,631.0,1,430,429,50,In Stock
SET025-KR-SP-A-XS,Set,SET025,XS,1,604.0,604.0,1,259,258,50,In Stock
SET026-KR-PP-A-XS,Set,SET026,XS,1,499.0,499.0,1,168,167,50,In Stock
SET034-KR-NP-S,Set,SET034,S,1,522.0,522.0,1,103,102,50,In Stock
SET034-KR-NP-XL,Set,SET034,XL,1,545.0,545.0,1,100,99,50,In Stock
SET034-KR-NP-XS,Set,SET034,XS,0,497.14,497.14,1,194,194,50,In Stock
SET034-KR-NP-XXL,Set,SET034,XXL,2,1067.0,533.5,2,406,404,50,In Stock
SET034-KR-NP-XXXL,Set,SET034,3XL,3,1633.0,544.3333333333334,3,177,174,50,In Stock
SET036-KR-NP-XXXL,Set,SET036,3XL,1,383.0,383.0,1,120,119,50,In Stock
SET037-KR-NP-L,Set,SET037,L,2,1134.0,567.0,2,357,355,50,In Stock
SET037-KR-NP-M,Set,SET037,M,1,567.0,567.0,1,494,493,50,In Stock
SET037-KR-NP-S,Set,SET037,S,4,1746.0,436.5,4,431,427,50,In Stock
SET037-KR-NP-XL,Set,SET037,XL,6,3582.0,597.0,6,278,272,50,In Stock
SET037-KR-NP-XXL,Set,SET037,XXL,2,1224.0,612.0,2,133,131,50,In Stock
SET037-KR-NP-XXXL,Set,SET037,3XL,9,4896.0,544.0,9,385,376,50,In Stock
SET038-KR-PP-L,Set,SET038,L,4,2316.0,579.0,4,403,399,50,In Stock
SET038-KR-PP-M,Set,SET038,M,3,1737.0,579.0,3,382,379,50,In Stock
SET038-KR-PP-S,Set,SET038,S,2,1158.0,579.0,2,337,335,50,In Stock
SET038-KR-PP-XL,Set,SET038,XL,2,1158.0,579.0,2,489,487,50,In Stock
SET038-KR-PP-XS,Set,SET038,XS,2,1724.4299999999998,574.81,3,420,418,50,In Stock
SET038-KR-PP-XXL,Set,SET038,XXL,9,5777.43,577.743,10,157,148,50,In Stock
SET038-KR-PP-XXXL,Set,SET038,3XL,2,1158.0,579.0,2,495,493,50,In Stock
SET043-KR-NP-L,Set,SET043,L,17,15920.0,936.4705882352941,17,432,415,50,In Stock
SET043-KR-NP-M,Set,SET043,M,5,4462.0,892.4,5,259,254,50,In Stock
SET043-KR-NP-S,Set,SET043,S,4,3664.0,916.0,4,128,124,50,In Stock
SET043-KR-NP-XL,Set,SET043,XL,4,3620.38,724.076,5,326,322,50,In Stock
SET043-KR-NP-XS,Set,SET043,XS,1,849.0,849.0,1,245,244,50,In Stock
SET043-KR-NP-XXXL,Set,SET043,3XL,1,849.0,849.0,1,284,283,50,In Stock
SET044-KR-NP-L,Set,SET044,L,30,18312.86,590.7374193548387,31,345,315,50,In Stock
SET044-KR-NP-M,Set,SET044,M,25,14460.0,602.5,24,487,462,50,In Stock
SET044-KR-NP-S,Set,SET044,S,21,13527.72,644.1771428571428,21,198,177,50,In Stock
SET044-KR-NP-XL,Set,SET044,XL,34,20528.0,603.7647058823529,34,138,104,50,In Stock
SET044-KR-NP-XS,Set,SET044,XS,13,7886.0,606.6153846153846,13,491,478,50,In Stock
SET044-KR-NP-XXL,Set,SET044,XXL,12,7344.0,612.0,12,261,249,50,In Stock
SET044-KR-NP-XXXL,Set,SET044,3XL,10,6702.86,609.3509090909091,11,416,406,50,In Stock
SET048-KR-NP-L,Set,SET048,L,10,7097.14,645.1945454545455,11,280,270,50,In Stock
SET048-KR-NP-M,Set,SET048,M,23,14849.0,645.6086956521739,23,214,191,50,In Stock
SET048-KR-NP-S,Set,SET048,S,13,7770.0,647.5,12,226,213,50,In Stock
SET048-KR-NP-XL,Set,SET048,XL,2,1296.0,648.0,2,430,428,50,In Stock
SET048-KR-NP-XS,Set,SET048,XS,11,7122.0,647.4545454545455,11,318,307,50,In Stock
SET048-KR-NP-XXL,Set,SET048,XXL,3,1944.0,648.0,3,490,487,50,In Stock
SET048-KR-NP-XXXL,Set,SET048,3XL,9,5826.0,647.3333333333334,9,221,212,50,In Stock
SET049-KR-NP-S,Set,SET049,S,1,573.0,573.0,1,112,111,50,In Stock
SET051-KR-NP-XXXL,Set,SET051,3XL,2,941.0,470.5,2,200,198,50,In Stock
SET053-KR-NP-L,Set,SET053,L,5,3063.0,612.6,5,139,134,50,In Stock
SET053-KR-NP-M,Set,SET053,M,3,2401.48,600.37,4,195,192,50,In Stock
SET053-KR-NP-S,Set,SET053,S,2,1198.0,599.0,2,460,458,50,In Stock
SET053-KR-NP-XL,Set,SET053,XL,3,2433.86,608.465,4,439,436,50,In Stock
SET053-KR-NP-XS,Set,SET053,XS,1,633.0,633.0,1,266,265,50,In Stock
SET053-KR-NP-XXL,Set,SET053,XXL,3,1198.0,399.3333333333333,3,357,354,50,In Stock
SET053-KR-NP-XXXL,Set,SET053,3XL,7,4863.86,607.9825,8,409,402,50,In Stock
SET055-KR-NP-L,Set,SET055,L,2,1220.24,406.74666666666667,3,380,378,50,In Stock
SET055-KR-NP-M,Set,SET055,M,7,4398.0,628.2857142857143,7,402,395,50,In Stock
SET055-KR-NP-S,Set,SET055,S,0,617.14,617.14,1,382,382,50,In Stock
SET055-KR-NP-XL,Set,SET055,XL,3,1875.0,625.0,3,281,278,50,In Stock
SET055-KR-NP-XS,Set,SET055,XS,3,1908.0,636.0,3,225,222,50,In Stock
SET055-KR-NP-XXL,Set,SET055,XXL,6,3750.0,625.0,6,494,488,50,In Stock
SET055-KR-NP-XXXL,Set,SET055,3XL,1,625.0,625.0,1,257,256,50,In Stock
SET058-KR-NP-L,Set,SET058,L,55,48019.67,813.8927118644068,59,258,203,50,In Stock
SET058-KR-NP-M,Set,SET058,M,28,23479.67,809.6437931034482,29,198,170,50,In Stock
SET058-KR-NP-S,Set,SET058,S,17,13315.67,739.7594444444444,18,455,438,50,In Stock
SET058-KR-NP-XL,Set,SET058,XL,26,20979.0,806.8846153846154,26,367,341,50,In Stock
SET058-KR-NP-XS,Set,SET058,XS,2,1694.0,847.0,2,400,398,50,In Stock
SET058-KR-NP-XXL,Set,SET058,XXL,14,11760.0,840.0,14,156,142,50,In Stock
SET058-KR-NP-XXXL,Set,SET058,3XL,5,4814.66,687.8085714285714,7,402,397,50,In Stock
SET062-KR-SP-L,Set,SET062,L,1,684.0,684.0,1,218,217,50,In Stock
SET062-KR-SP-M,Set,SET062,M,4,2738.0,684.5,4,388,384,50,In Stock
SET062-KR-SP-S,Set,SET062,S,3,2052.0,684.0,3,295,292,50,In Stock
SET062-KR-SP-XL,Set,SET062,XL,4,2737.0,684.25,4,207,203,50,In Stock
SET062-KR-SP-XS,Set,SET062,XS,2,1362.0,681.0,2,228,226,50,In Stock
SET062-KR-SP-XXL,Set,SET062,XXL,1,685.0,685.0,1,259,258,50,In Stock
SET062-KR-SP-XXXL,Set,SET062,3XL,6,4099.0,683.1666666666666,6,413,407,50,In Stock
SET069-KR-NP-XS,Set,SET069,XS,1,612.0,612.0,1,101,100,50,In Stock
SET070-KR-NP-XS,Set,SET070,XS,2,1768.0,884.0,2,406,404,50,In Stock
SET072-KR-SHA-S,Set,SET072,S,1,370.0,370.0,1,212,211,50,In Stock
SET073-KR-SHA-L,Set,SET073,L,11,9848.76,820.73,12,202,191,50,In Stock
SET073-KR-SHA-M,Set,SET073,M,24,19578.0,815.75,24,257,233,50,In Stock
SET073-KR-SHA-S,Set,SET073,S,12,9855.0,821.25,12,314,302,50,In Stock
SET073-KR-SHA-XL,Set,SET073,XL,12,9031.0,752.5833333333334,12,239,227,50,In Stock
SET073-KR-SHA-XS,Set,SET073,XS,13,10580.0,813.8461538461538,13,340,327,50,In Stock
SET073-KR-SHA-XXL,Set,SET073,XXL,2,2432.76,810.9200000000001,3,493,491,50,In Stock
SET073-KR-SHA-XXXL,Set,SET073,3XL,4,3296.0,824.0,4,459,455,50,In Stock
SET075-KR-DH-L,Set,SET075,L,4,2634.0,658.5,4,284,280,50,In Stock
SET075-KR-DH-S,Set,SET075,S,4,2592.0,648.0,4,324,320,50,In Stock
SET075-KR-DH-XS,Set,SET075,XS,2,1296.0,648.0,2,302,300,50,In Stock
SET075-KR-DH-XXL,Set,SET075,XXL,2,1290.0,645.0,2,423,421,50,In Stock
SET075-KR-DH-XXXL,Set,SET075,3XL,3,2603.14,650.785,4,459,456,50,In Stock
SET078-KR-NP-S,Set,SET078,S,2,918.0,459.0,2,369,367,50,In Stock
SET078-KR-NP-XS,Set,SET078,XS,2,918.0,459.0,2,455,453,50,In Stock
SET083-KR-PP-XL,Set,SET083,XL,3,1943.0,647.6666666666666,3,409,406,50,In Stock
SET083-KR-PP-XXL,Set,SET083,XXL,1,662.0,662.0,1,147,146,50,In Stock
SET083-KR-PP-XXXL,Set,SET083,3XL,2,1238.0,1238.0,1,208,206,50,In Stock
SET085-KR-PT-S,Set,SET085,S,1,399.0,399.0,1,306,305,50,In Stock
SET085-KR-PT-XS,Set,SET085,XS,5,1584.0,316.8,5,203,198,50,In Stock
SET087-KR-PP-L,Set,SET087,L,4,3568.0,892.0,4,192,188,50,In Stock
SET087-KR-PP-M,Set,SET087,M,6,5418.0,903.0,6,467,461,50,In Stock
SET087-KR-PP-S,Set,SET087,S,3,2731.0,910.3333333333334,3,300,297,50,In Stock
SET087-KR-PP-XL,Set,SET087,XL,5,4537.0,907.4,5,467,462,50,In Stock
SET087-KR-PP-XS,Set,SET087,XS,1,855.0,855.0,1,243,242,50,In Stock
SET087-KR-PP-XXL,Set,SET087,XXL,2,1736.0,868.0,2,380,378,50,In Stock
SET087-KR-PP-XXXL,Set,SET087,3XL,4,3700.0,925.0,4,147,143,50,In Stock
SET091-KR-NP-S,Set,SET091,S,2,994.0,497.0,2,291,289,50,In Stock
SET091-KR-NP-XXL,Set,SET091,XXL,1,499.0,499.0,1,224,223,50,In Stock
SET094-KR-NP-L,Set,SET094,L,3,3113.9,778.475,4,202,199,50,In Stock
SET094-KR-NP-M,Set,SET094,M,1,758.0,758.0,1,171,170,50,In Stock
SET094-KR-NP-S,Set,SET094,S,3,2274.0,758.0,3,342,339,50,In Stock
SET094-KR-NP-XL,Set,SET094,XL,2,1516.0,758.0,2,444,442,50,In Stock
SET094-KR-NP-XXL,Set,SET094,XXL,2,1634.0,817.0,2,414,412,50,In Stock
SET094-KR-NP-XXXL,Set,SET094,3XL,3,2392.0,797.3333333333334,3,273,270,50,In Stock
SET097-KR-PP-L,Set,SET097,L,2,1957.0,978.5,2,455,453,50,In Stock
SET097-KR-PP-S,Set,SET097,S,1,1082.0,1082.0,1,248,247,50,In Stock
SET097-KR-PP-XL,Set,SET097,XL,2,958.0,479.0,2,361,359,50,In Stock
SET097-KR-PP-XS,Set,SET097,XS,1,958.0,958.0,1,166,165,50,In Stock
SET097-KR-PP-XXL,Set,SET097,XXL,2,2040.0,1020.0,2,379,377,50,In Stock
SET098-KR-PP-L,Set,SET098,L,28,20318.86,700.6503448275862,29,266,238,50,In Stock
SET098-KR-PP-M,Set,SET098,M,53,36861.0,722.7647058823529,51,220,167,50,In Stock
SET098-KR-PP-S,Set,SET098,S,70,49365.0,705.2142857142857,70,222,152,50,In Stock
SET098-KR-PP-XL,Set,SET098,XL,11,8396.86,699.7383333333333,12,236,225,50,In Stock
SET098-KR-PP-XXL,Set,SET098,XXL,6,4278.0,713.0,6,420,414,50,In Stock
SET098-KR-PP-XXXL,Set,SET098,3XL,4,2799.0,699.75,4,471,467,50,In Stock
SET100-KR-PP-L,Set,SET100,L,1,878.0,878.0,1,412,411,50,In Stock
SET100-KR-PP-M,Set,SET100,M,1,1576.1399999999999,788.0699999999999,2,336,335,50,In Stock
SET100-KR-PP-S,Set,SET100,S,1,878.0,878.0,1,426,425,50,In Stock
SET100-KR-PP-XL,Set,SET100,XL,4,4224.1900000000005,844.8380000000001,5,183,179,50,In Stock
SET100-KR-PP-XS,Set,SET100,XS,2,1632.0,816.0,2,441,439,50,In Stock
SET100-KR-PP-XXL,Set,SET100,XXL,1,816.0,816.0,1,113,112,50,In Stock
SET100-KR-PP-XXXL,Set,SET100,3XL,2,2375.95,791.9833333333332,3,409,407,50,In Stock
SET103-KR-SP-S,Set,SET103,S,1,611.0,611.0,1,495,494,50,In Stock
SET110-KR-PP-L,Set,SET110,L,61,49145.1,767.8921875,64,409,348,50,In Stock
SET110-KR-PP-M,Set,SET110,M,133,109562.61,766.1720979020979,143,287,154,50,In Stock
SET110-KR-PP-S,Set,SET110,S,105,83673.83,760.6711818181818,110,372,267,50,In Stock
SET110-KR-PP-XL,Set,SET110,XL,44,34484.0,783.7272727272727,44,162,118,50,In Stock
SET110-KR-PP-XS,Set,SET110,XS,69,56308.02,760.9191891891892,74,194,125,50,In Stock
SET110-KR-PP-XXL,Set,SET110,XXL,21,16410.0,781.4285714285714,21,201,180,50,In Stock
SET110-KR-PP-XXXL,Set,SET110,3XL,10,8613.29,783.0263636363637,11,435,425,50,In Stock
SET111-KR-SP-XXL,Set,SET111,XXL,1,643.0,643.0,1,312,311,50,In Stock
SET112-KR-SP-XS,Set,SET112,XS,1,772.0,772.0,1,115,114,50,In Stock
SET114-KR-PP-XS,Set,SET114,XS,3,1791.0,597.0,3,396,393,50,In Stock
SET116-KR-NP-L,Set,SET116,L,15,8220.0,548.0,15,237,222,50,In Stock
SET116-KR-NP-M,Set,SET116,M,4,2926.86,585.3720000000001,5,216,212,50,In Stock
SET116-KR-NP-S,Set,SET116,S,2,1182.0,591.0,2,102,100,50,In Stock
SET116-KR-NP-XL,Set,SET116,XL,1,591.0,591.0,1,362,361,50,In Stock
SET116-KR-NP-XS,Set,SET116,XS,6,3546.0,591.0,6,150,144,50,In Stock
SET116-KR-NP-XXL,Set,SET116,XXL,5,2955.0,591.0,5,187,182,50,In Stock
SET116-KR-NP-XXXL,Set,SET116,3XL,9,5278.0,586.4444444444445,9,192,183,50,In Stock
SET121-KR-NP-L,Set,SET121,L,1,478.0,478.0,1,256,255,50,In Stock
SET121-KR-NP-XS,Set,SET121,XS,2,959.0,479.5,2,460,458,50,In Stock
SET121-KR-NP-XXXL,Set,SET121,3XL,2,990.0,495.0,2,413,411,50,In Stock
SET128-KR-DH-L,Set,SET128,L,8,8648.0,1081.0,8,178,170,50,In Stock
SET128-KR-DH-M,Set,SET128,M,7,8498.61,1062.32625,8,186,179,50,In Stock
SET128-KR-DH-S,Set,SET128,S,2,5080.3,1016.0600000000001,5,407,405,50,In Stock
SET128-KR-DH-XL,Set,SET128,XL,5,5517.0,1103.4,5,231,226,50,In Stock
SET128-KR-DH-XS,Set,SET128,XS,3,4203.1,1050.775,4,463,460,50,In Stock
SET128-KR-DH-XXL,Set,SET128,XXL,3,2955.0,985.0,3,276,273,50,In Stock
SET128-KR-DH-XXXL,Set,SET128,3XL,2,2280.0,1140.0,2,136,134,50,In Stock
SET129-KR-NP-XL,Set,SET129,XL,1,440.0,440.0,1,309,308,50,In Stock
SET130-KR-NP-L,Set,SET130,L,3,1641.0,547.0,3,141,138,50,In Stock
SET130-KR-NP-M,Set,SET130,M,4,2352.0,588.0,4,301,297,50,In Stock
SET130-KR-NP-S,Set,SET130,S,4,2174.0,543.5,4,136,132,50,In Stock
SET130-KR-NP-XL,Set,SET130,XL,3,1627.0,542.3333333333334,3,219,216,50,In Stock
SET130-KR-NP-XS,Set,SET130,XS,2,1046.0,523.0,2,136,134,50,In Stock
SET130-KR-NP-XXL,Set,SET130,XXL,5,2817.0,563.4,5,164,159,50,In Stock
SET130-KR-NP-XXXL,Set,SET130,3XL,8,4526.0,565.75,8,308,300,50,In Stock
SET131-KR-NP-A-L,Set,SET131,L,4,3100.2799999999997,620.0559999999999,5,315,311,50,In Stock
SET131-KR-NP-A-M,Set,SET131,M,2,1332.0,666.0,2,476,474,50,In Stock
SET131-KR-NP-A-S,Set,SET131,S,3,1800.0,600.0,3,259,256,50,In Stock
SET131-KR-NP-A-XL,Set,SET131,XL,5,3132.0,626.4,5,441,436,50,In Stock
SET131-KR-NP-A-XS,Set,SET131,XS,2,1332.0,666.0,2,278,276,50,In Stock
SET131-KR-NP-A-XXL,Set,SET131,XXL,9,5796.0,644.0,9,400,391,50,In Stock
SET131-KR-NP-A-XXXL,Set,SET131,3XL,6,3996.0,666.0,6,176,170,50,In Stock
SET131-KR-NP-L,Set,SET131,L,2,1233.0,616.5,2,437,435,50,In Stock
SET131-KR-NP-M,Set,SET131,M,6,3798.0,633.0,6,322,316,50,In Stock
SET131-KR-NP-S,Set,SET131,S,1,666.0,666.0,1,294,293,50,In Stock
SET131-KR-NP-XL,Set,SET131,XL,3,1899.0,633.0,3,239,236,50,In Stock
SET131-KR-NP-XS,Set,SET131,XS,3,1800.0,600.0,3,338,335,50,In Stock
SET131-KR-NP-XXL,Set,SET131,XXL,1,666.0,666.0,1,392,391,50,In Stock
SET131-KR-NP-XXXL,Set,SET131,3XL,2,1332.0,666.0,2,121,119,50,In Stock
SET132-KR-NP-L,Set,SET132,L,3,1636.0,545.3333333333334,3,190,187,50,In Stock
SET132-KR-NP-M,Set,SET132,M,2,1094.0,547.0,2,237,235,50,In Stock
SET132-KR-NP-S,Set,SET132,S,1,547.0,547.0,1,138,137,50,In Stock
SET132-KR-NP-XL,Set,SET132,XL,3,2243.95,560.9875,4,286,283,50,In Stock
SET132-KR-NP-XS,Set,SET132,XS,2,1089.0,544.5,2,439,437,50,In Stock
SET132-KR-NP-XXL,Set,SET132,XXL,2,1089.0,544.5,2,235,233,50,In Stock
SET132-KR-NP-XXXL,Set,SET132,3XL,3,2404.05,601.0125,4,100,97,50,In Stock
SET135-KR-PP-XL,Set,SET135,XL,1,646.0,646.0,1,454,453,50,In Stock
SET135-KR-PP-XS,Set,SET135,XS,1,646.0,646.0,1,235,234,50,In Stock
SET135-KR-PP-XXXL,Set,SET135,3XL,2,1292.0,646.0,2,464,462,50,In Stock
SET136-KR-PP-L,Set,SET136,L,1,712.0,712.0,1,283,282,50,In Stock
SET138-KR-PP-L,Set,SET138,L,5,3801.0,760.2,5,292,287,50,In Stock
SET138-KR-PP-M,Set,SET138,M,9,7711.76,771.176,10,388,379,50,In Stock
SET138-KR-PP-S,Set,SET138,S,1,737.0,737.0,1,208,207,50,In Stock
SET138-KR-PP-XL,Set,SET138,XL,4,2998.0,749.5,4,350,346,50,In Stock
SET138-KR-PP-XS,Set,SET138,XS,3,2904.9,726.225,4,393,390,50,In Stock
SET138-KR-PP-XXL,Set,SET138,XXL,2,1474.0,737.0,2,221,219,50,In Stock
SET138-KR-PP-XXXL,Set,SET138,3XL,3,2195.0,731.6666666666666,3,433,430,50,In Stock
SET139-KR-PP-S,Set,SET139,S,2,919.0,459.5,2,359,357,50,In Stock
SET139-KR-PP-XS,Set,SET139,XS,1,453.0,453.0,1,467,466,50,In Stock
SET139-KR-PP-XXXL,Set,SET139,3XL,1,453.0,453.0,1,347,346,50,In Stock
SET142-KR-PP-L,Set,SET142,L,1,838.0,838.0,1,403,402,50,In Stock
SET143-KR-PP-M,Set,SET143,M,1,534.0,534.0,1,460,459,50,In Stock
SET143-KR-PP-S,Set,SET143,S,1,517.0,517.0,1,184,183,50,In Stock
SET143-KR-PP-XS,Set,SET143,XS,1,534.0,534.0,1,418,417,50,In Stock
SET143-KR-PP-XXL,Set,SET143,XXL,2,517.0,258.5,2,370,368,50,In Stock
SET144-KR-NP-L,Set,SET144,L,29,24352.96,785.5793548387096,31,107,78,50,In Stock
SET144-KR-NP-M,Set,SET144,M,26,21906.96,782.3914285714285,28,245,219,50,In Stock
SET144-KR-NP-S,Set,SET144,S,19,14854.0,781.7894736842105,19,459,440,50,In Stock
SET144-KR-NP-XL,Set,SET144,XL,7,6030.48,753.81,8,347,340,50,In Stock
SET144-KR-NP-XS,Set,SET144,XS,24,19520.48,780.8192,25,496,472,50,In Stock
SET144-KR-NP-XXL,Set,SET144,XXL,10,10749.92,767.8514285714285,14,407,397,50,In Stock
SET144-KR-NP-XXXL,Set,SET144,3XL,20,16393.44,712.7582608695651,23,198,178,50,In Stock
SET145-KR-NP-L,Set,SET145,L,28,24632.34,746.4345454545455,33,227,199,50,In Stock
SET145-KR-NP-M,Set,SET145,M,48,35869.95,732.0397959183673,49,251,203,50,In Stock
SET145-KR-NP-S,Set,SET145,S,27,21307.85,710.2616666666667,30,415,388,50,In Stock
SET145-KR-NP-XL,Set,SET145,XL,28,21950.48,756.9131034482758,29,338,310,50,In Stock
SET145-KR-NP-XS,Set,SET145,XS,18,13270.0,737.2222222222222,18,469,451,50,In Stock
SET145-KR-NP-XXL,Set,SET145,XXL,30,22972.76,741.0567741935483,31,440,410,50,In Stock
SET145-KR-NP-XXXL,Set,SET145,3XL,22,16350.0,743.1818181818181,22,487,465,50,In Stock
SET147-KR-NP-M,Set,SET147,M,2,1354.0,677.0,2,191,189,50,In Stock
SET147-KR-NP-S,Set,SET147,S,4,2715.0,678.75,4,129,125,50,In Stock
SET147-KR-NP-XL,Set,SET147,XL,8,5472.0,684.0,8,282,274,50,In Stock
SET147-KR-NP-XS,Set,SET147,XS,1,684.0,684.0,1,170,169,50,In Stock
SET147-KR-NP-XXL,Set,SET147,XXL,3,2045.0,681.6666666666666,3,452,449,50,In Stock
SET147-KR-NP-XXXL,Set,SET147,3XL,3,2703.43,675.8575,4,346,343,50,In Stock
SET152-KR-NP-S,Set,SET152,S,2,938.0,469.0,2,162,160,50,In Stock
SET152-KR-NP-XS,Set,SET152,XS,3,1407.0,469.0,3,129,126,50,In Stock
SET153-KR-NP-XS,Set,SET153,XS,1,448.0,448.0,1,381,380,50,In Stock
SET153-KR-NP-XXL,Set,SET153,XXL,1,448.0,448.0,1,397,396,50,In Stock
SET153-KR-NP-XXXL,Set,SET153,3XL,1,461.0,461.0,1,241,240,50,In Stock
SET154-KR-NP-L,Set,SET154,L,3,3288.38,822.095,4,212,209,50,In Stock
SET154-KR-NP-M,Set,SET154,M,3,2496.0,832.0,3,269,266,50,In Stock
SET154-KR-NP-S,Set,SET154,S,4,3278.0,819.5,4,266,262,50,In Stock
SET154-KR-NP-XL,Set,SET154,XL,7,4892.0,698.8571428571429,7,406,399,50,In Stock
SET154-KR-NP-XS,Set,SET154,XS,2,1664.0,832.0,2,304,302,50,In Stock
SET154-KR-NP-XXL,Set,SET154,XXL,3,2496.0,832.0,3,108,105,50,In Stock
SET154-KR-NP-XXXL,Set,SET154,3XL,4,3328.0,832.0,4,135,131,50,In Stock
SET155-KR-PP-S,Set,SET155,S,2,892.0,446.0,2,453,451,50,In Stock
SET155-KR-PP-XS,Set,SET155,XS,2,892.0,446.0,2,193,191,50,In Stock
SET156-KR-NP-L,Set,SET156,L,4,2808.0,702.0,4,135,131,50,In Stock
SET156-KR-NP-M,Set,SET156,M,4,2792.0,698.0,4,310,306,50,In Stock
SET156-KR-NP-S,Set,SET156,S,3,2076.0,692.0,3,346,343,50,In Stock
SET156-KR-NP-XL,Set,SET156,XL,1,716.0,716.0,1,272,271,50,In Stock
SET156-KR-NP-XS,Set,SET156,XS,2,1432.0,716.0,2,403,401,50,In Stock
SET156-KR-NP-XXL,Set,SET156,XXL,1,716.0,716.0,1,363,362,50,In Stock
SET156-KR-NP-XXXL,Set,SET156,3XL,2,1396.0,698.0,2,173,171,50,In Stock
SET158-KR-PP-L,Set,SET158,L,6,4738.0,789.6666666666666,6,486,480,50,In Stock
SET158-KR-PP-M,Set,SET158,M,6,4746.0,791.0,6,264,258,50,In Stock
SET158-KR-PP-S,Set,SET158,S,1,791.0,791.0,1,183,182,50,In Stock
SET158-KR-PP-XL,Set,SET158,XL,2,1558.0,779.0,2,286,284,50,In Stock
SET158-KR-PP-XS,Set,SET158,XS,2,1582.0,791.0,2,269,267,50,In Stock
SET158-KR-PP-XXL,Set,SET158,XXL,4,3156.0,789.0,4,218,214,50,In Stock
SET158-KR-PP-XXXL,Set,SET158,3XL,7,6290.33,786.29125,8,361,354,50,In Stock
SET159-KR-NP-XS,Set,SET159,XS,4,1856.0,464.0,4,325,321,50,In Stock
SET159-KR-NP-XXL,Set,SET159,XXL,1,464.0,464.0,1,355,354,50,In Stock
SET162-KR-PP-XL,Set,SET162,XL,1,453.0,453.0,1,178,177,50,In Stock
SET165-KR-PP-L,Set,SET165,L,3,1701.0,567.0,3,414,411,50,In Stock
SET165-KR-PP-M,Set,SET165,M,4,2268.0,567.0,4,416,412,50,In Stock
SET165-KR-PP-S,Set,SET165,S,2,1674.0,558.0,3,427,425,50,In Stock
SET165-KR-PP-XL,Set,SET165,XL,4,2268.0,567.0,4,173,169,50,In Stock
SET165-KR-PP-XS,Set,SET165,XS,1,567.0,567.0,1,278,277,50,In Stock
SET165-KR-PP-XXL,Set,SET165,XXL,2,1182.0,591.0,2,391,389,50,In Stock
SET165-KR-PP-XXXL,Set,SET165,3XL,4,2268.0,567.0,4,240,236,50,In Stock
SET171-KR-NP-L,Set,SET171,L,39,30251.1,756.2774999999999,40,461,422,50,In Stock
SET171-KR-NP-M,Set,SET171,M,13,10387.0,799.0,13,472,459,50,In Stock
SET171-KR-NP-S,Set,SET171,S,13,9520.0,732.3076923076923,13,474,461,50,In Stock
SET171-KR-NP-XL,Set,SET171,XL,28,21457.0,766.3214285714286,28,104,76,50,In Stock
SET171-KR-NP-XS,Set,SET171,XS,8,6493.0,811.625,8,458,450,50,In Stock
SET171-KR-NP-XXL,Set,SET171,XXL,9,5510.0,612.2222222222222,9,174,165,50,In Stock
SET171-KR-NP-XXXL,Set,SET171,3XL,18,14372.0,798.4444444444445,18,194,176,50,In Stock
SET172-KR-PP-B-L,Set,SET172,L,7,6995.0,999.2857142857143,7,269,262,50,In Stock
SET172-KR-PP-B-M,Set,SET172,M,20,20506.9,976.5190476190477,21,302,282,50,In Stock
SET172-KR-PP-B-S,Set,SET172,S,3,3687.9,921.975,4,408,405,50,In Stock
SET172-KR-PP-B-XL,Set,SET172,XL,12,13478.86,1036.8353846153846,13,241,229,50,In Stock
SET172-KR-PP-B-XS,Set,SET172,XS,1,968.0,968.0,1,170,169,50,In Stock
SET172-KR-PP-B-XXL,Set,SET172,XXL,1,1112.0,1112.0,1,486,485,50,In Stock
SET172-KR-PP-B-XXXL,Set,SET172,3XL,1,899.0,899.0,1,318,317,50,In Stock
SET179-KR-PP-L,Set,SET179,L,3,1488.0,496.0,3,210,207,50,In Stock
SET179-KR-PP-S,Set,SET179,S,4,1996.0,499.0,4,296,292,50,In Stock
SET179-KR-PP-XL,Set,SET179,XL,1,496.0,496.0,1,394,393,50,In Stock
SET179-KR-PP-XS,Set,SET179,XS,7,3606.0,515.1428571428571,7,329,322,50,In Stock
SET179-KR-PP-XXL,Set,SET179,XXL,3,1491.0,497.0,3,114,111,50,In Stock
SET179-KR-PP-XXXL,Set,SET179,3XL,17,8469.0,498.1764705882353,17,414,397,50,In Stock
SET182-KR-DH-K-M,Set,SET182,M,1,599.0,599.0,1,481,480,50,In Stock
SET182-KR-DH-L,Set,SET182,L,10,7279.71,661.7918181818181,11,142,132,50,In Stock
SET182-KR-DH-M,Set,SET182,M,24,16697.71,667.9083999999999,25,187,163,50,In Stock
SET182-KR-DH-S,Set,SET182,S,14,11353.130000000001,667.8311764705883,17,454,440,50,In Stock
SET182-KR-DH-XL,Set,SET182,XL,5,3894.71,649.1183333333333,6,140,135,50,In Stock
SET182-KR-DH-XS,Set,SET182,XS,21,14640.71,665.4868181818182,22,328,307,50,In Stock
SET182-KR-DH-XXL,Set,SET182,XXL,6,4052.0,675.3333333333334,6,112,106,50,In Stock
SET182-KR-DH-XXXL,Set,SET182,3XL,8,4725.0,590.625,8,206,198,50,In Stock
SET183-KR-DH-L,Set,SET183,L,15,11327.0,755.1333333333333,15,454,439,50,In Stock
SET183-KR-DH-M,Set,SET183,M,222,192090.38,747.4333852140078,257,442,220,50,In Stock
SET183-KR-DH-S,Set,SET183,S,59,39402.86,656.7143333333333,60,113,54,50,In Stock
SET183-KR-DH-XL,Set,SET183,XL,68,49833.0,732.8382352941177,68,250,182,50,In Stock
SET183-KR-DH-XS,Set,SET183,XS,40,28054.0,701.35,40,382,342,50,In Stock
SET183-KR-DH-XXL,Set,SET183,XXL,11,6802.0,618.3636363636364,11,483,472,50,In Stock
SET183-KR-DH-XXXL,Set,SET183,3XL,79,64764.16,761.9312941176471,85,127,48,50,Low Stock
SET184-KR-PP-L,Set,SET184,L,42,25562.15,568.0477777777778,45,149,107,50,In Stock
SET184-KR-PP-M,Set,SET184,M,49,27181.0,554.7142857142857,49,379,330,50,In Stock
SET184-KR-PP-S,Set,SET184,S,46,27442.38,571.7162500000001,48,392,346,50,In Stock
SET184-KR-PP-XL,Set,SET184,XL,24,13156.48,526.2592,25,156,132,50,In Stock
SET184-KR-PP-XS,Set,SET184,XS,28,16314.0,582.6428571428571,28,139,111,50,In Stock
SET184-KR-PP-XXL,Set,SET184,XXL,29,16304.0,562.2068965517242,29,315,286,50,In Stock
SET184-KR-PP-XXXL,Set,SET184,3XL,24,15516.58,574.6881481481481,27,347,323,50,In Stock
SET185-KR-NP-L,Set,SET185,L,2,1570.0,785.0,2,282,280,50,In Stock
SET185-KR-NP-M,Set,SET185,M,5,5672.24,810.3199999999999,7,278,273,50,In Stock
SET185-KR-NP-S,Set,SET185,S,1,911.0,911.0,1,441,440,50,In Stock
SET185-KR-NP-XL,Set,SET185,XL,2,1696.0,848.0,2,224,222,50,In Stock
SET185-KR-NP-XS,Set,SET185,XS,1,785.0,785.0,1,302,301,50,In Stock
SET185-KR-NP-XXL,Set,SET185,XXL,2,1810.0,905.0,2,498,496,50,In Stock
SET185-KR-NP-XXXL,Set,SET185,3XL,1,911.0,911.0,1,270,269,50,In Stock
SET186-KR-DH-K-M,Set,SET186,M,8,5588.95,698.61875,8,118,110,50,In Stock
SET186-KR-DH-L,Set,SET186,L,13,8447.95,603.4250000000001,14,332,319,50,In Stock
SET186-KR-DH-M,Set,SET186,M,8,4824.0,603.0,8,166,158,50,In Stock
SET186-KR-DH-S,Set,SET186,S,10,6150.0,768.75,8,219,209,50,In Stock
SET186-KR-DH-XL,Set,SET186,XL,2,1230.0,615.0,2,449,447,50,In Stock
SET186-KR-DH-XS,Set,SET186,XS,6,4304.95,614.9928571428571,7,446,440,50,In Stock
SET186-KR-DH-XXL,Set,SET186,XXL,2,1230.0,615.0,2,143,141,50,In Stock
SET186-KR-DH-XXXL,Set,SET186,3XL,4,3112.48,622.496,5,249,245,50,In Stock
SET187-KR-DH-L,Set,SET187,L,10,6190.0,619.0,10,201,191,50,In Stock
SET187-KR-DH-M,Set,SET187,M,39,22962.0,588.7692307692307,39,491,452,50,In Stock
SET187-KR-DH-S,Set,SET187,S,11,7259.48,604.9566666666666,12,410,399,50,In Stock
SET187-KR-DH-XL,Set,SET187,XL,109,71990.03,626.0002608695652,115,476,367,50,In Stock
SET187-KR-DH-XS,Set,SET187,XS,10,6190.0,619.0,10,253,243,50,In Stock
SET187-KR-DH-XXL,Set,SET187,XXL,12,8428.96,602.0685714285713,14,204,192,50,In Stock
SET187-KR-DH-XXXL,Set,SET187,3XL,2,1863.71,621.2366666666667,3,443,441,50,In Stock
SET188-KR-NP-L,Set,SET188,L,9,6105.0,678.3333333333334,9,181,172,50,In Stock
SET188-KR-NP-M,Set,SET188,M,3,2040.0,680.0,3,389,386,50,In Stock
SET188-KR-NP-S,Set,SET188,S,5,3454.0,690.8,5,110,105,50,In Stock
SET188-KR-NP-XL,Set,SET188,XL,2,1978.33,659.4433333333333,3,244,242,50,In Stock
SET188-KR-NP-XS,Set,SET188,XS,3,2025.0,675.0,3,421,418,50,In Stock
SET188-KR-NP-XXL,Set,SET188,XXL,2,1360.0,680.0,2,472,470,50,In Stock
SET188-KR-NP-XXXL,Set,SET188,3XL,7,6025.95,669.55,9,201,194,50,In Stock
SET191-KR-PP-M,Set,SET191,M,1,738.0,738.0,1,156,155,50,In Stock
SET192-KR-NP-L,Set,SET192,L,12,8737.05,728.0875,12,370,358,50,In Stock
SET192-KR-NP-M,Set,SET192,M,4,2688.0,672.0,4,330,326,50,In Stock
SET192-KR-NP-S,Set,SET192,S,3,2040.0,680.0,3,398,395,50,In Stock
SET192-KR-NP-XS,Set,SET192,XS,4,3268.05,653.61,5,358,354,50,In Stock
SET192-KR-NP-XXL,Set,SET192,XXL,3,2109.0,703.0,3,498,495,50,In Stock
SET192-KR-NP-XXXL,Set,SET192,3XL,9,6037.0,670.7777777777778,9,331,322,50,In Stock
SET193-KR-NP-A-M,Set,SET193,M,2,1542.0,771.0,2,275,273,50,In Stock
SET193-KR-NP-A-S,Set,SET193,S,3,2293.0,764.3333333333334,3,209,206,50,In Stock
SET193-KR-NP-A-XL,Set,SET193,XL,4,3074.0,768.5,4,118,114,50,In Stock
SET193-KR-NP-A-XS,Set,SET193,XS,1,771.0,771.0,1,215,214,50,In Stock
SET193-KR-NP-A-XXL,Set,SET193,XXL,3,2313.0,771.0,3,394,391,50,In Stock
SET193-KR-NP-A-XXXL,Set,SET193,3XL,1,761.0,761.0,1,113,112,50,In Stock
SET194-KR-NP-L,Set,SET194,L,5,1923.0,384.6,5,355,350,50,In Stock
SET194-KR-NP-M,Set,SET194,M,19,12152.0,639.578947368421,19,165,146,50,In Stock
SET194-KR-NP-S,Set,SET194,S,1,616.0,616.0,1,155,154,50,In Stock
SET194-KR-NP-XL,Set,SET194,XL,4,2564.0,641.0,4,345,341,50,In Stock
SET194-KR-NP-XXL,Set,SET194,XXL,7,4462.0,637.4285714285714,7,155,148,50,In Stock
SET194-KR-NP-XXXL,Set,SET194,3XL,1,0.0,0.0,1,118,117,50,In Stock
SET195-KR-NP-A-L,Set,SET195,L,4,5037.7,719.6714285714286,7,110,106,50,In Stock
SET195-KR-NP-A-S,Set,SET195,S,4,2940.0,735.0,4,489,485,50,In Stock
SET195-KR-NP-A-XL,Set,SET195,XL,5,5174.8,739.2571428571429,7,395,390,50,In Stock
SET195-KR-NP-A-XS,Set,SET195,XS,1,737.0,737.0,1,369,368,50,In Stock
SET195-KR-NP-A-XXL,Set,SET195,XXL,2,1458.0,729.0,2,215,213,50,In Stock
SET196-KR-NP-L,Set,SET196,L,8,5975.0,746.875,8,462,454,50,In Stock
SET196-KR-NP-M,Set,SET196,M,4,2803.0,700.75,4,357,353,50,In Stock
SET196-KR-NP-S,Set,SET196,S,2,1598.0,799.0,2,440,438,50,In Stock
SET196-KR-NP-XL,Set,SET196,XL,8,5069.0,633.625,8,470,462,50,In Stock
SET196-KR-NP-XS,Set,SET196,XS,1,668.0,668.0,1,244,243,50,In Stock
SET196-KR-NP-XXL,Set,SET196,XXL,6,4139.0,689.8333333333334,6,264,258,50,In Stock
SET196-KR-NP-XXXL,Set,SET196,3XL,4,2803.0,700.75,4,104,100,50,In Stock
SET197-KR-NP-L,Set,SET197,L,131,100462.96,749.7235820895523,134,347,216,50,In Stock
SET197-KR-NP-M,Set,SET197,M,33,23442.0,710.3636363636364,33,331,298,50,In Stock
SET197-KR-NP-S,Set,SET197,S,33,25018.0,758.1212121212121,33,340,307,50,In Stock
SET197-KR-NP-XL,Set,SET197,XL,36,28711.72,755.5715789473685,38,351,315,50,In Stock
SET197-KR-NP-XS,Set,SET197,XS,13,9838.0,756.7692307692307,13,419,406,50,In Stock
SET197-KR-NP-XXL,Set,SET197,XXL,56,42446.0,757.9642857142857,56,437,381,50,In Stock
SET197-KR-NP-XXXL,Set,SET197,3XL,11,8320.0,756.3636363636364,11,469,458,50,In Stock
SET198-KR-NP-A-L,Set,SET198,L,1,1146.05,573.025,2,254,253,50,In Stock
SET198-KR-NP-A-M,Set,SET198,M,7,4429.9,553.7375,8,315,308,50,In Stock
SET198-KR-NP-A-S,Set,SET198,S,5,2935.0,587.0,5,486,481,50,In Stock
SET198-KR-NP-A-XS,Set,SET198,XS,2,1096.0,548.0,2,326,324,50,In Stock
SET198-KR-NP-A-XXL,Set,SET198,XXL,3,1644.0,548.0,3,234,231,50,In Stock
SET198-KR-NP-A-XXXL,Set,SET198,3XL,3,1638.0,546.0,3,310,307,50,In Stock
SET199-KR-NP-L,Set,SET199,L,3,1283.0,427.6666666666667,3,213,210,50,In Stock
SET199-KR-NP-M,Set,SET199,M,1,587.0,587.0,1,229,228,50,In Stock
SET199-KR-NP-XL,Set,SET199,XL,1,1146.05,573.025,2,117,116,50,In Stock
SET199-KR-NP-XS,Set,SET199,XS,0,559.05,559.05,1,173,173,50,In Stock
SET199-KR-NP-XXL,Set,SET199,XXL,4,2457.0,614.25,4,343,339,50,In Stock
SET199-KR-NP-XXXL,Set,SET199,3XL,1,1146.05,573.025,2,375,374,50,In Stock
SET200-KR-NP-A-L,Set,SET200,L,6,3283.0,547.1666666666666,6,281,275,50,In Stock
SET200-KR-NP-A-M,Set,SET200,M,2,1086.0,543.0,2,409,407,50,In Stock
SET200-KR-NP-A-S,Set,SET200,S,2,1111.0,555.5,2,278,276,50,In Stock
SET200-KR-NP-A-XL,Set,SET200,XL,3,1704.0,568.0,3,261,258,50,In Stock
SET200-KR-NP-A-XS,Set,SET200,XS,1,568.0,568.0,1,404,403,50,In Stock
SET200-KR-NP-A-XXL,Set,SET200,XXL,3,2171.14,542.785,4,469,466,50,In Stock
SET200-KR-NP-A-XXXL,Set,SET200,3XL,11,6043.0,549.3636363636364,11,299,288,50,In Stock
SET201-KR-NP-A-L,Set,SET201,L,2,1228.0,614.0,2,284,282,50,In Stock
SET201-KR-NP-A-M,Set,SET201,M,1,633.0,633.0,1,276,275,50,In Stock
SET201-KR-NP-A-S,Set,SET201,S,4,2375.0,593.75,4,400,396,50,In Stock
SET201-KR-NP-A-XS,Set,SET201,XS,1,595.0,595.0,1,199,198,50,In Stock
SET201-KR-NP-A-XXL,Set,SET201,XXL,10,6102.0,610.2,10,136,126,50,In Stock
SET201-KR-NP-A-XXXL,Set,SET201,3XL,4,2979.67,595.934,5,374,370,50,In Stock
SET202-KR-NP-M,Set,SET202,M,2,766.0,383.0,2,308,306,50,In Stock
SET202-KR-NP-XL,Set,SET202,XL,1,383.0,383.0,1,409,408,50,In Stock
SET202-KR-NP-XXXL,Set,SET202,3XL,1,383.0,383.0,1,362,361,50,In Stock
SET203-KR-DPT-L,Set,SET203,L,28,12998.14,433.2713333333333,30,471,443,50,In Stock
SET203-KR-DPT-S,Set,SET203,S,19,8315.0,437.63157894736844,19,392,373,50,In Stock
SET203-KR-DPT-XL,Set,SET203,XL,17,7825.62,434.75666666666666,18,161,144,50,In Stock
SET203-KR-DPT-XS,Set,SET203,XS,11,4813.0,437.54545454545456,11,372,361,50,In Stock
SET203-KR-DPT-XXL,Set,SET203,XXL,7,3854.14,428.23777777777775,9,252,245,50,In Stock
SET203-KR-DPT-XXXL,Set,SET203,3XL,10,4407.0,440.7,10,195,185,50,In Stock
SET204-KR-DPT-L,Set,SET204,L,3,1543.0,514.3333333333334,3,396,393,50,In Stock
SET204-KR-DPT-M,Set,SET204,M,1,666.0,666.0,1,426,425,50,In Stock
SET204-KR-DPT-S,Set,SET204,S,6,4296.29,613.7557142857142,7,467,461,50,In Stock
SET204-KR-DPT-XL,Set,SET204,XL,2,1090.0,545.0,2,467,465,50,In Stock
SET204-KR-DPT-XS,Set,SET204,XS,7,3815.0,545.0,7,269,262,50,In Stock
SET204-KR-DPT-XXL,Set,SET204,XXL,12,7266.0,605.5,12,159,147,50,In Stock
SET204-KR-DPT-XXXL,Set,SET204,3XL,11,5832.0,530.1818181818181,11,189,178,50,In Stock
SET205-KR-DPT-A-M,Set,SET205,M,5,2083.0,416.6,5,231,226,50,In Stock
SET205-KR-DPT-A-S,Set,SET205,S,1,399.0,399.0,1,283,282,50,In Stock
SET205-KR-DPT-A-XS,Set,SET205,XS,1,399.0,399.0,1,273,272,50,In Stock
SET205-KR-DPT-A-XXL,Set,SET205,XXL,2,842.0,421.0,2,297,295,50,In Stock
SET205-KR-DPT-A-XXXL,Set,SET205,3XL,5,1995.0,399.0,5,409,404,50,In Stock
SET206-KR-PP-S,Set,SET206,S,2,1048.0,524.0,2,135,133,50,In Stock
SET209-KR-PP-L,Set,SET209,L,11,5933.0,539.3636363636364,11,184,173,50,In Stock
SET209-KR-PP-M,Set,SET209,M,13,7546.9,539.0642857142857,14,187,174,50,In Stock
SET209-KR-PP-S,Set,SET209,S,6,3213.0,535.5,6,360,354,50,In Stock
SET209-KR-PP-XL,Set,SET209,XL,8,3188.0,398.5,8,297,289,50,In Stock
SET209-KR-PP-XS,Set,SET209,XS,5,2690.0,538.0,5,339,334,50,In Stock
SET209-KR-PP-XXL,Set,SET209,XXL,8,5761.86,523.8054545454545,11,349,341,50,In Stock
SET209-KR-PP-XXXL,Set,SET209,3XL,18,9715.0,539.7222222222222,18,121,103,50,In Stock
SET210-KR-PP-L,Set,SET210,L,10,5750.0,575.0,10,474,464,50,In Stock
SET210-KR-PP-M,Set,SET210,M,6,2858.0,476.3333333333333,6,215,209,50,In Stock
SET210-KR-PP-S,Set,SET210,S,6,3421.0,570.1666666666666,6,340,334,50,In Stock
SET210-KR-PP-XL,Set,SET210,XL,8,4566.0,570.75,8,192,184,50,In Stock
SET210-KR-PP-XS,Set,SET210,XS,1,575.0,575.0,1,359,358,50,In Stock
SET210-KR-PP-XXXL,Set,SET210,3XL,5,2875.0,575.0,5,169,164,50,In Stock
SET214-KR-DPT-XL,Set,SET214,XL,1,604.0,604.0,1,235,234,50,In Stock
SET214-KR-DPT-XXXL,Set,SET214,3XL,1,604.0,604.0,1,448,447,50,In Stock
SET216-KR-PP-XL,Set,SET216,XL,1,545.0,545.0,1,415,414,50,In Stock
SET217-KR-PP-L,Set,SET217,L,16,13839.71,814.100588235294,17,238,222,50,In Stock
SET217-KR-PP-M,Set,SET217,M,13,11338.1,809.8642857142858,14,263,250,50,In Stock
SET217-KR-PP-S,Set,SET217,S,10,8128.0,812.8,10,140,130,50,In Stock
SET217-KR-PP-XL,Set,SET217,XL,23,18507.71,771.1545833333333,24,412,389,50,In Stock
SET217-KR-PP-XS,Set,SET217,XS,6,4945.0,824.1666666666666,6,216,210,50,In Stock
SET217-KR-PP-XXL,Set,SET217,XXL,17,12117.0,712.7647058823529,17,175,158,50,In Stock
SET217-KR-PP-XXXL,Set,SET217,3XL,12,13713.41,806.6711764705882,17,357,345,50,In Stock
SET218-KR-NP-L,Set,SET218,L,0,635.24,635.24,1,164,164,50,In Stock
SET218-KR-NP-M,Set,SET218,M,2,1366.0,683.0,2,228,226,50,In Stock
SET218-KR-NP-S,Set,SET218,S,4,2700.0,675.0,4,264,260,50,In Stock
SET218-KR-NP-XL,Set,SET218,XL,4,2744.0,686.0,4,459,455,50,In Stock
SET218-KR-NP-XS,Set,SET218,XS,2,1334.0,667.0,2,418,416,50,In Stock
SET218-KR-NP-XXL,Set,SET218,XXL,2,1398.0,699.0,2,134,132,50,In Stock
SET218-KR-NP-XXXL,Set,SET218,3XL,4,2826.0,706.5,4,440,436,50,In Stock
SET219-KR-PP-L,Set,SET219,L,2,1324.0,662.0,2,432,430,50,In Stock
SET219-KR-PP-M,Set,SET219,M,3,2602.81,650.7025,4,441,438,50,In Stock
SET219-KR-PP-S,Set,SET219,S,6,3303.0,550.5,6,244,238,50,In Stock
SET219-KR-PP-XL,Set,SET219,XL,10,6599.0,659.9,10,228,218,50,In Stock
SET219-KR-PP-XS,Set,SET219,XS,2,1947.48,649.16,3,369,367,50,In Stock
SET219-KR-PP-XXL,Set,SET219,XXL,8,5282.0,660.25,8,406,398,50,In Stock
SET219-KR-PP-XXXL,Set,SET219,3XL,17,10571.0,621.8235294117648,17,278,261,50,In Stock
SET220-KR-PP-L,Set,SET220,L,17,19583.0,1151.9411764705883,17,334,317,50,In Stock
SET220-KR-PP-M,Set,SET220,M,18,21456.54,1129.2915789473684,19,464,446,50,In Stock
SET220-KR-PP-S,Set,SET220,S,7,7769.0,1109.857142857143,7,342,335,50,In Stock
SET220-KR-PP-XL,Set,SET220,XL,15,17065.0,1137.6666666666667,15,122,107,50,In Stock
SET220-KR-PP-XS,Set,SET220,XS,1,1099.0,1099.0,1,174,173,50,In Stock
SET220-KR-PP-XXL,Set,SET220,XXL,10,11222.0,1122.2,10,267,257,50,In Stock
SET220-KR-PP-XXXL,Set,SET220,3XL,14,16819.25,1121.2833333333333,15,488,474,50,In Stock
SET221-KR-NP-L,Set,SET221,L,3,2142.0,714.0,3,471,468,50,In Stock
SET221-KR-NP-M,Set,SET221,M,1,699.0,699.0,1,433,432,50,In Stock
SET221-KR-NP-S,Set,SET221,S,3,2142.0,714.0,3,342,339,50,In Stock
SET221-KR-NP-XL,Set,SET221,XL,3,2097.0,699.0,3,303,300,50,In Stock
SET221-KR-NP-XXL,Set,SET221,XXL,2,1428.0,714.0,2,119,117,50,In Stock
SET221-KR-NP-XXXL,Set,SET221,3XL,2,1428.0,714.0,2,313,311,50,In Stock
SET223-KR-NP-S,Set,SET223,S,8,5159.0,644.875,8,205,197,50,In Stock
SET223-KR-NP-XS,Set,SET223,XS,3,1944.0,648.0,3,234,231,50,In Stock
SET223-KR-NP-XXL,Set,SET223,XXL,5,3851.43,641.905,6,181,176,50,In Stock
SET223-KR-NP-XXXL,Set,SET223,3XL,7,4524.0,646.2857142857143,7,468,461,50,In Stock
SET224-KR-NP-L,Set,SET224,L,1,1132.0,1132.0,1,419,418,50,In Stock
SET224-KR-NP-S,Set,SET224,S,7,11401.42,1266.8244444444445,9,240,233,50,In Stock
SET224-KR-NP-XL,Set,SET224,XL,15,21259.53,1181.085,18,153,138,50,In Stock
SET224-KR-NP-XS,Set,SET224,XS,17,21228.11,1179.3394444444446,18,139,122,50,In Stock
SET224-KR-NP-XXL,Set,SET224,XXL,19,23024.0,1211.7894736842106,19,387,368,50,In Stock
SET224-KR-NP-XXXL,Set,SET224,3XL,9,12615.42,1146.8563636363635,11,178,169,50,In Stock
SET225-KR-NP-M,Set,SET225,M,2,1488.0,744.0,2,218,216,50,In Stock
SET225-KR-NP-XXXL,Set,SET225,3XL,1,729.0,729.0,1,291,290,50,In Stock
SET226-KR-PP-M,Set,SET226,M,1,799.0,799.0,1,327,326,50,In Stock
SET226-KR-PP-S,Set,SET226,S,1,799.0,799.0,1,168,167,50,In Stock
SET226-KR-PP-XL,Set,SET226,XL,2,1598.0,799.0,2,411,409,50,In Stock
SET226-KR-PP-XXL,Set,SET226,XXL,1,799.0,799.0,1,444,443,50,In Stock
SET226-KR-PP-XXXL,Set,SET226,3XL,1,799.0,799.0,1,369,368,50,In Stock
SET227-KR-PP-A-L,Set,SET227,L,17,9217.0,542.1764705882352,17,432,415,50,In Stock
SET227-KR-PP-A-M,Set,SET227,M,11,6319.0,574.4545454545455,11,274,263,50,In Stock
SET227-KR-PP-A-S,Set,SET227,S,9,5220.0,580.0,9,170,161,50,In Stock
SET227-KR-PP-A-XL,Set,SET227,XL,10,7007.62,583.9683333333334,12,209,199,50,In Stock
SET227-KR-PP-A-XS,Set,SET227,XS,5,4110.52,587.2171428571429,7,493,488,50,In Stock
SET227-KR-PP-A-XXL,Set,SET227,XXL,3,2294.81,573.7025,4,215,212,50,In Stock
SET227-KR-PP-A-XXXL,Set,SET227,3XL,2,1142.0,571.0,2,421,419,50,In Stock
SET228-KR-PP-A-L,Set,SET228,L,3,1306.0,435.3333333333333,3,200,197,50,In Stock
SET228-KR-PP-A-M,Set,SET228,M,4,1959.0,489.75,4,393,389,50,In Stock
SET228-KR-PP-A-S,Set,SET228,S,5,3381.0,676.2,5,217,212,50,In Stock
SET228-KR-PP-A-XL,Set,SET228,XL,8,4829.0,603.625,8,495,487,50,In Stock
SET228-KR-PP-A-XS,Set,SET228,XS,2,1306.0,653.0,2,391,389,50,In Stock
SET228-KR-PP-A-XXL,Set,SET228,XXL,3,1306.0,435.3333333333333,3,471,468,50,In Stock
SET228-KR-PP-A-XXXL,Set,SET228,3XL,15,9606.0,640.4,15,456,441,50,In Stock
SET229-KR-PP-L,Set,SET229,L,11,9856.0,896.0,11,181,170,50,In Stock
SET229-KR-PP-M,Set,SET229,M,9,8047.0,894.1111111111111,9,348,339,50,In Stock
SET229-KR-PP-XL,Set,SET229,XL,9,7051.0,783.4444444444445,9,197,188,50,In Stock
SET229-KR-PP-XS,Set,SET229,XS,6,5296.0,882.6666666666666,6,279,273,50,In Stock
SET229-KR-PP-XXL,Set,SET229,XXL,7,4440.0,634.2857142857143,7,303,296,50,In Stock
SET229-KR-PP-XXXL,Set,SET229,3XL,14,12455.0,889.6428571428571,14,480,466,50,In Stock
SET230-KR-PP-L,Set,SET230,L,3,2463.0,821.0,3,417,414,50,In Stock
SET230-KR-PP-S,Set,SET230,S,11,8180.0,743.6363636363636,11,450,439,50,In Stock
SET230-KR-PP-XL,Set,SET230,XL,3,2463.0,821.0,3,407,404,50,In Stock
SET230-KR-PP-XS,Set,SET230,XS,7,6443.38,805.4225,8,104,97,50,In Stock
SET230-KR-PP-XXL,Set,SET230,XXL,1,832.0,832.0,1,190,189,50,In Stock
SET230-KR-PP-XXXL,Set,SET230,3XL,12,10603.38,815.6446153846153,13,485,473,50,In Stock
SET232-KR-PP-L,Set,SET232,L,3,1497.0,499.0,3,396,393,50,In Stock
SET232-KR-PP-M,Set,SET232,M,1,499.0,499.0,1,192,191,50,In Stock
SET232-KR-PP-S,Set,SET232,S,1,499.0,499.0,1,449,448,50,In Stock
SET232-KR-PP-XL,Set,SET232,XL,5,2495.0,499.0,5,352,347,50,In Stock
SET232-KR-PP-XXL,Set,SET232,XXL,1,499.0,499.0,1,156,155,50,In Stock
SET233-KR-PP-L,Set,SET233,L,29,15841.0,546.2413793103449,29,471,442,50,In Stock
SET233-KR-PP-M,Set,SET233,M,24,13567.05,542.682,25,379,355,50,In Stock
SET233-KR-PP-S,Set,SET233,S,14,8138.05,542.5366666666666,15,158,144,50,In Stock
SET233-KR-PP-XL,Set,SET233,XL,20,10795.15,469.35434782608695,23,109,89,50,In Stock
SET233-KR-PP-XS,Set,SET233,XS,11,7038.1,541.3923076923077,13,492,481,50,In Stock
SET233-KR-PP-XXL,Set,SET233,XXL,22,11958.0,543.5454545454545,22,190,168,50,In Stock
SET233-KR-PP-XXXL,Set,SET233,3XL,24,13069.0,544.5416666666666,24,177,153,50,In Stock
SET235-KR-PP-S,Set,SET235,S,0,498.1,498.1,1,179,179,50,In Stock
SET236-KR-PP-L,Set,SET236,L,3,2364.0,788.0,3,125,122,50,In Stock
SET236-KR-PP-M,Set,SET236,M,4,2924.0,731.0,4,377,373,50,In Stock
SET236-KR-PP-S,Set,SET236,S,1,678.0,678.0,1,190,189,50,In Stock
SET236-KR-PP-XL,Set,SET236,XL,4,2873.0,718.25,4,199,195,50,In Stock
SET236-KR-PP-XS,Set,SET236,XS,2,2101.29,700.43,3,114,112,50,In Stock
SET236-KR-PP-XXL,Set,SET236,XXL,4,2873.0,718.25,4,359,355,50,In Stock
SET236-KR-PP-XXXL,Set,SET236,3XL,2,1407.0,703.5,2,452,450,50,In Stock
SET238-KR-PP-M,Set,SET238,M,3,1411.0,470.3333333333333,3,138,135,50,In Stock
SET238-KR-PP-S,Set,SET238,S,2,914.0,457.0,2,108,106,50,In Stock
SET238-KR-PP-XL,Set,SET238,XL,4,1848.0,462.0,4,492,488,50,In Stock
SET238-KR-PP-XXL,Set,SET238,XXL,1,457.0,457.0,1,353,352,50,In Stock
SET239-KR-NP-L,Set,SET239,L,18,13216.86,629.3742857142857,21,234,216,50,In Stock
SET239-KR-NP-M,Set,SET239,M,5,3264.0,652.8,5,419,414,50,In Stock
SET239-KR-NP-S,Set,SET239,S,31,21321.0,666.28125,32,109,78,50,In Stock
SET239-KR-NP-XL,Set,SET239,XL,3,1962.0,654.0,3,152,149,50,In Stock
SET239-KR-NP-XS,Set,SET239,XS,10,6852.0,685.2,10,456,446,50,In Stock
SET239-KR-NP-XXL,Set,SET239,XXL,14,10570.86,660.67875,16,460,446,50,In Stock
SET239-KR-NP-XXXL,Set,SET239,3XL,10,7396.86,672.4418181818181,11,231,221,50,In Stock
SET240-KR-PP-L,Set,SET240,L,6,3674.0,612.3333333333334,6,312,306,50,In Stock
SET240-KR-PP-M,Set,SET240,M,7,4019.0,574.1428571428571,7,457,450,50,In Stock
SET240-KR-PP-S,Set,SET240,S,5,3043.0,608.6,5,438,433,50,In Stock
SET240-KR-PP-XL,Set,SET240,XL,11,8950.58,688.5061538461539,13,243,232,50,In Stock
SET240-KR-PP-XS,Set,SET240,XS,3,1837.0,612.3333333333334,3,250,247,50,In Stock
SET240-KR-PP-XXL,Set,SET240,XXL,5,2995.0,599.0,5,256,251,50,In Stock
SET240-KR-PP-XXXL,Set,SET240,3XL,6,3590.0,598.3333333333334,6,153,147,50,In Stock
SET241-KR-PP-M,Set,SET241,M,4,1428.0,357.0,4,194,190,50,In Stock
SET241-KR-PP-S,Set,SET241,S,2,714.0,357.0,2,346,344,50,In Stock
SET241-KR-PP-XS,Set,SET241,XS,3,1071.0,357.0,3,477,474,50,In Stock
SET242-KR-PP-M,Set,SET242,M,1,581.0,581.0,1,342,341,50,In Stock
SET242-KR-PP-S,Set,SET242,S,1,581.0,581.0,1,425,424,50,In Stock
SET242-KR-PP-XS,Set,SET242,XS,3,1720.0,573.3333333333334,3,171,168,50,In Stock
SET242-KR-PP-XXL,Set,SET242,XXL,1,561.0,561.0,1,420,419,50,In Stock
SET243-KR-PP-L,Set,SET243,L,4,2136.0,534.0,4,385,381,50,In Stock
SET243-KR-PP-M,Set,SET243,M,2,2593.71,518.742,5,185,183,50,In Stock
SET243-KR-PP-S,Set,SET243,S,1,534.0,534.0,1,405,404,50,In Stock
SET243-KR-PP-XL,Set,SET243,XL,4,2136.0,534.0,4,264,260,50,In Stock
SET243-KR-PP-XS,Set,SET243,XS,2,1068.0,534.0,2,355,353,50,In Stock
SET243-KR-PP-XXL,Set,SET243,XXL,2,1068.0,534.0,2,431,429,50,In Stock
SET243-KR-PP-XXXL,Set,SET243,3XL,5,2640.0,528.0,5,341,336,50,In Stock
SET244-KR-NP-L,Set,SET244,L,2,1572.0,786.0,2,393,391,50,In Stock
SET244-KR-NP-M,Set,SET244,M,6,4716.0,786.0,6,213,207,50,In Stock
SET244-KR-NP-S,Set,SET244,S,2,1572.0,786.0,2,289,287,50,In Stock
SET244-KR-NP-XL,Set,SET244,XL,2,1572.0,786.0,2,421,419,50,In Stock
SET244-KR-NP-XS,Set,SET244,XS,1,773.0,773.0,1,192,191,50,In Stock
SET244-KR-NP-XXL,Set,SET244,XXL,1,799.0,799.0,1,216,215,50,In Stock
SET244-KR-NP-XXXL,Set,SET244,3XL,5,3917.0,783.4,5,148,143,50,In Stock
SET245-KR-NP-L,Set,SET245,L,1,849.0,849.0,1,170,169,50,In Stock
SET245-KR-NP-M,Set,SET245,M,3,2847.0,949.0,3,219,216,50,In Stock
SET245-KR-NP-S,Set,SET245,S,5,4545.0,909.0,5,464,459,50,In Stock
SET245-KR-NP-XL,Set,SET245,XL,2,1998.0,999.0,2,372,370,50,In Stock
SET245-KR-NP-XS,Set,SET245,XS,2,1698.0,849.0,2,263,261,50,In Stock
SET245-KR-NP-XXL,Set,SET245,XXL,1,849.0,849.0,1,357,356,50,In Stock
SET246-KR-PP-L,Set,SET246,L,2,910.0,455.0,2,499,497,50,In Stock
SET246-KR-PP-M,Set,SET246,M,6,2677.0,446.1666666666667,6,383,377,50,In Stock
SET246-KR-PP-S,Set,SET246,S,6,3949.87,438.8744444444444,9,310,304,50,In Stock
SET246-KR-PP-XL,Set,SET246,XL,7,3499.29,437.41125,8,449,442,50,In Stock
SET246-KR-PP-XS,Set,SET246,XS,1,455.0,455.0,1,128,127,50,In Stock
SET246-KR-PP-XXL,Set,SET246,XXL,8,3540.0,442.5,8,149,141,50,In Stock
SET246-KR-PP-XXXL,Set,SET246,3XL,6,3574.62,446.8275,8,359,353,50,In Stock
SET247-KR-SHA-L,Set,SET247,L,3,2812.9,703.225,4,380,377,50,In Stock
SET247-KR-SHA-M,Set,SET247,M,23,15952.0,693.5652173913044,23,423,400,50,In Stock
SET247-KR-SHA-S,Set,SET247,S,13,8025.0,617.3076923076923,13,159,146,50,In Stock
SET247-KR-SHA-XL,Set,SET247,XL,10,7168.0,716.8,10,408,398,50,In Stock
SET247-KR-SHA-XS,Set,SET247,XS,15,11444.9,715.30625,16,261,246,50,In Stock
SET248-KR-NP-L,Set,SET248,L,5,3060.0,612.0,5,195,190,50,In Stock
SET248-KR-NP-M,Set,SET248,M,2,1224.0,612.0,2,332,330,50,In Stock
SET248-KR-NP-XL,Set,SET248,XL,4,3006.86,601.3720000000001,5,379,375,50,In Stock
SET248-KR-NP-XS,Set,SET248,XS,3,1812.0,604.0,3,493,490,50,In Stock
SET248-KR-NP-XXL,Set,SET248,XXL,1,612.0,612.0,1,306,305,50,In Stock
SET248-KR-NP-XXXL,Set,SET248,3XL,7,4866.86,608.3575,8,308,301,50,In Stock
SET249-KR-NP-L,Set,SET249,L,9,8122.34,738.3945454545454,11,429,420,50,In Stock
SET249-KR-NP-M,Set,SET249,M,8,6087.62,676.4022222222222,9,275,267,50,In Stock
SET249-KR-NP-S,Set,SET249,S,5,3395.0,679.0,5,455,450,50,In Stock
SET249-KR-NP-XL,Set,SET249,XL,8,5425.0,904.1666666666666,6,408,400,50,In Stock
SET249-KR-NP-XS,Set,SET249,XS,2,1360.0,680.0,2,334,332,50,In Stock
SET249-KR-NP-XXL,Set,SET249,XXL,6,5328.34,592.0377777777778,9,467,461,50,In Stock
SET249-KR-NP-XXXL,Set,SET249,3XL,5,3538.0,707.6,5,179,174,50,In Stock
SET250-KR-SHA-L,Set,SET250,L,4,2764.0,691.0,4,140,136,50,In Stock
SET250-KR-SHA-M,Set,SET250,M,6,4717.86,673.9799999999999,7,374,368,50,In Stock
SET250-KR-SHA-S,Set,SET250,S,14,9500.0,678.5714285714286,14,171,157,50,In Stock
SET250-KR-SHA-XL,Set,SET250,XL,3,3330.24,666.048,5,197,194,50,In Stock
SET250-KR-SHA-XS,Set,SET250,XS,2,2007.62,669.2066666666666,3,493,491,50,In Stock
SET250-KR-SHA-XXL,Set,SET250,XXL,3,2682.86,670.715,4,236,233,50,In Stock
SET250-KR-SHA-XXXL,Set,SET250,3XL,2,1458.0,729.0,2,471,469,50,In Stock
SET251-KR-PP-L,Set,SET251,L,1,689.0,689.0,1,417,416,50,In Stock
SET251-KR-PP-M,Set,SET251,M,34,25596.0,752.8235294117648,34,356,322,50,In Stock
SET251-KR-PP-S,Set,SET251,S,6,4484.0,747.3333333333334,6,170,164,50,In Stock
SET251-KR-PP-XL,Set,SET251,XL,3,2254.0,751.3333333333334,3,423,420,50,In Stock
SET251-KR-PP-XS,Set,SET251,XS,12,9108.0,759.0,12,168,156,50,In Stock
SET251-KR-PP-XXXL,Set,SET251,3XL,2,1518.0,759.0,2,411,409,50,In Stock
SET252-KR-PP-L,Set,SET252,L,9,7468.24,746.824,10,282,273,50,In Stock
SET252-KR-PP-M,Set,SET252,M,25,19668.86,756.4946153846154,26,335,310,50,In Stock
SET252-KR-PP-S,Set,SET252,S,14,11290.86,752.724,15,197,183,50,In Stock
SET252-KR-PP-XL,Set,SET252,XL,6,5276.86,753.8371428571428,7,204,198,50,In Stock
SET252-KR-PP-XS,Set,SET252,XS,15,11356.0,757.0666666666667,15,308,293,50,In Stock
SET252-KR-PP-XXL,Set,SET252,XXL,3,2277.0,759.0,3,477,474,50,In Stock
SET252-KR-PP-XXXL,Set,SET252,3XL,6,5247.86,749.6942857142857,7,259,253,50,In Stock
SET253-KR-NP-L,Set,SET253,L,5,4386.9,731.15,6,280,275,50,In Stock
SET253-KR-NP-M,Set,SET253,M,2,1487.0,743.5,2,144,142,50,In Stock
SET253-KR-NP-S,Set,SET253,S,4,3649.9,729.98,5,105,101,50,In Stock
SET253-KR-NP-XL,Set,SET253,XL,2,2175.9,725.3000000000001,3,109,107,50,In Stock
SET253-KR-NP-XS,Set,SET253,XS,2,1474.0,737.0,2,416,414,50,In Stock
SET253-KR-NP-XXL,Set,SET253,XXL,2,737.0,368.5,2,279,277,50,In Stock
SET253-KR-NP-XXXL,Set,SET253,3XL,6,4420.0,736.6666666666666,6,158,152,50,In Stock
SET254-KR-NP-L,Set,SET254,L,1,886.0,886.0,1,432,431,50,In Stock
SET254-KR-NP-M,Set,SET254,M,9,8765.07,876.507,10,324,315,50,In Stock
SET254-KR-NP-S,Set,SET254,S,4,3544.0,886.0,4,264,260,50,In Stock
SET254-KR-NP-XL,Set,SET254,XL,1,886.0,886.0,1,294,293,50,In Stock
SET254-KR-NP-XS,Set,SET254,XS,8,7095.0,886.875,8,122,114,50,In Stock
SET254-KR-NP-XXL,Set,SET254,XXL,10,8833.0,883.3,10,139,129,50,In Stock
SET254-KR-NP-XXXL,Set,SET254,3XL,3,2726.0,908.6666666666666,3,441,438,50,In Stock
SET257-KR-PP-L,Set,SET257,L,2,1676.95,558.9833333333333,3,383,381,50,In Stock
SET257-KR-PP-M,Set,SET257,M,14,7362.0,525.8571428571429,14,159,145,50,In Stock
SET257-KR-PP-S,Set,SET257,S,26,15301.95,566.7388888888889,27,300,274,50,In Stock
SET257-KR-PP-XL,Set,SET257,XL,5,3844.71,549.2442857142858,7,435,430,50,In Stock
SET257-KR-PP-XS,Set,SET257,XS,42,23719.71,539.0843181818182,44,190,148,50,In Stock
SET257-KR-PP-XXL,Set,SET257,XXL,4,2221.0,555.25,4,360,356,50,In Stock
SET257-KR-PP-XXXL,Set,SET257,3XL,7,3854.0,550.5714285714286,7,368,361,50,In Stock
SET258-KR-PP-L,Set,SET258,L,9,7913.0,879.2222222222222,9,158,149,50,In Stock
SET258-KR-PP-M,Set,SET258,M,9,7913.0,879.2222222222222,9,155,146,50,In Stock
SET258-KR-PP-S,Set,SET258,S,6,6125.05,875.0071428571429,7,140,134,50,In Stock
SET258-KR-PP-XL,Set,SET258,XL,12,10564.0,880.3333333333334,12,382,370,50,In Stock
SET258-KR-PP-XS,Set,SET258,XS,8,7048.0,881.0,8,394,386,50,In Stock
SET258-KR-PP-XXL,Set,SET258,XXL,8,7879.04,875.4488888888889,9,331,323,50,In Stock
SET258-KR-PP-XXXL,Set,SET258,3XL,3,2627.0,875.6666666666666,3,159,156,50,In Stock
SET260-KR-PP-S,Set,SET260,S,6,3374.0,562.3333333333334,6,499,493,50,In Stock
SET261-KR-PP-S,Set,SET261,S,17,7689.0,480.5625,16,385,368,50,In Stock
SET262-KR-NP-L,Set,SET262,L,2,1190.0,595.0,2,487,485,50,In Stock
SET262-KR-NP-M,Set,SET262,M,2,1266.0,633.0,2,380,378,50,In Stock
SET262-KR-NP-XL,Set,SET262,XL,2,1190.0,595.0,2,230,228,50,In Stock
SET262-KR-NP-XXL,Set,SET262,XXL,1,633.0,633.0,1,255,254,50,In Stock
SET263-KR-NP-XS,Set,SET263,XS,2,1356.0,678.0,2,492,490,50,In Stock
SET264-KR-NP-L,Set,SET264,L,43,37216.28,809.0495652173913,46,480,437,50,In Stock
SET264-KR-NP-M,Set,SET264,M,102,80111.76,777.7840776699029,103,302,200,50,In Stock
SET264-KR-NP-S,Set,SET264,S,11,9064.0,824.0,11,436,425,50,In Stock
SET264-KR-NP-XL,Set,SET264,XL,113,90039.0,796.8053097345132,113,148,35,50,Low Stock
SET264-KR-NP-XS,Set,SET264,XS,8,7281.76,809.0844444444444,9,340,332,50,In Stock
SET264-KR-NP-XXL,Set,SET264,XXL,50,39901.0,798.02,50,322,272,50,In Stock
SET264-KR-NP-XXXL,Set,SET264,3XL,23,17304.0,786.5454545454545,22,281,258,50,In Stock
SET265-KR-NP-L,Set,SET265,L,47,40324.0,857.9574468085107,47,235,188,50,In Stock
SET265-KR-NP-M,Set,SET265,M,38,34054.38,851.3594999999999,40,346,308,50,In Stock
SET265-KR-NP-S,Set,SET265,S,26,21102.0,811.6153846153846,26,184,158,50,In Stock
SET265-KR-NP-XL,Set,SET265,XL,25,22694.71,872.8734615384615,26,439,414,50,In Stock
SET265-KR-NP-XS,Set,SET265,XS,19,20150.37,915.925909090909,22,370,351,50,In Stock
SET265-KR-NP-XXL,Set,SET265,XXL,20,17422.0,871.1,20,327,307,50,In Stock
SET265-KR-NP-XXXL,Set,SET265,3XL,26,23634.71,875.3596296296296,27,478,452,50,In Stock
SET266-KR-NP-L,Set,SET266,L,4,3641.9,728.38,5,326,322,50,In Stock
SET266-KR-NP-M,Set,SET266,M,11,9375.9,781.3249999999999,12,320,309,50,In Stock
SET266-KR-NP-XL,Set,SET266,XL,2,1474.0,737.0,2,141,139,50,In Stock
SET266-KR-NP-XS,Set,SET266,XS,2,1589.0,794.5,2,334,332,50,In Stock
SET266-KR-NP-XXL,Set,SET266,XXL,1,737.0,737.0,1,338,337,50,In Stock
SET266-KR-NP-XXXL,Set,SET266,3XL,5,4030.0,806.0,5,368,363,50,In Stock
SET267-KR-NP-L,Set,SET267,L,3,4212.05,842.4100000000001,5,342,339,50,In Stock
SET267-KR-NP-M,Set,SET267,M,4,3386.0,846.5,4,322,318,50,In Stock
SET267-KR-NP-S,Set,SET267,S,4,3414.0,853.5,4,434,430,50,In Stock
SET267-KR-NP-XL,Set,SET267,XL,10,8515.0,851.5,10,340,330,50,In Stock
SET267-KR-NP-XS,Set,SET267,XS,4,3408.0,852.0,4,473,469,50,In Stock
SET267-KR-NP-XXL,Set,SET267,XXL,14,12047.0,860.5,14,212,198,50,In Stock
SET267-KR-NP-XXXL,Set,SET267,3XL,4,3408.0,852.0,4,445,441,50,In Stock
SET268-KR-NP-L,Set,SET268,L,334,248472.0,746.1621621621622,333,398,64,50,In Stock
SET268-KR-NP-M,Set,SET268,M,142,106840.96,721.8983783783784,148,169,27,50,Low Stock
SET268-KR-NP-S,Set,SET268,S,319,242602.48,762.9008805031447,318,120,0,50,Low Stock
SET268-KR-NP-XL,Set,SET268,XL,336,255728.48,758.8382195845697,337,487,151,50,In Stock
SET268-KR-NP-XS,Set,SET268,XS,162,119688.0,777.1948051948052,154,370,208,50,In Stock
SET268-KR-NP-XXL,Set,SET268,XXL,173,128487.24,734.2128,175,154,0,50,Low Stock
SET268-KR-NP-XXXL,Set,SET268,3XL,127,93548.0,736.5984251968504,127,139,12,50,Low Stock
SET269-KR-NP-L,Set,SET269,L,75,63456.95,803.2525316455695,79,264,189,50,In Stock
SET269-KR-NP-M,Set,SET269,M,68,55478.52,792.5502857142857,70,492,424,50,In Stock
SET269-KR-NP-S,Set,SET269,S,50,38453.0,784.7551020408164,49,166,116,50,In Stock
SET269-KR-NP-XL,Set,SET269,XL,67,57104.23,827.5975362318841,69,398,331,50,In Stock
SET269-KR-NP-XS,Set,SET269,XS,35,27826.0,795.0285714285715,35,263,228,50,In Stock
SET269-KR-NP-XXL,Set,SET269,XXL,25,21895.71,810.9522222222222,27,332,307,50,In Stock
SET269-KR-NP-XXXL,Set,SET269,3XL,28,22173.0,791.8928571428571,28,324,296,50,In Stock
SET270-KR-PP-L,Set,SET270,L,6,3378.0,563.0,6,210,204,50,In Stock
SET270-KR-PP-S,Set,SET270,S,5,4462.85,557.85625,8,207,202,50,In Stock
SET270-KR-PP-XL,Set,SET270,XL,4,2267.0,566.75,4,350,346,50,In Stock
SET270-KR-PP-XXL,Set,SET270,XXL,10,5670.0,567.0,10,148,138,50,In Stock
SET271-KR-NP-M,Set,SET271,M,1,885.0,885.0,1,102,101,50,In Stock
SET271-KR-NP-S,Set,SET271,S,4,3580.0,895.0,4,353,349,50,In Stock
SET271-KR-NP-XS,Set,SET271,XS,4,3560.0,890.0,4,490,486,50,In Stock
SET271-KR-NP-XXL,Set,SET271,XXL,10,9919.05,901.7318181818181,11,352,342,50,In Stock
SET271-KR-NP-XXXL,Set,SET271,3XL,1,885.0,885.0,1,254,253,50,In Stock
SET272-KR-PP-L,Set,SET272,L,4,3408.0,852.0,4,247,243,50,In Stock
SET272-KR-PP-M,Set,SET272,M,2,1704.0,852.0,2,356,354,50,In Stock
SET272-KR-PP-S,Set,SET272,S,6,5923.43,846.2042857142858,7,207,201,50,In Stock
SET272-KR-PP-XL,Set,SET272,XL,7,5964.0,852.0,7,449,442,50,In Stock
SET272-KR-PP-XXL,Set,SET272,XXL,15,12769.0,851.2666666666667,15,297,282,50,In Stock
SET273-KR-NP-L,Set,SET273,L,5,2448.0,489.6,5,164,159,50,In Stock
SET273-KR-NP-M,Set,SET273,M,71,44573.58,610.5969863013698,73,202,131,50,In Stock
SET273-KR-NP-S,Set,SET273,S,112,67185.0,599.8660714285714,112,327,215,50,In Stock
SET273-KR-NP-XL,Set,SET273,XL,9,5493.0,610.3333333333334,9,281,272,50,In Stock
SET273-KR-NP-XS,Set,SET273,XS,35,21375.86,593.7738888888889,36,284,249,50,In Stock
SET273-KR-NP-XXL,Set,SET273,XXL,9,5508.0,612.0,9,262,253,50,In Stock
SET273-KR-NP-XXXL,Set,SET273,3XL,4,2448.0,612.0,4,110,106,50,In Stock
SET274-KR-PP-L,Set,SET274,L,1,676.0,676.0,1,292,291,50,In Stock
SET274-KR-PP-M,Set,SET274,M,2,1364.0,682.0,2,126,124,50,In Stock
SET274-KR-PP-S,Set,SET274,S,2,1422.0,711.0,2,477,475,50,In Stock
SET274-KR-PP-XS,Set,SET274,XS,1,711.0,711.0,1,378,377,50,In Stock
SET274-KR-PP-XXXL,Set,SET274,3XL,1,682.0,682.0,1,338,337,50,In Stock
SET275-KR-NP-L,Set,SET275,L,2,1289.0,644.5,2,403,401,50,In Stock
SET275-KR-NP-S,Set,SET275,S,5,3208.0,641.6,5,488,483,50,In Stock
SET275-KR-NP-XL,Set,SET275,XL,6,3950.0,658.3333333333334,6,361,355,50,In Stock
SET275-KR-NP-XS,Set,SET275,XS,3,2471.0,617.75,4,299,296,50,In Stock
SET275-KR-NP-XXL,Set,SET275,XXL,2,1260.0,630.0,2,497,495,50,In Stock
SET275-KR-NP-XXXL,Set,SET275,3XL,7,3838.0,548.2857142857143,7,314,307,50,In Stock
SET276-KR-PP-L,Set,SET276,L,3,3640.0,1213.3333333333333,3,276,273,50,In Stock
SET276-KR-PP-M,Set,SET276,M,4,4952.0,1238.0,4,172,168,50,In Stock
SET276-KR-PP-S,Set,SET276,S,3,3714.0,1238.0,3,319,316,50,In Stock
SET276-KR-PP-XL,Set,SET276,XL,2,2476.0,1238.0,2,144,142,50,In Stock
SET276-KR-PP-XS,Set,SET276,XS,4,4878.0,1219.5,4,149,145,50,In Stock
SET276-KR-PP-XXL,Set,SET276,XXL,4,4952.0,1238.0,4,363,359,50,In Stock
SET276-KR-PP-XXXL,Set,SET276,3XL,1,1238.0,1238.0,1,260,259,50,In Stock
SET277-KR-NP-L,Set,SET277,L,18,24019.0,1334.388888888889,18,115,97,50,In Stock
SET277-KR-NP-M,Set,SET277,M,17,22606.0,1329.764705882353,17,473,456,50,In Stock
SET277-KR-NP-S,Set,SET277,S,9,11978.0,1330.888888888889,9,189,180,50,In Stock
SET277-KR-NP-XL,Set,SET277,XL,12,14599.0,1216.5833333333333,12,413,401,50,In Stock
SET277-KR-NP-XS,Set,SET277,XS,5,6690.0,1338.0,5,138,133,50,In Stock
SET277-KR-NP-XXL,Set,SET277,XXL,11,13396.0,1217.8181818181818,11,500,489,50,In Stock
SET277-KR-NP-XXXL,Set,SET277,3XL,12,15938.0,1328.1666666666667,12,430,418,50,In Stock
SET278-KR-NP-L,Set,SET278,L,57,84441.64,1431.2142372881356,59,462,405,50,In Stock
SET278-KR-NP-M,Set,SET278,M,111,162826.14,1440.9392920353985,113,104,0,50,Low Stock
SET278-KR-NP-S,Set,SET278,S,64,97573.6,1414.1101449275363,69,438,374,50,In Stock
SET278-KR-NP-XL,Set,SET278,XL,50,75826.82,1430.6947169811322,53,417,367,50,In Stock
SET278-KR-NP-XS,Set,SET278,XS,40,60129.57,1466.5748780487804,41,281,241,50,In Stock
SET278-KR-NP-XXL,Set,SET278,XXL,28,44655.64,1488.5213333333334,30,216,188,50,In Stock
SET278-KR-NP-XXXL,Set,SET278,3XL,27,41307.57,1475.2703571428572,28,448,421,50,In Stock
SET279-LC-L,Set,SET279,L,7,8702.66,870.266,10,465,458,50,In Stock
SET279-LC-M,Set,SET279,M,18,15909.0,883.8333333333334,18,357,339,50,In Stock
SET279-LC-S,Set,SET279,S,19,17387.42,827.9723809523808,21,350,331,50,In Stock
SET279-LC-XL,Set,SET279,XL,7,6216.0,888.0,7,129,122,50,In Stock
SET279-LC-XS,Set,SET279,XS,7,7812.13,781.213,10,490,483,50,In Stock
SET279-LC-XXL,Set,SET279,XXL,6,5275.0,879.1666666666666,6,460,454,50,In Stock
SET279-LC-XXXL,Set,SET279,3XL,6,6162.71,880.3871428571429,7,183,177,50,In Stock
SET280-KR-PP-L,Set,SET280,L,2,2403.24,801.0799999999999,3,215,213,50,In Stock
SET280-KR-PP-M,Set,SET280,M,9,7185.0,798.3333333333334,9,338,329,50,In Stock
SET280-KR-PP-S,Set,SET280,S,38,30134.0,793.0,38,460,422,50,In Stock
SET280-KR-PP-XL,Set,SET280,XL,2,1628.0,814.0,2,342,340,50,In Stock
SET280-KR-PP-XS,Set,SET280,XS,16,12618.0,788.625,16,427,411,50,In Stock
SET280-KR-PP-XXL,Set,SET280,XXL,22,17512.0,796.0,22,359,337,50,In Stock
SET280-KR-PP-XXXL,Set,SET280,3XL,2,1628.0,814.0,2,319,317,50,In Stock
SET281-KR-PP-L,Set,SET281,L,13,6962.24,497.30285714285714,14,421,408,50,In Stock
SET281-KR-PP-M,Set,SET281,M,8,6368.2,489.86153846153843,13,390,382,50,In Stock
SET281-KR-PP-S,Set,SET281,S,5,2970.24,495.03999999999996,6,496,491,50,In Stock
SET281-KR-PP-XL,Set,SET281,XL,15,8910.72,495.03999999999996,18,457,442,50,In Stock
SET281-KR-PP-XXL,Set,SET281,XXL,12,5489.0,457.4166666666667,12,461,449,50,In Stock
SET282-KR-PP-L,Set,SET282,L,26,30578.5,1092.0892857142858,28,441,415,50,In Stock
SET282-KR-PP-M,Set,SET282,M,43,45367.0,1055.046511627907,43,326,283,50,In Stock
SET282-KR-PP-S,Set,SET282,S,17,17518.0,1030.4705882352941,17,454,437,50,In Stock
SET282-KR-PP-XL,Set,SET282,XL,24,24985.32,999.4128,25,301,277,50,In Stock
SET282-KR-PP-XS,Set,SET282,XS,10,10660.0,1066.0,10,312,302,50,In Stock
SET282-KR-PP-XXL,Set,SET282,XXL,34,36877.5,1024.375,36,241,207,50,In Stock
SET282-KR-PP-XXXL,Set,SET282,3XL,25,25436.0,1017.44,25,122,97,50,In Stock
SET285-KR-SHA-L,Set,SET285,L,16,8440.24,496.48470588235296,17,384,368,50,In Stock
SET285-KR-SHA-M,Set,SET285,M,14,5980.0,427.14285714285717,14,273,259,50,In Stock
SET285-KR-SHA-S,Set,SET285,S,14,8403.72,494.3364705882353,17,346,332,50,In Stock
SET285-KR-SHA-XL,Set,SET285,XL,4,2467.24,493.448,5,129,125,50,In Stock
SET285-KR-SHA-XS,Set,SET285,XS,10,4975.0,497.5,10,477,467,50,In Stock
SET285-KR-SHA-XXL,Set,SET285,XXL,8,3977.0,497.125,8,270,262,50,In Stock
SET285-KR-SHA-XXXL,Set,SET285,3XL,5,2480.0,496.0,5,177,172,50,In Stock
SET286-KR-NP-L,Set,SET286,L,17,11344.380000000001,597.0726315789474,19,497,480,50,In Stock
SET286-KR-NP-M,Set,SET286,M,16,11432.380000000001,635.1322222222223,18,151,135,50,In Stock
SET286-KR-NP-S,Set,SET286,S,17,10295.0,643.4375,16,341,324,50,In Stock
SET286-KR-NP-XL,Set,SET286,XL,18,12190.29,641.5942105263158,19,266,248,50,In Stock
SET286-KR-NP-XS,Set,SET286,XS,16,10296.0,643.5,16,262,246,50,In Stock
SET286-KR-NP-XXL,Set,SET286,XXL,7,4414.0,630.5714285714286,7,318,311,50,In Stock
SET286-KR-NP-XXXL,Set,SET286,3XL,16,10280.0,642.5,16,432,416,50,In Stock
SET287-KR-NP-L,Set,SET287,L,13,8534.0,656.4615384615385,13,370,357,50,In Stock
SET287-KR-NP-M,Set,SET287,M,16,10930.58,607.2544444444444,18,333,317,50,In Stock
SET287-KR-NP-S,Set,SET287,S,8,5248.0,656.0,8,447,439,50,In Stock
SET287-KR-NP-XL,Set,SET287,XL,6,3748.0,624.6666666666666,6,143,137,50,In Stock
SET287-KR-NP-XS,Set,SET287,XS,6,3708.0,618.0,6,325,319,50,In Stock
SET287-KR-NP-XXL,Set,SET287,XXL,9,5750.0,638.8888888888889,9,372,363,50,In Stock
SET287-KR-NP-XXXL,Set,SET287,3XL,9,5830.0,647.7777777777778,9,324,315,50,In Stock
SET288-KR-NP-L,Set,SET288,L,10,7493.43,681.2209090909091,11,306,296,50,In Stock
SET288-KR-NP-M,Set,SET288,M,23,17732.19,682.0073076923077,26,298,275,50,In Stock
SET288-KR-NP-S,Set,SET288,S,10,6868.0,686.8,10,469,459,50,In Stock
SET288-KR-NP-XL,Set,SET288,XL,22,15627.81,651.1587499999999,24,390,368,50,In Stock
SET288-KR-NP-XS,Set,SET288,XS,15,10279.0,685.2666666666667,15,417,402,50,In Stock
SET288-KR-NP-XXL,Set,SET288,XXL,16,11563.86,642.4366666666667,18,353,337,50,In Stock
SET288-KR-NP-XXXL,Set,SET288,3XL,19,15558.65,676.4630434782608,23,458,439,50,In Stock
SET289-KR-NP-L,Set,SET289,L,1,666.0,666.0,1,226,225,50,In Stock
SET289-KR-NP-M,Set,SET289,M,5,3096.0,619.2,5,357,352,50,In Stock
SET289-KR-NP-XL,Set,SET289,XL,7,4428.0,632.5714285714286,7,432,425,50,In Stock
SET289-KR-NP-XS,Set,SET289,XS,2,1215.0,607.5,2,422,420,50,In Stock
SET289-KR-NP-XXXL,Set,SET289,3XL,6,3762.0,627.0,6,118,112,50,In Stock
SET290-KR-DPT-L,Set,SET290,L,21,16016.29,728.0131818181818,22,381,360,50,In Stock
SET290-KR-DPT-M,Set,SET290,M,26,20987.29,777.307037037037,27,344,318,50,In Stock
SET290-KR-DPT-S,Set,SET290,S,11,9266.29,772.1908333333334,12,180,169,50,In Stock
SET290-KR-DPT-XL,Set,SET290,XL,17,13392.48,744.0266666666666,18,125,108,50,In Stock
SET290-KR-DPT-XS,Set,SET290,XS,15,11219.0,747.9333333333333,15,133,118,50,In Stock
SET290-KR-DPT-XXL,Set,SET290,XXL,18,13968.52,735.1852631578947,19,294,276,50,In Stock
SET290-KR-DPT-XXXL,Set,SET290,3XL,16,12241.0,765.0625,16,187,171,50,In Stock
SET291-KR-PP-L,Set,SET291,L,125,72093.57,563.231015625,128,130,5,50,Low Stock
SET291-KR-PP-M,Set,SET291,M,110,62659.67,559.4613392857143,112,170,60,50,In Stock
SET291-KR-PP-S,Set,SET291,S,63,35898.19,560.90921875,64,301,238,50,In Stock
SET291-KR-PP-XL,Set,SET291,XL,76,46286.44,585.9043037974684,79,146,70,50,In Stock
SET291-KR-PP-XS,Set,SET291,XS,13,9528.44,595.5275,16,397,384,50,In Stock
SET291-KR-PP-XXL,Set,SET291,XXL,53,31862.760000000002,558.9957894736842,57,369,316,50,In Stock
SET291-KR-PP-XXXL,Set,SET291,3XL,65,37010.62,552.3973134328359,67,181,116,50,In Stock
SET293-KR-NP-L,Set,SET293,L,36,33895.94,691.7538775510204,49,413,377,50,In Stock
SET293-KR-NP-M,Set,SET293,M,71,49474.86,659.6648,75,457,386,50,In Stock
SET293-KR-NP-S,Set,SET293,S,64,45971.9,696.5439393939395,66,377,313,50,In Stock
SET293-KR-NP-XL,Set,SET293,XL,46,35037.1,700.742,50,408,362,50,In Stock
SET293-KR-NP-XS,Set,SET293,XS,52,38216.1,707.7055555555555,54,294,242,50,In Stock
SET293-KR-NP-XXL,Set,SET293,XXL,46,32593.1,679.0229166666667,48,277,231,50,In Stock
SET293-KR-NP-XXXL,Set,SET293,3XL,23,16831.0,731.7826086956521,23,298,275,50,In Stock
SET295-KR-NP-L,Set,SET295,L,4,2992.0,748.0,4,173,169,50,In Stock
SET295-KR-NP-M,Set,SET295,M,3,3012.24,753.06,4,196,193,50,In Stock
SET295-KR-NP-S,Set,SET295,S,12,9092.0,757.6666666666666,12,445,433,50,In Stock
SET295-KR-NP-XL,Set,SET295,XL,7,5245.0,749.2857142857143,7,153,146,50,In Stock
SET295-KR-NP-XS,Set,SET295,XS,30,22838.0,761.2666666666667,30,497,467,50,In Stock
SET295-KR-NP-XXL,Set,SET295,XXL,11,8297.0,754.2727272727273,11,284,273,50,In Stock
SET295-KR-NP-XXXL,Set,SET295,3XL,22,16908.0,768.5454545454545,22,481,459,50,In Stock
SET297-KR-NP-L,Set,SET297,L,1,771.0,771.0,1,137,136,50,In Stock
SET297-KR-NP-XXL,Set,SET297,XXL,2,1542.0,771.0,2,347,345,50,In Stock
SET297-KR-NP-XXXL,Set,SET297,3XL,3,2313.0,771.0,3,213,210,50,In Stock
SET299-KR-PP-M,Set,SET299,M,1,825.0,825.0,1,467,466,50,In Stock
SET299-KR-PP-S,Set,SET299,S,6,4075.0,679.1666666666666,6,332,326,50,In Stock
SET299-KR-PP-XL,Set,SET299,XL,1,825.0,825.0,1,464,463,50,In Stock
SET299-KR-PP-XS,Set,SET299,XS,1,825.0,825.0,1,291,290,50,In Stock
SET299-KR-PP-XXL,Set,SET299,XXL,3,2603.0,867.6666666666666,3,243,240,50,In Stock
SET299-KR-PP-XXXL,Set,SET299,3XL,5,4317.0,863.4,5,228,223,50,In Stock
SET300-KR-NP-L,Set,SET300,L,6,7661.42,957.6775,8,236,230,50,In Stock
SET300-KR-NP-M,Set,SET300,M,4,7737.719999999999,967.2149999999999,8,204,200,50,In Stock
SET300-KR-NP-S,Set,SET300,S,2,1998.0,999.0,2,109,107,50,In Stock
SET300-KR-NP-XL,Set,SET300,XL,6,6754.95,964.9928571428571,7,342,336,50,In Stock
SET300-KR-NP-XS,Set,SET300,XS,4,3842.0,960.5,4,284,280,50,In Stock
SET300-KR-NP-XXL,Set,SET300,XXL,5,4899.0,979.8,5,130,125,50,In Stock
SET300-KR-NP-XXXL,Set,SET300,3XL,5,3964.0,792.8,5,445,440,50,In Stock
SET301-KR-PP-M,Set,SET301,M,1,833.0,833.0,1,364,363,50,In Stock
SET301-KR-PP-S,Set,SET301,S,1,833.0,833.0,1,333,332,50,In Stock
SET302-KR-PP-L,Set,SET302,L,9,7408.95,740.895,10,393,384,50,In Stock
SET302-KR-PP-M,Set,SET302,M,7,6013.0,859.0,7,326,319,50,In Stock
SET302-KR-PP-S,Set,SET302,S,4,3312.0,828.0,4,132,128,50,In Stock
SET302-KR-PP-XL,Set,SET302,XL,7,4794.0,684.8571428571429,7,210,203,50,In Stock
SET302-KR-PP-XS,Set,SET302,XS,7,6293.0,899.0,7,492,485,50,In Stock
SET302-KR-PP-XXL,Set,SET302,XXL,4,3336.0,834.0,4,206,202,50,In Stock
SET302-KR-PP-XXXL,Set,SET302,3XL,9,8645.29,864.5290000000001,10,349,340,50,In Stock
SET303-KR-NP-L,Set,SET303,L,5,4429.0,885.8,5,429,424,50,In Stock
SET303-KR-NP-M,Set,SET303,M,6,5222.0,870.3333333333334,6,395,389,50,In Stock
SET303-KR-NP-S,Set,SET303,S,3,2611.0,870.3333333333334,3,440,437,50,In Stock
SET303-KR-NP-XL,Set,SET303,XL,1,888.0,888.0,1,293,292,50,In Stock
SET303-KR-NP-XS,Set,SET303,XS,5,4440.0,888.0,5,265,260,50,In Stock
SET303-KR-NP-XXL,Set,SET303,XXL,4,3552.0,888.0,4,364,360,50,In Stock
SET303-KR-NP-XXXL,Set,SET303,3XL,2,1776.0,888.0,2,330,328,50,In Stock
SET304-KR-DPT-L,Set,SET304,L,37,44635.93,1174.6297368421053,38,343,306,50,In Stock
SET304-KR-DPT-M,Set,SET304,M,33,41199.86,1177.1388571428572,35,129,96,50,In Stock
SET304-KR-DPT-S,Set,SET304,S,23,31852.48,1137.5885714285714,28,479,456,50,In Stock
SET304-KR-DPT-XL,Set,SET304,XL,27,32883.46,1174.4092857142857,28,262,235,50,In Stock
SET304-KR-DPT-XS,Set,SET304,XS,61,70771.47,1141.475322580645,62,127,66,50,In Stock
SET304-KR-DPT-XXL,Set,SET304,XXL,30,32069.0,1068.9666666666667,30,211,181,50,In Stock
SET304-KR-DPT-XXXL,Set,SET304,3XL,32,37678.54,1141.7739393939394,33,208,176,50,In Stock
SET305-KR-DPT-L,Set,SET305,L,5,4807.0,961.4,5,124,119,50,In Stock
SET305-KR-DPT-M,Set,SET305,M,8,7526.0,940.75,8,454,446,50,In Stock
SET305-KR-DPT-S,Set,SET305,S,6,5650.0,941.6666666666666,6,324,318,50,In Stock
SET305-KR-DPT-XL,Set,SET305,XL,2,1876.0,938.0,2,119,117,50,In Stock
SET305-KR-DPT-XS,Set,SET305,XS,5,4723.0,944.6,5,289,284,50,In Stock
SET305-KR-DPT-XXL,Set,SET305,XXL,2,1866.0,933.0,2,326,324,50,In Stock
SET305-KR-DPT-XXXL,Set,SET305,3XL,3,2781.0,927.0,3,345,342,50,In Stock
SET306-KR-PP-L,Set,SET306,L,4,4001.7200000000003,800.344,5,122,118,50,In Stock
SET306-KR-PP-M,Set,SET306,M,4,2754.0,688.5,4,476,472,50,In Stock
SET306-KR-PP-XL,Set,SET306,XL,6,4018.0,669.6666666666666,6,449,443,50,In Stock
SET306-KR-PP-XS,Set,SET306,XS,3,1998.0,666.0,3,341,338,50,In Stock
SET306-KR-PP-XXL,Set,SET306,XXL,3,2050.0,683.3333333333334,3,398,395,50,In Stock
SET306-KR-PP-XXXL,Set,SET306,3XL,6,4078.0,679.6666666666666,6,178,172,50,In Stock
SET307-KR-DPT-L,Set,SET307,L,10,7316.0,731.6,10,327,317,50,In Stock
SET307-KR-DPT-M,Set,SET307,M,12,8096.0,674.6666666666666,12,443,431,50,In Stock
SET307-KR-DPT-S,Set,SET307,S,5,3671.0,734.2,5,338,333,50,In Stock
SET307-KR-DPT-XL,Set,SET307,XL,2,2163.95,721.3166666666666,3,333,331,50,In Stock
SET307-KR-DPT-XS,Set,SET307,XS,3,2199.0,733.0,3,349,346,50,In Stock
SET307-KR-DPT-XXL,Set,SET307,XXL,3,2208.0,736.0,3,153,150,50,In Stock
SET307-KR-DPT-XXXL,Set,SET307,3XL,3,2208.0,736.0,3,442,439,50,In Stock
SET308-KR-PP-L,Set,SET308,L,4,2742.0,685.5,4,295,291,50,In Stock
SET308-KR-PP-M,Set,SET308,M,4,2784.0,696.0,4,106,102,50,In Stock
SET308-KR-PP-S,Set,SET308,S,3,2088.0,696.0,3,271,268,50,In Stock
SET308-KR-PP-XL,Set,SET308,XL,2,696.0,348.0,2,148,146,50,In Stock
SET308-KR-PP-XS,Set,SET308,XS,3,2088.0,696.0,3,213,210,50,In Stock
SET308-KR-PP-XXL,Set,SET308,XXL,3,2088.0,696.0,3,284,281,50,In Stock
SET308-KR-PP-XXXL,Set,SET308,3XL,6,4168.0,694.6666666666666,6,210,204,50,In Stock
SET310-KR-NP-L,Set,SET310,L,15,14842.0,1060.142857142857,14,191,176,50,In Stock
SET310-KR-NP-M,Set,SET310,M,10,10418.0,1041.8,10,281,271,50,In Stock
SET310-KR-NP-S,Set,SET310,S,9,9633.0,1070.3333333333333,9,322,313,50,In Stock
SET310-KR-NP-XL,Set,SET310,XL,7,8372.43,1046.55375,8,315,308,50,In Stock
SET310-KR-NP-XS,Set,SET310,XS,6,6422.0,1070.3333333333333,6,157,151,50,In Stock
SET310-KR-NP-XXL,Set,SET310,XXL,7,7207.0,1029.5714285714287,7,456,449,50,In Stock
SET310-KR-NP-XXXL,Set,SET310,3XL,4,6082.86,1013.81,6,379,375,50,In Stock
SET311-KR-NP-L,Set,SET311,L,3,2922.0,974.0,3,397,394,50,In Stock
SET311-KR-NP-XL,Set,SET311,XL,1,925.0,925.0,1,329,328,50,In Stock
SET311-KR-NP-XS,Set,SET311,XS,1,925.0,925.0,1,299,298,50,In Stock
SET313-KR-NP-L,Set,SET313,L,3,3297.0,1099.0,3,116,113,50,In Stock
SET313-KR-NP-M,Set,SET313,M,1,1099.0,1099.0,1,278,277,50,In Stock
SET313-KR-NP-XL,Set,SET313,XL,3,1099.0,366.3333333333333,3,471,468,50,In Stock
SET313-KR-NP-XS,Set,SET313,XS,3,3297.0,1099.0,3,361,358,50,In Stock
SET313-KR-NP-XXL,Set,SET313,XXL,2,2046.0,1023.0,2,126,124,50,In Stock
SET313-KR-NP-XXXL,Set,SET313,3XL,1,947.0,947.0,1,247,246,50,In Stock
SET315-KR-PP-M,Set,SET315,M,1,721.0,721.0,1,216,215,50,In Stock
SET315-KR-PP-XXXL,Set,SET315,3XL,2,1704.0,852.0,2,232,230,50,In Stock
SET316-KR-DPT-L,Set,SET316,L,7,9263.89,1157.98625,8,125,118,50,In Stock
SET316-KR-DPT-M,Set,SET316,M,4,5636.89,1127.3780000000002,5,300,296,50,In Stock
SET316-KR-DPT-S,Set,SET316,S,7,8149.0,1164.142857142857,7,464,457,50,In Stock
SET316-KR-DPT-XL,Set,SET316,XL,7,9163.36,1145.42,8,268,261,50,In Stock
SET316-KR-DPT-XS,Set,SET316,XS,5,5923.0,1184.6,5,395,390,50,In Stock
SET316-KR-DPT-XXL,Set,SET316,XXL,2,2298.0,1149.0,2,184,182,50,In Stock
SET316-KR-DPT-XXXL,Set,SET316,3XL,9,10875.0,1208.3333333333333,9,314,305,50,In Stock
SET317-KR-PP-L,Set,SET317,L,12,15334.54,1179.5800000000002,13,242,230,50,In Stock
SET317-KR-PP-M,Set,SET317,M,9,11725.93,1172.593,10,100,91,50,In Stock
SET317-KR-PP-S,Set,SET317,S,8,9566.0,1195.75,8,478,470,50,In Stock
SET317-KR-PP-XL,Set,SET317,XL,9,10680.0,1186.6666666666667,9,187,178,50,In Stock
SET317-KR-PP-XS,Set,SET317,XS,4,4798.0,1199.5,4,298,294,50,In Stock
SET317-KR-PP-XXL,Set,SET317,XXL,9,12725.86,1156.8963636363637,11,444,435,50,In Stock
SET317-KR-PP-XXXL,Set,SET317,3XL,9,10680.0,1186.6666666666667,9,244,235,50,In Stock
SET318-KR-SHA-L,Set,SET318,L,5,5098.0,1019.6,5,101,96,50,In Stock
SET318-KR-SHA-M,Set,SET318,M,8,9153.43,1017.0477777777778,9,313,305,50,In Stock
SET318-KR-SHA-S,Set,SET318,S,6,6147.0,1024.5,6,378,372,50,In Stock
SET318-KR-SHA-XL,Set,SET318,XL,4,3946.0,986.5,4,191,187,50,In Stock
SET318-KR-SHA-XS,Set,SET318,XS,5,5846.43,974.4050000000001,6,308,303,50,In Stock
SET318-KR-SHA-XXL,Set,SET318,XXL,1,1152.0,1152.0,1,457,456,50,In Stock
SET318-KR-SHA-XXXL,Set,SET318,3XL,2,1998.0,999.0,2,273,271,50,In Stock
SET319-KR-NP-L,Set,SET319,L,21,18300.71,831.8504545454545,22,301,280,50,In Stock
SET319-KR-NP-M,Set,SET319,M,24,23392.66,866.3948148148148,27,242,218,50,In Stock
SET319-KR-NP-S,Set,SET319,S,31,26709.24,834.66375,32,214,183,50,In Stock
SET319-KR-NP-XL,Set,SET319,XL,30,27654.24,892.0722580645162,31,437,407,50,In Stock
SET319-KR-NP-XS,Set,SET319,XS,15,16540.1,870.5315789473683,19,339,324,50,In Stock
SET319-KR-NP-XXL,Set,SET319,XXL,9,7956.0,884.0,9,155,146,50,In Stock
SET319-KR-NP-XXXL,Set,SET319,3XL,9,7951.0,883.4444444444445,9,329,320,50,In Stock
SET320-KR-NP-L,Set,SET320,L,3,2564.0,854.6666666666666,3,175,172,50,In Stock
SET320-KR-NP-M,Set,SET320,M,9,7774.0,863.7777777777778,9,376,367,50,In Stock
SET320-KR-NP-S,Set,SET320,S,24,20452.0,852.1666666666666,24,464,440,50,In Stock
SET320-KR-NP-XL,Set,SET320,XL,8,7589.76,843.3066666666667,9,238,230,50,In Stock
SET320-KR-NP-XS,Set,SET320,XS,17,16115.67,848.1931578947368,19,469,452,50,In Stock
SET320-KR-NP-XXL,Set,SET320,XXL,14,12902.43,860.162,15,451,437,50,In Stock
SET320-KR-NP-XXXL,Set,SET320,3XL,35,32175.29,846.7181578947369,38,277,242,50,In Stock
SET321-KR-DPT-L,Set,SET321,L,2,1934.0,967.0,2,473,471,50,In Stock
SET321-KR-DPT-M,Set,SET321,M,6,5694.0,949.0,6,499,493,50,In Stock
SET321-KR-DPT-S,Set,SET321,S,4,3784.0,946.0,4,138,134,50,In Stock
SET321-KR-DPT-XL,Set,SET321,XL,8,7584.0,948.0,8,310,302,50,In Stock
SET321-KR-DPT-XS,Set,SET321,XS,4,3760.0,940.0,4,108,104,50,In Stock
SET321-KR-DPT-XXL,Set,SET321,XXL,3,2861.0,953.6666666666666,3,177,174,50,In Stock
SET321-KR-DPT-XXXL,Set,SET321,3XL,2,1906.0,953.0,2,171,169,50,In Stock
SET322-KR-SHA-L,Set,SET322,L,16,17428.0,1089.25,16,161,145,50,In Stock
SET322-KR-SHA-M,Set,SET322,M,20,21942.0,1097.1,20,202,182,50,In Stock
SET322-KR-SHA-S,Set,SET322,S,19,22885.5,1089.7857142857142,21,371,352,50,In Stock
SET322-KR-SHA-XL,Set,SET322,XL,15,16485.0,1099.0,15,318,303,50,In Stock
SET322-KR-SHA-XS,Set,SET322,XS,15,15647.0,1043.1333333333334,15,238,223,50,In Stock
SET322-KR-SHA-XXL,Set,SET322,XXL,15,16485.0,1099.0,15,495,480,50,In Stock
SET322-KR-SHA-XXXL,Set,SET322,3XL,11,11627.0,1057.0,11,186,175,50,In Stock
SET323-KR-NP-L,Set,SET323,L,12,12462.29,958.6376923076924,13,123,111,50,In Stock
SET323-KR-NP-M,Set,SET323,M,18,22199.15,965.1804347826088,23,104,86,50,In Stock
SET323-KR-NP-S,Set,SET323,S,16,17409.71,967.2061111111111,18,455,439,50,In Stock
SET323-KR-NP-XL,Set,SET323,XL,10,10471.43,951.9481818181819,11,124,114,50,In Stock
SET323-KR-NP-XS,Set,SET323,XS,9,10539.58,958.1436363636363,11,226,217,50,In Stock
SET323-KR-NP-XXL,Set,SET323,XXL,9,8691.0,965.6666666666666,9,360,351,50,In Stock
SET323-KR-NP-XXXL,Set,SET323,3XL,6,5814.0,969.0,6,457,451,50,In Stock
SET324-KR-NP-L,Set,SET324,L,168,101839.85,588.6696531791907,173,205,37,50,Low Stock
SET324-KR-NP-M,Set,SET324,M,216,136663.5,594.1891304347826,230,438,222,50,In Stock
SET324-KR-NP-S,Set,SET324,S,120,71864.14,589.0503278688525,122,222,102,50,In Stock
SET324-KR-NP-XL,Set,SET324,XL,90,56884.94,586.4426804123711,97,227,137,50,In Stock
SET324-KR-NP-XS,Set,SET324,XS,87,63119.08,606.9142307692308,104,339,252,50,In Stock
SET324-KR-NP-XXL,Set,SET324,XXL,110,67078.85,583.294347826087,115,497,387,50,In Stock
SET324-KR-NP-XXXL,Set,SET324,3XL,71,41986.76,583.1494444444445,72,285,214,50,In Stock
SET325-KR-NP-L,Set,SET325,L,4,3289.71,657.942,5,100,96,50,In Stock
SET325-KR-NP-M,Set,SET325,M,12,9242.58,660.1842857142857,14,171,159,50,In Stock
SET325-KR-NP-S,Set,SET325,S,8,6587.58,658.758,10,447,439,50,In Stock
SET325-KR-NP-XL,Set,SET325,XL,7,5296.29,662.03625,8,262,255,50,In Stock
SET325-KR-NP-XS,Set,SET325,XS,7,5287.29,660.91125,8,109,102,50,In Stock
SET325-KR-NP-XXL,Set,SET325,XXL,2,1332.0,666.0,2,148,146,50,In Stock
SET325-KR-NP-XXXL,Set,SET325,3XL,4,2664.0,666.0,4,442,438,50,In Stock
SET326-KR-PP-L,Set,SET326,L,2,1323.0,661.5,2,214,212,50,In Stock
SET326-KR-PP-M,Set,SET326,M,2,1957.29,652.43,3,202,200,50,In Stock
SET326-KR-PP-S,Set,SET326,S,4,2655.0,663.75,4,188,184,50,In Stock
SET326-KR-PP-XL,Set,SET326,XL,1,657.0,657.0,1,423,422,50,In Stock
SET326-KR-PP-XS,Set,SET326,XS,3,1998.0,666.0,3,205,202,50,In Stock
SET326-KR-PP-XXL,Set,SET326,XXL,2,1323.0,661.5,2,185,183,50,In Stock
SET326-KR-PP-XXXL,Set,SET326,3XL,3,1980.0,660.0,3,101,98,50,In Stock
SET327-KR-DPT-L,Set,SET327,L,23,21845.86,873.8344000000001,25,491,468,50,In Stock
SET327-KR-DPT-M,Set,SET327,M,15,14418.43,901.151875,16,287,272,50,In Stock
SET327-KR-DPT-S,Set,SET327,S,11,11170.43,930.8691666666667,12,465,454,50,In Stock
SET327-KR-DPT-XL,Set,SET327,XL,15,16271.86,957.1682352941177,17,326,311,50,In Stock
SET327-KR-DPT-XS,Set,SET327,XS,6,5686.0,947.6666666666666,6,367,361,50,In Stock
SET327-KR-DPT-XXL,Set,SET327,XXL,6,5751.0,958.5,6,280,274,50,In Stock
SET327-KR-DPT-XXXL,Set,SET327,3XL,5,4995.0,999.0,5,169,164,50,In Stock
SET328-KR-NP-L,Set,SET328,L,40,23058.76,562.4087804878048,41,159,119,50,In Stock
SET328-KR-NP-M,Set,SET328,M,39,22601.0,579.5128205128206,39,466,427,50,In Stock
SET328-KR-NP-S,Set,SET328,S,17,9961.0,585.9411764705883,17,402,385,50,In Stock
SET328-KR-NP-XL,Set,SET328,XL,34,19337.05,552.4871428571429,35,338,304,50,In Stock
SET328-KR-NP-XS,Set,SET328,XS,18,11123.05,585.4236842105263,19,338,320,50,In Stock
SET328-KR-NP-XXL,Set,SET328,XXL,14,8483.1,530.19375,16,391,377,50,In Stock
SET328-KR-NP-XXXL,Set,SET328,3XL,9,5175.0,575.0,9,431,422,50,In Stock
SET329-KR-NP-L,Set,SET329,L,23,15934.29,663.92875,24,237,214,50,In Stock
SET329-KR-NP-M,Set,SET329,M,26,17909.58,639.6278571428572,28,332,306,50,In Stock
SET329-KR-NP-S,Set,SET329,S,23,17202.87,661.6488461538461,26,198,175,50,In Stock
SET329-KR-NP-XL,Set,SET329,XL,16,11290.29,664.134705882353,17,309,293,50,In Stock
SET329-KR-NP-XS,Set,SET329,XS,13,8658.0,666.0,13,190,177,50,In Stock
SET329-KR-NP-XXL,Set,SET329,XXL,12,7960.29,612.33,13,379,367,50,In Stock
SET329-KR-NP-XXXL,Set,SET329,3XL,12,8599.29,661.4838461538462,13,329,317,50,In Stock
SET330-KR-PP-L,Set,SET330,L,6,4180.29,597.1842857142857,7,237,231,50,In Stock
SET330-KR-PP-M,Set,SET330,M,8,6155.58,683.9533333333334,9,109,101,50,In Stock
SET330-KR-PP-S,Set,SET330,S,13,7767.0,597.4615384615385,13,396,383,50,In Stock
SET330-KR-PP-XL,Set,SET330,XL,5,3109.0,621.8,5,183,178,50,In Stock
SET330-KR-PP-XS,Set,SET330,XS,7,3992.0,570.2857142857143,7,241,234,50,In Stock
SET330-KR-PP-XXL,Set,SET330,XXL,5,2906.0,581.2,5,391,386,50,In Stock
SET330-KR-PP-XXXL,Set,SET330,3XL,11,7958.58,612.1984615384615,13,182,171,50,In Stock
SET331-KR-NP-L,Set,SET331,L,103,62795.52,603.8030769230769,104,474,371,50,In Stock
SET331-KR-NP-M,Set,SET331,M,138,82619.95,598.6952898550725,138,373,235,50,In Stock
SET331-KR-NP-S,Set,SET331,S,84,53032.67,595.8726966292135,89,144,60,50,In Stock
SET331-KR-NP-XL,Set,SET331,XL,79,43765.0,553.9873417721519,79,375,296,50,In Stock
SET331-KR-NP-XS,Set,SET331,XS,58,36554.71,619.5713559322033,59,257,199,50,In Stock
SET331-KR-NP-XXL,Set,SET331,XXL,50,28199.0,563.98,50,369,319,50,In Stock
SET331-KR-NP-XXXL,Set,SET331,3XL,66,40291.48,610.4769696969697,66,170,104,50,In Stock
SET332-KR-PP-L,Set,SET332,L,10,6012.86,546.6236363636364,11,390,380,50,In Stock
SET332-KR-PP-M,Set,SET332,M,5,2745.0,549.0,5,489,484,50,In Stock
SET332-KR-PP-S,Set,SET332,S,7,3816.86,477.1075,8,298,291,50,In Stock
SET332-KR-PP-XL,Set,SET332,XL,7,3843.0,549.0,7,468,461,50,In Stock
SET332-KR-PP-XS,Set,SET332,XS,10,5490.0,549.0,10,271,261,50,In Stock
SET332-KR-PP-XXL,Set,SET332,XXL,4,2196.0,549.0,4,436,432,50,In Stock
SET332-KR-PP-XXXL,Set,SET332,3XL,11,6561.86,546.8216666666666,12,357,346,50,In Stock
SET333-KR-DPT-L,Set,SET333,L,28,27678.95,954.446551724138,29,213,185,50,In Stock
SET333-KR-DPT-M,Set,SET333,M,21,19246.0,916.4761904761905,21,375,354,50,In Stock
SET333-KR-DPT-S,Set,SET333,S,33,31690.95,932.0867647058824,34,121,88,50,In Stock
SET333-KR-DPT-XL,Set,SET333,XL,31,30019.71,938.1159375,32,342,311,50,In Stock
SET333-KR-DPT-XS,Set,SET333,XS,28,29640.85,988.0283333333333,30,454,426,50,In Stock
SET333-KR-DPT-XXL,Set,SET333,XXL,24,22303.0,929.2916666666666,24,340,316,50,In Stock
SET333-KR-DPT-XXXL,Set,SET333,3XL,16,15858.95,932.8794117647059,17,348,332,50,In Stock
SET334-KR-NP-L,Set,SET334,L,7,4662.0,666.0,7,389,382,50,In Stock
SET334-KR-NP-M,Set,SET334,M,3,1958.0,652.6666666666666,3,155,152,50,In Stock
SET334-KR-NP-S,Set,SET334,S,7,4613.0,659.0,7,439,432,50,In Stock
SET334-KR-NP-XL,Set,SET334,XL,3,1332.0,444.0,3,333,330,50,In Stock
SET334-KR-NP-XS,Set,SET334,XS,3,1980.0,660.0,3,475,472,50,In Stock
SET334-KR-NP-XXL,Set,SET334,XXL,4,2664.0,666.0,4,369,365,50,In Stock
SET334-KR-NP-XXXL,Set,SET334,3XL,1,657.0,657.0,1,247,246,50,In Stock
SET335-KR-NP-L,Set,SET335,L,3,2313.0,771.0,3,115,112,50,In Stock
SET335-KR-NP-M,Set,SET335,M,2,1920.0,960.0,2,460,458,50,In Stock
SET335-KR-NP-S,Set,SET335,S,3,2313.0,771.0,3,177,174,50,In Stock
SET335-KR-NP-XL,Set,SET335,XL,1,771.0,771.0,1,394,393,50,In Stock
SET335-KR-NP-XS,Set,SET335,XS,2,1542.0,771.0,2,439,437,50,In Stock
SET335-KR-NP-XXL,Set,SET335,XXL,2,1542.0,771.0,2,148,146,50,In Stock
SET335-KR-NP-XXXL,Set,SET335,3XL,7,4534.0,647.7142857142857,7,307,300,50,In Stock
SET336-KR-NP-L,Set,SET336,L,3,2563.0,854.3333333333334,3,368,365,50,In Stock
SET336-KR-NP-M,Set,SET336,M,1,865.0,865.0,1,235,234,50,In Stock
SET336-KR-NP-S,Set,SET336,S,2,2489.81,829.9366666666666,3,252,250,50,In Stock
SET336-KR-NP-XS,Set,SET336,XS,1,874.0,874.0,1,477,476,50,In Stock
SET337-KR-NP-L,Set,SET337,L,4,3496.0,874.0,4,463,459,50,In Stock
SET337-KR-NP-M,Set,SET337,M,5,5202.38,867.0633333333334,6,379,374,50,In Stock
SET337-KR-NP-S,Set,SET337,S,2,1748.0,874.0,2,408,406,50,In Stock
SET337-KR-NP-XS,Set,SET337,XS,2,1748.0,874.0,2,221,219,50,In Stock
SET338-KR-NP-L,Set,SET338,L,1,1186.0,1186.0,1,423,422,50,In Stock
SET338-KR-NP-M,Set,SET338,M,1,1186.0,1186.0,1,437,436,50,In Stock
SET338-KR-NP-S,Set,SET338,S,3,2997.0,999.0,3,423,420,50,In Stock
SET338-KR-NP-XL,Set,SET338,XL,2,1998.0,999.0,2,147,145,50,In Stock
SET339-KR-NP-L,Set,SET339,L,27,20313.72,677.124,30,124,97,50,In Stock
SET339-KR-NP-M,Set,SET339,M,34,21324.0,646.1818181818181,33,154,120,50,In Stock
SET339-KR-NP-S,Set,SET339,S,19,11656.0,613.4736842105264,19,365,346,50,In Stock
SET339-KR-NP-XL,Set,SET339,XL,21,15332.86,696.9481818181819,22,135,114,50,In Stock
SET339-KR-NP-XS,Set,SET339,XS,19,13009.0,684.6842105263158,19,465,446,50,In Stock
SET339-KR-NP-XXL,Set,SET339,XXL,29,19320.86,644.0286666666667,30,200,171,50,In Stock
SET339-KR-NP-XXXL,Set,SET339,3XL,33,25056.96,715.9131428571428,35,424,391,50,In Stock
SET340-KR-NP-L,Set,SET340,L,8,6052.0,756.5,8,149,141,50,In Stock
SET340-KR-NP-S,Set,SET340,S,5,4755.95,792.6583333333333,6,448,443,50,In Stock
SET340-KR-NP-XL,Set,SET340,XL,7,5589.0,798.4285714285714,7,170,163,50,In Stock
SET340-KR-NP-XS,Set,SET340,XS,6,4746.0,791.0,6,304,298,50,In Stock
SET340-KR-NP-XXL,Set,SET340,XXL,5,3995.0,799.0,5,453,448,50,In Stock
SET340-KR-NP-XXXL,Set,SET340,3XL,6,3939.0,656.5,6,413,407,50,In Stock
SET341-KR-NP-L,Set,SET341,L,14,12182.0,937.0769230769231,13,496,482,50,In Stock
SET341-KR-NP-M,Set,SET341,M,14,11141.0,795.7857142857143,14,166,152,50,In Stock
SET341-KR-NP-S,Set,SET341,S,13,11259.19,804.2278571428571,14,222,209,50,In Stock
SET341-KR-NP-XL,Set,SET341,XL,19,17225.19,861.2594999999999,20,213,194,50,In Stock
SET341-KR-NP-XS,Set,SET341,XS,9,7771.0,863.4444444444445,9,452,443,50,In Stock
SET341-KR-NP-XXL,Set,SET341,XXL,9,6956.0,772.8888888888889,9,215,206,50,In Stock
SET341-KR-NP-XXXL,Set,SET341,3XL,10,8822.0,882.2,10,476,466,50,In Stock
SET342-KR-NP-N-L,Set,SET342,L,15,13146.0,876.4,15,134,119,50,In Stock
SET342-KR-NP-N-M,Set,SET342,M,15,14257.38,891.08625,16,248,233,50,In Stock
SET342-KR-NP-N-S,Set,SET342,S,7,6214.0,887.7142857142857,7,471,464,50,In Stock
SET342-KR-NP-N-XL,Set,SET342,XL,15,13334.0,888.9333333333333,15,464,449,50,In Stock
SET342-KR-NP-N-XS,Set,SET342,XS,14,12377.0,884.0714285714286,14,175,161,50,In Stock
SET342-KR-NP-N-XXL,Set,SET342,XXL,6,4514.0,752.3333333333334,6,246,240,50,In Stock
SET342-KR-NP-N-XXXL,Set,SET342,3XL,5,4580.0,916.0,5,434,429,50,In Stock
SET343-KR-NP-L,Set,SET343,L,16,14045.0,877.8125,16,255,239,50,In Stock
SET343-KR-NP-M,Set,SET343,M,13,11253.38,803.8128571428571,14,443,430,50,In Stock
SET343-KR-NP-S,Set,SET343,S,6,4341.52,620.2171428571429,7,138,132,50,In Stock
SET343-KR-NP-XL,Set,SET343,XL,9,7970.0,885.5555555555555,9,202,193,50,In Stock
SET343-KR-NP-XS,Set,SET343,XS,9,8029.0,892.1111111111111,9,241,232,50,In Stock
SET343-KR-NP-XXL,Set,SET343,XXL,10,8877.9,739.8249999999999,12,404,394,50,In Stock
SET343-KR-NP-XXXL,Set,SET343,3XL,10,8664.0,866.4,10,400,390,50,In Stock
SET344-KR-NP-L,Set,SET344,L,41,38598.8,897.646511627907,43,458,417,50,In Stock
SET344-KR-NP-M,Set,SET344,M,34,31295.0,920.4411764705883,34,410,376,50,In Stock
SET344-KR-NP-S,Set,SET344,S,13,12185.0,937.3076923076923,13,331,318,50,In Stock
SET344-KR-NP-XL,Set,SET344,XL,34,30076.0,884.5882352941177,34,248,214,50,In Stock
SET344-KR-NP-XS,Set,SET344,XS,13,12101.0,930.8461538461538,13,142,129,50,In Stock
SET344-KR-NP-XXL,Set,SET344,XXL,48,47902.28,921.1976923076923,52,385,337,50,In Stock
SET344-KR-NP-XXXL,Set,SET344,3XL,23,23011.8,920.472,25,322,299,50,In Stock
SET345-KR-NP-L,Set,SET345,L,116,77145.74,637.5680991735537,121,193,77,50,In Stock
SET345-KR-NP-M,Set,SET345,M,133,83409.19,622.4566417910448,134,470,337,50,In Stock
SET345-KR-NP-S,Set,SET345,S,120,76955.05,630.7790983606558,122,438,318,50,In Stock
SET345-KR-NP-XL,Set,SET345,XL,114,74377.0,635.7008547008547,117,455,341,50,In Stock
SET345-KR-NP-XS,Set,SET345,XS,66,44047.58,647.7585294117647,68,384,318,50,In Stock
SET345-KR-NP-XXL,Set,SET345,XXL,81,49645.0,612.9012345679013,81,345,264,50,In Stock
SET345-KR-NP-XXXL,Set,SET345,3XL,62,39109.19,620.7807936507937,63,482,420,50,In Stock
SET346-KR-PP-L,Set,SET346,L,4,3210.0,802.5,4,310,306,50,In Stock
SET346-KR-PP-M,Set,SET346,M,2,1548.0,774.0,2,161,159,50,In Stock
SET346-KR-PP-S,Set,SET346,S,1,911.0,911.0,1,383,382,50,In Stock
SET346-KR-PP-XL,Set,SET346,XL,7,5829.0,832.7142857142857,7,220,213,50,In Stock
SET346-KR-PP-XS,Set,SET346,XS,2,1685.0,842.5,2,162,160,50,In Stock
SET346-KR-PP-XXL,Set,SET346,XXL,3,2459.0,819.6666666666666,3,294,291,50,In Stock
SET346-KR-PP-XXXL,Set,SET346,3XL,3,2322.0,774.0,3,357,354,50,In Stock
SET347-KR-NP-L,Set,SET347,L,24,20093.19,772.8149999999999,26,329,305,50,In Stock
SET347-KR-NP-M,Set,SET347,M,27,22551.43,805.4082142857143,28,210,183,50,In Stock
SET347-KR-NP-S,Set,SET347,S,39,34017.43,850.43575,40,323,284,50,In Stock
SET347-KR-NP-XL,Set,SET347,XL,26,27588.78,811.4347058823529,34,222,196,50,In Stock
SET347-KR-NP-XS,Set,SET347,XS,42,38156.29,847.9175555555556,45,275,233,50,In Stock
SET347-KR-NP-XXL,Set,SET347,XXL,17,16047.62,802.3810000000001,20,461,444,50,In Stock
SET347-KR-NP-XXXL,Set,SET347,3XL,12,10363.43,797.1869230769231,13,482,470,50,In Stock
SET348-KR-NP-L,Set,SET348,L,29,28349.57,885.9240625,32,264,235,50,In Stock
SET348-KR-NP-M,Set,SET348,M,25,23225.0,929.0,25,191,166,50,In Stock
SET348-KR-NP-S,Set,SET348,S,15,13160.0,877.3333333333334,15,151,136,50,In Stock
SET348-KR-NP-XL,Set,SET348,XL,32,29522.0,952.3225806451613,31,175,143,50,In Stock
SET348-KR-NP-XS,Set,SET348,XS,11,10273.0,933.9090909090909,11,445,434,50,In Stock
SET348-KR-NP-XXL,Set,SET348,XXL,20,18778.09,853.5495454545454,22,387,367,50,In Stock
SET348-KR-NP-XXXL,Set,SET348,3XL,20,18685.0,934.25,20,329,309,50,In Stock
SET349-KR-NP-L,Set,SET349,L,18,16805.29,884.4889473684211,19,314,296,50,In Stock
SET349-KR-NP-M,Set,SET349,M,13,12584.0,968.0,13,342,329,50,In Stock
SET349-KR-NP-S,Set,SET349,S,19,18779.9,938.9950000000001,20,267,248,50,In Stock
SET349-KR-NP-XL,Set,SET349,XL,28,28103.8,936.7933333333333,30,180,152,50,In Stock
SET349-KR-NP-XS,Set,SET349,XS,17,16226.0,954.4705882352941,17,208,191,50,In Stock
SET349-KR-NP-XXL,Set,SET349,XXL,31,33562.73,932.2980555555556,36,332,301,50,In Stock
SET349-KR-NP-XXXL,Set,SET349,3XL,39,36911.29,922.78225,40,109,70,50,In Stock
SET350-KR-NP-L,Set,SET350,L,18,23564.82,1240.2536842105262,19,132,114,50,In Stock
SET350-KR-NP-M,Set,SET350,M,18,22203.82,1168.622105263158,19,189,171,50,In Stock
SET350-KR-NP-S,Set,SET350,S,7,7406.0,1058.0,7,309,302,50,In Stock
SET350-KR-NP-XL,Set,SET350,XL,16,23797.079999999998,1189.8539999999998,20,173,157,50,In Stock
SET350-KR-NP-XS,Set,SET350,XS,11,15610.18,1200.783076923077,13,207,196,50,In Stock
SET350-KR-NP-XXL,Set,SET350,XXL,9,10881.0,1209.0,9,163,154,50,In Stock
SET350-KR-NP-XXXL,Set,SET350,3XL,10,12459.0,1245.9,10,474,464,50,In Stock
SET351-KR-NP-L,Set,SET351,L,10,5990.0,599.0,10,465,455,50,In Stock
SET351-KR-NP-M,Set,SET351,M,11,7159.48,596.6233333333333,12,355,344,50,In Stock
SET351-KR-NP-S,Set,SET351,S,5,2995.0,599.0,5,339,334,50,In Stock
SET351-KR-NP-XL,Set,SET351,XL,13,7188.0,552.9230769230769,13,329,316,50,In Stock
SET351-KR-NP-XS,Set,SET351,XS,4,2396.0,599.0,4,182,178,50,In Stock
SET351-KR-NP-XXL,Set,SET351,XXL,7,4193.0,599.0,7,495,488,50,In Stock
SET351-KR-NP-XXXL,Set,SET351,3XL,7,4763.48,595.435,8,217,210,50,In Stock
SET352-KR-NP-L,Set,SET352,L,3,1471.0,490.3333333333333,3,137,134,50,In Stock
SET352-KR-NP-M,Set,SET352,M,4,1944.0,486.0,4,264,260,50,In Stock
SET352-KR-NP-S,Set,SET352,S,3,1458.0,486.0,3,293,290,50,In Stock
SET352-KR-NP-XL,Set,SET352,XL,3,1471.0,490.3333333333333,3,423,420,50,In Stock
SET352-KR-NP-XXL,Set,SET352,XXL,3,1471.0,490.3333333333333,3,478,475,50,In Stock
SET352-KR-NP-XXXL,Set,SET352,3XL,7,3415.0,487.85714285714283,7,233,226,50,In Stock
SET353-KR-NP-L,Set,SET353,L,5,4368.0,873.6,5,492,487,50,In Stock
SET353-KR-NP-M,Set,SET353,M,1,888.0,888.0,1,165,164,50,In Stock
SET353-KR-NP-S,Set,SET353,S,3,2664.0,888.0,3,402,399,50,In Stock
SET353-KR-NP-XL,Set,SET353,XL,2,1776.0,888.0,2,160,158,50,In Stock
SET353-KR-NP-XS,Set,SET353,XS,3,2592.0,864.0,3,186,183,50,In Stock
SET353-KR-NP-XXL,Set,SET353,XXL,2,888.0,444.0,2,207,205,50,In Stock
SET353-KR-NP-XXXL,Set,SET353,3XL,4,3444.0,861.0,4,142,138,50,In Stock
SET355-KR-PP-L,Set,SET355,L,12,17059.11,1312.2392307692307,13,455,443,50,In Stock
SET355-KR-PP-M,Set,SET355,M,13,15997.0,1230.5384615384614,13,118,105,50,In Stock
SET355-KR-PP-S,Set,SET355,S,14,20527.329999999998,1207.4899999999998,17,348,334,50,In Stock
SET355-KR-PP-XL,Set,SET355,XL,16,23475.22,1304.1788888888889,18,151,135,50,In Stock
SET355-KR-PP-XS,Set,SET355,XS,12,16648.32,1280.6399999999999,13,318,306,50,In Stock
SET355-KR-PP-XXL,Set,SET355,XXL,10,16005.22,1333.7683333333332,12,166,156,50,In Stock
SET355-KR-PP-XXXL,Set,SET355,3XL,9,11120.0,1235.5555555555557,9,179,170,50,In Stock
SET356-KR-NP-L,Set,SET356,L,28,28549.0,1019.6071428571429,28,394,366,50,In Stock
SET356-KR-NP-M,Set,SET356,M,23,23834.0,1036.2608695652175,23,380,357,50,In Stock
SET356-KR-NP-S,Set,SET356,S,13,13227.0,1017.4615384615385,13,182,169,50,In Stock
SET356-KR-NP-XL,Set,SET356,XL,27,30691.72,1023.0573333333334,30,387,360,50,In Stock
SET356-KR-NP-XS,Set,SET356,XS,12,14560.86,1040.0614285714287,14,137,125,50,In Stock
SET356-KR-NP-XXL,Set,SET356,XXL,22,23309.43,1013.4534782608696,23,150,128,50,In Stock
SET356-KR-NP-XXXL,Set,SET356,3XL,32,34803.86,1023.6429411764706,34,320,288,50,In Stock
SET357-KR-NP-L,Set,SET357,L,30,22138.29,714.1383870967742,31,129,99,50,In Stock
SET357-KR-NP-M,Set,SET357,M,31,26746.16,764.176,35,342,311,50,In Stock
SET357-KR-NP-S,Set,SET357,S,17,14861.58,782.1884210526316,19,368,351,50,In Stock
SET357-KR-NP-XL,Set,SET357,XL,11,10281.58,790.8907692307693,13,429,418,50,In Stock
SET357-KR-NP-XS,Set,SET357,XS,9,8051.29,805.129,10,384,375,50,In Stock
SET357-KR-NP-XXL,Set,SET357,XXL,11,7618.0,692.5454545454545,11,243,232,50,In Stock
SET357-KR-NP-XXXL,Set,SET357,3XL,11,9593.29,799.4408333333334,12,148,137,50,In Stock
SET358-KR-NP-L,Set,SET358,L,2,2264.0,1132.0,2,401,399,50,In Stock
SET358-KR-NP-M,Set,SET358,M,14,15982.25,1065.4833333333333,15,467,453,50,In Stock
SET358-KR-NP-S,Set,SET358,S,12,13313.25,1024.0961538461538,13,300,288,50,In Stock
SET358-KR-NP-XS,Set,SET358,XS,5,6005.0,1201.0,5,310,305,50,In Stock
SET358-KR-NP-XXL,Set,SET358,XXL,6,6619.0,1103.1666666666667,6,278,272,50,In Stock
SET358-KR-NP-XXXL,Set,SET358,3XL,11,13057.0,1187.0,11,220,209,50,In Stock
SET359-KR-NP-L,Set,SET359,L,13,13232.0,1017.8461538461538,13,449,436,50,In Stock
SET359-KR-NP-M,Set,SET359,M,9,10153.19,923.0172727272728,11,205,196,50,In Stock
SET359-KR-NP-S,Set,SET359,S,2,2198.0,1099.0,2,206,204,50,In Stock
SET359-KR-NP-XL,Set,SET359,XL,8,8392.0,1049.0,8,135,127,50,In Stock
SET359-KR-NP-XS,Set,SET359,XS,1,1099.0,1099.0,1,282,281,50,In Stock
SET359-KR-NP-XXL,Set,SET359,XXL,4,3969.0,992.25,4,418,414,50,In Stock
SET359-KR-NP-XXXL,Set,SET359,3XL,12,11534.0,961.1666666666666,12,427,415,50,In Stock
SET360-KR-NP-L,Set,SET360,L,28,35635.44,1113.6075,32,270,242,50,In Stock
SET360-KR-NP-M,Set,SET360,M,12,12365.0,1030.4166666666667,12,465,453,50,In Stock
SET360-KR-NP-S,Set,SET360,S,12,13724.0,1143.6666666666667,12,304,292,50,In Stock
SET360-KR-NP-XL,Set,SET360,XL,27,31425.36,1122.3342857142857,28,229,202,50,In Stock
SET360-KR-NP-XS,Set,SET360,XS,3,3378.0,1126.0,3,215,212,50,In Stock
SET360-KR-NP-XXL,Set,SET360,XXL,23,28667.72,1146.7088,25,500,477,50,In Stock
SET360-KR-NP-XXXL,Set,SET360,3XL,27,31765.64,1134.4871428571428,28,414,387,50,In Stock
SET361-KR-NP-L,Set,SET361,L,1,0.0,0.0,1,427,426,50,In Stock
SET361-KR-NP-M,Set,SET361,M,13,15545.0,1195.7692307692307,13,207,194,50,In Stock
SET361-KR-NP-S,Set,SET361,S,23,26525.0,1153.2608695652175,23,357,334,50,In Stock
SET361-KR-NP-XS,Set,SET361,XS,12,13458.0,1121.5,12,154,142,50,In Stock
SET363-KR-NP-L,Set,SET363,L,24,32802.53,1261.6357692307693,26,266,242,50,In Stock
SET363-KR-NP-M,Set,SET363,M,27,37101.92,1236.7306666666666,30,367,340,50,In Stock
SET363-KR-NP-S,Set,SET363,S,24,29054.0,1210.5833333333333,24,389,365,50,In Stock
SET363-KR-NP-XL,Set,SET363,XL,27,35890.28,1237.5958620689655,29,161,134,50,In Stock
SET363-KR-NP-XS,Set,SET363,XS,23,29155.54,1267.6321739130435,23,341,318,50,In Stock
SET363-KR-NP-XXL,Set,SET363,XXL,46,57096.32,1214.8153191489362,47,314,268,50,In Stock
SET363-KR-NP-XXXL,Set,SET363,3XL,36,44807.53,1179.1455263157895,38,481,445,50,In Stock
SET364-KR-NP-L,Set,SET364,L,27,34187.08,1139.5693333333334,30,434,407,50,In Stock
SET364-KR-NP-M,Set,SET364,M,33,38525.08,1070.141111111111,36,157,124,50,In Stock
SET364-KR-NP-S,Set,SET364,S,18,20159.36,1061.018947368421,19,141,123,50,In Stock
SET364-KR-NP-XL,Set,SET364,XL,24,29130.36,1165.2144,25,261,237,50,In Stock
SET364-KR-NP-XS,Set,SET364,XS,8,9232.0,1154.0,8,424,416,50,In Stock
SET364-KR-NP-XXL,Set,SET364,XXL,35,40964.36,1170.4102857142857,35,332,297,50,In Stock
SET364-KR-NP-XXXL,Set,SET364,3XL,2,2476.0,1238.0,2,349,347,50,In Stock
SET365-KR-NP-L,Set,SET365,L,25,24492.25,942.0096153846154,26,158,133,50,In Stock
SET365-KR-NP-M,Set,SET365,M,27,30132.0,1116.0,27,156,129,50,In Stock
SET365-KR-NP-S,Set,SET365,S,8,9405.0,1175.625,8,139,131,50,In Stock
SET365-KR-NP-XL,Set,SET365,XL,3,4304.25,1076.0625,4,314,311,50,In Stock
SET365-KR-NP-XS,Set,SET365,XS,5,5630.0,1126.0,5,320,315,50,In Stock
SET365-KR-NP-XXL,Set,SET365,XXL,21,24797.64,1078.158260869565,23,225,204,50,In Stock
SET365-KR-NP-XXXL,Set,SET365,3XL,7,8913.25,1114.15625,8,339,332,50,In Stock
SET366-KR-NP-L,Set,SET366,L,10,11992.93,1090.2663636363636,11,428,418,50,In Stock
SET366-KR-NP-M,Set,SET366,M,8,10314.86,1031.486,10,292,284,50,In Stock
SET366-KR-NP-S,Set,SET366,S,18,20634.0,1146.3333333333333,18,212,194,50,In Stock
SET366-KR-NP-XL,Set,SET366,XL,3,3525.0,1175.0,3,341,338,50,In Stock
SET366-KR-NP-XS,Set,SET366,XS,18,22041.0,1224.5,18,162,144,50,In Stock
SET366-KR-NP-XXL,Set,SET366,XXL,25,28884.4,1110.9384615384615,26,156,131,50,In Stock
SET366-KR-NP-XXXL,Set,SET366,3XL,9,10554.93,1055.493,10,289,280,50,In Stock
SET369-KR-NP-L,Set,SET369,L,1,1173.0,1173.0,1,475,474,50,In Stock
SET369-KR-NP-M,Set,SET369,M,1,2220.3199999999997,1110.1599999999999,2,390,389,50,In Stock
SET369-KR-NP-S,Set,SET369,S,13,16417.32,1172.6657142857143,14,360,347,50,In Stock
SET369-KR-NP-XS,Set,SET369,XS,5,5795.0,1159.0,5,272,267,50,In Stock
SET369-KR-NP-XXL,Set,SET369,XXL,32,38943.0,1216.96875,32,250,218,50,In Stock
SET369-KR-NP-XXXL,Set,SET369,3XL,13,17021.32,1215.8085714285714,14,485,472,50,In Stock
SET372-KR-PP-L,Set,SET372,L,1,667.0,667.0,1,230,229,50,In Stock
SET372-KR-PP-M,Set,SET372,M,1,667.0,667.0,1,319,318,50,In Stock
SET372-KR-PP-S,Set,SET372,S,1,647.0,647.0,1,349,348,50,In Stock
SET372-KR-PP-XL,Set,SET372,XL,2,1334.0,667.0,2,143,141,50,In Stock
SET372-KR-PP-XS,Set,SET372,XS,1,667.0,667.0,1,401,400,50,In Stock
SET372-KR-PP-XXXL,Set,SET372,3XL,4,2668.0,667.0,4,398,394,50,In Stock
SET373-KR-PP-S,Set,SET373,S,1,899.0,899.0,1,361,360,50,In Stock
SET373-KR-PP-XL,Set,SET373,XL,1,774.0,774.0,1,298,297,50,In Stock
SET373-KR-PP-XXL,Set,SET373,XXL,1,774.0,774.0,1,172,171,50,In Stock
SET373-KR-PP-XXXL,Set,SET373,3XL,1,774.0,774.0,1,353,352,50,In Stock
SET374-KR-NP-L,Set,SET374,L,99,61064.52,616.8133333333333,99,244,145,50,In Stock
SET374-KR-NP-M,Set,SET374,M,77,52397.39,638.9925609756098,82,275,198,50,In Stock
SET374-KR-NP-S,Set,SET374,S,77,47296.14,598.6853164556962,79,100,23,50,Low Stock
SET374-KR-NP-XL,Set,SET374,XL,71,45592.57,607.9009333333333,75,335,264,50,In Stock
SET374-KR-NP-XS,Set,SET374,XS,73,46129.15,615.0553333333334,75,156,83,50,In Stock
SET374-KR-NP-XXL,Set,SET374,XXL,57,33629.57,579.8201724137931,58,159,102,50,In Stock
SET374-KR-NP-XXXL,Set,SET374,3XL,52,32008.71,615.5521153846154,52,113,61,50,In Stock
SET375-KR-NP-L,Set,SET375,L,21,16487.44,659.4975999999999,25,178,157,50,In Stock
SET375-KR-NP-M,Set,SET375,M,25,20428.3,680.9433333333333,30,139,114,50,In Stock
SET375-KR-NP-S,Set,SET375,S,20,14550.86,692.8980952380953,21,500,480,50,In Stock
SET375-KR-NP-XL,Set,SET375,XL,18,11808.0,656.0,18,289,271,50,In Stock
SET375-KR-NP-XS,Set,SET375,XS,9,8907.44,685.1876923076924,13,447,438,50,In Stock
SET375-KR-NP-XXL,Set,SET375,XXL,10,7606.86,691.5327272727272,11,315,305,50,In Stock
SET375-KR-NP-XXXL,Set,SET375,3XL,13,8982.0,690.9230769230769,13,385,372,50,In Stock
SET376-KR-NP-L,Set,SET376,L,6,4074.2799999999997,582.04,7,351,345,50,In Stock
SET376-KR-NP-M,Set,SET376,M,5,2897.0,579.4,5,483,478,50,In Stock
SET376-KR-NP-S,Set,SET376,S,7,6256.32,568.7563636363636,11,141,134,50,In Stock
SET376-KR-NP-XL,Set,SET376,XL,3,1680.0,560.0,3,414,411,50,In Stock
SET376-KR-NP-XS,Set,SET376,XS,7,4665.33,583.16625,8,347,340,50,In Stock
SET376-KR-NP-XXL,Set,SET376,XXL,1,666.0,666.0,1,475,474,50,In Stock
SET376-KR-NP-XXXL,Set,SET376,3XL,2,1120.0,560.0,2,214,212,50,In Stock
SET377-KR-NP-L,Set,SET377,L,13,15042.0,1157.076923076923,13,455,442,50,In Stock
SET377-KR-NP-M,Set,SET377,M,11,16084.08,1148.8628571428571,14,148,137,50,In Stock
SET377-KR-NP-S,Set,SET377,S,34,39281.36,1122.3245714285715,35,137,103,50,In Stock
SET377-KR-NP-XL,Set,SET377,XL,14,23132.37,1156.6185,20,334,320,50,In Stock
SET377-KR-NP-XS,Set,SET377,XS,32,39003.17,1083.421388888889,36,106,74,50,In Stock
SET377-KR-NP-XXL,Set,SET377,XXL,27,36079.42,1127.481875,32,319,292,50,In Stock
SET377-KR-NP-XXXL,Set,SET377,3XL,23,30697.43,1096.3367857142857,28,235,212,50,In Stock
SET378-KR-NP-L,Set,SET378,L,15,18645.0,1243.0,15,482,467,50,In Stock
SET378-KR-NP-M,Set,SET378,M,13,16077.0,1236.6923076923076,13,194,181,50,In Stock
SET378-KR-NP-S,Set,SET378,S,26,34541.79,1233.6353571428572,28,305,279,50,In Stock
SET378-KR-NP-XL,Set,SET378,XL,8,12432.0,1243.2,10,297,289,50,In Stock
SET378-KR-NP-XS,Set,SET378,XS,17,22342.82,1241.2677777777778,18,292,275,50,In Stock
SET378-KR-NP-XXL,Set,SET378,XXL,22,28603.0,1300.1363636363637,22,435,413,50,In Stock
SET378-KR-NP-XXXL,Set,SET378,3XL,12,14970.0,1247.5,12,133,121,50,In Stock
SET380-KR-NP-L,Set,SET380,L,10,10048.0,1004.8,10,350,340,50,In Stock
SET380-KR-NP-M,Set,SET380,M,26,26866.62,995.06,27,167,141,50,In Stock
SET380-KR-NP-S,Set,SET380,S,18,18633.0,1035.1666666666667,18,105,87,50,In Stock
SET380-KR-NP-XL,Set,SET380,XL,11,11125.0,1011.3636363636364,11,461,450,50,In Stock
SET380-KR-NP-XS,Set,SET380,XS,12,12502.0,1041.8333333333333,12,154,142,50,In Stock
SET380-KR-NP-XXL,Set,SET380,XXL,13,13294.0,1107.8333333333333,12,401,388,50,In Stock
SET380-KR-NP-XXXL,Set,SET380,3XL,11,10915.0,992.2727272727273,11,131,120,50,In Stock
SET383-KR-NP-L,Set,SET383,L,43,30121.71,602.4342,50,119,76,50,In Stock
SET383-KR-NP-M,Set,SET383,M,30,20416.85,618.6924242424242,33,189,159,50,In Stock
SET383-KR-NP-S,Set,SET383,S,8,5522.48,613.6088888888888,9,291,283,50,In Stock
SET383-KR-NP-XL,Set,SET383,XL,19,11943.0,628.578947368421,19,219,200,50,In Stock
SET383-KR-NP-XS,Set,SET383,XS,4,3094.48,618.896,5,443,439,50,In Stock
SET383-KR-NP-XXL,Set,SET383,XXL,29,17742.95,591.4316666666667,30,185,156,50,In Stock
SET383-KR-NP-XXXL,Set,SET383,3XL,20,12292.0,614.6,20,218,198,50,In Stock
SET384-KR-NP-L,Set,SET384,L,6,3922.0,653.6666666666666,6,391,385,50,In Stock
SET384-KR-NP-M,Set,SET384,M,8,5714.95,634.9944444444444,9,445,437,50,In Stock
SET384-KR-NP-S,Set,SET384,S,8,4411.0,551.375,8,158,150,50,In Stock
SET384-KR-NP-XL,Set,SET384,XL,10,6946.9,578.9083333333333,12,196,186,50,In Stock
SET384-KR-NP-XS,Set,SET384,XS,1,631.0,631.0,1,401,400,50,In Stock
SET384-KR-NP-XXL,Set,SET384,XXL,3,1893.0,631.0,3,372,369,50,In Stock
SET384-KR-NP-XXXL,Set,SET384,3XL,10,6306.0,630.6,10,313,303,50,In Stock
SET385-KR-NP-L,Set,SET385,L,15,10654.9,626.7588235294118,17,269,254,50,In Stock
SET385-KR-NP-M,Set,SET385,M,26,16652.0,640.4615384615385,26,298,272,50,In Stock
SET385-KR-NP-S,Set,SET385,S,3,1260.0,420.0,3,171,168,50,In Stock
SET385-KR-NP-XL,Set,SET385,XL,22,13942.0,633.7272727272727,22,402,380,50,In Stock
SET385-KR-NP-XS,Set,SET385,XS,3,1893.0,631.0,3,194,191,50,In Stock
SET385-KR-NP-XXL,Set,SET385,XXL,11,7604.04,633.67,12,248,237,50,In Stock
SET385-KR-NP-XXXL,Set,SET385,3XL,12,9506.85,633.7900000000001,15,417,405,50,In Stock
SET386-KR-NP-L,Set,SET386,L,27,16945.0,627.5925925925926,27,253,226,50,In Stock
SET386-KR-NP-M,Set,SET386,M,22,14859.9,619.1625,24,286,264,50,In Stock
SET386-KR-NP-S,Set,SET386,S,11,8018.38,572.7414285714286,14,327,316,50,In Stock
SET386-KR-NP-XL,Set,SET386,XL,6,4336.95,619.5642857142857,7,453,447,50,In Stock
SET386-KR-NP-XS,Set,SET386,XS,8,5120.0,640.0,8,154,146,50,In Stock
SET386-KR-NP-XXL,Set,SET386,XXL,22,14333.33,623.1882608695652,23,207,185,50,In Stock
SET386-KR-NP-XXXL,Set,SET386,3XL,11,7483.48,623.6233333333333,12,118,107,50,In Stock
SET388-KR-NP-L,Set,SET388,L,13,16572.0,1274.7692307692307,13,438,425,50,In Stock
SET388-KR-NP-M,Set,SET388,M,2,2759.0,1379.5,2,128,126,50,In Stock
SET388-KR-NP-S,Set,SET388,S,12,13964.0,1163.6666666666667,12,161,149,50,In Stock
SET388-KR-NP-XL,Set,SET388,XL,11,14934.0,1357.6363636363637,11,311,300,50,In Stock
SET388-KR-NP-XS,Set,SET388,XS,18,25155.82,1323.9905263157896,19,458,440,50,In Stock
SET388-KR-NP-XXL,Set,SET388,XXL,33,43473.82,1278.6417647058825,34,361,328,50,In Stock
SET388-KR-NP-XXXL,Set,SET388,3XL,38,50056.39,1283.4971794871794,39,209,171,50,In Stock
SET389-KR-NP-L,Set,SET389,L,35,24897.43,638.395641025641,39,194,159,50,In Stock
SET389-KR-NP-M,Set,SET389,M,20,15289.9,664.7782608695652,23,170,150,50,In Stock
SET389-KR-NP-S,Set,SET389,S,16,13076.66,622.6980952380952,21,251,235,50,In Stock
SET389-KR-NP-XL,Set,SET389,XL,41,29530.48,641.9669565217391,46,403,362,50,In Stock
SET389-KR-NP-XS,Set,SET389,XS,8,6080.14,675.5711111111111,9,427,419,50,In Stock
SET389-KR-NP-XXL,Set,SET389,XXL,38,25888.62,663.8107692307692,39,182,144,50,In Stock
SET389-KR-NP-XXXL,Set,SET389,3XL,19,13491.14,674.557,20,100,81,50,In Stock
SET390-KR-NP-L,Set,SET390,L,7,6876.0,982.2857142857143,7,122,115,50,In Stock
SET390-KR-NP-M,Set,SET390,M,3,2763.0,921.0,3,157,154,50,In Stock
SET390-KR-NP-S,Set,SET390,S,1,882.0,882.0,1,228,227,50,In Stock
SET390-KR-NP-XL,Set,SET390,XL,3,1998.0,666.0,3,165,162,50,In Stock
SET390-KR-NP-XS,Set,SET390,XS,3,2763.0,921.0,3,249,246,50,In Stock
SET390-KR-NP-XXL,Set,SET390,XXL,1,0.0,0.0,1,203,202,50,In Stock
SET390-KR-NP-XXXL,Set,SET390,3XL,4,3645.0,911.25,4,341,337,50,In Stock
SET392-KR-NP-L,Set,SET392,L,16,12060.0,753.75,16,417,401,50,In Stock
SET392-KR-NP-M,Set,SET392,M,2,2303.14,767.7133333333333,3,144,142,50,In Stock
SET392-KR-NP-S,Set,SET392,S,5,3899.0,779.8,5,483,478,50,In Stock
SET392-KR-NP-XL,Set,SET392,XL,5,3795.0,759.0,5,297,292,50,In Stock
SET392-KR-NP-XS,Set,SET392,XS,1,799.0,799.0,1,112,111,50,In Stock
SET392-KR-NP-XXL,Set,SET392,XXL,42,31550.0,751.1904761904761,42,393,351,50,In Stock
SET392-KR-NP-XXXL,Set,SET392,3XL,22,17490.95,760.4760869565217,23,218,196,50,In Stock
SET393-KR-NP-L,Set,SET393,L,25,21955.0,878.2,25,191,166,50,In Stock
SET393-KR-NP-M,Set,SET393,M,18,19793.43,1041.7594736842104,19,174,156,50,In Stock
SET393-KR-NP-S,Set,SET393,S,46,44586.72,928.89,48,195,149,50,In Stock
SET393-KR-NP-XL,Set,SET393,XL,16,16428.86,966.4035294117648,17,442,426,50,In Stock
SET393-KR-NP-XS,Set,SET393,XS,53,55887.72,997.995,56,494,441,50,In Stock
SET393-KR-NP-XXL,Set,SET393,XXL,44,43585.0,990.5681818181819,44,186,142,50,In Stock
SET393-KR-NP-XXXL,Set,SET393,3XL,47,47967.37,922.4494230769232,52,341,294,50,In Stock
SET394-KR-NP-L,Set,SET394,L,17,20738.57,1152.1427777777778,18,398,381,50,In Stock
SET394-KR-NP-M,Set,SET394,M,18,20436.57,1075.608947368421,19,471,453,50,In Stock
SET394-KR-NP-S,Set,SET394,S,17,20806.57,1155.9205555555554,18,304,287,50,In Stock
SET394-KR-NP-XL,Set,SET394,XL,9,9983.0,1109.2222222222222,9,388,379,50,In Stock
SET394-KR-NP-XS,Set,SET394,XS,16,19225.57,1130.9158823529413,17,169,153,50,In Stock
SET394-KR-NP-XXL,Set,SET394,XXL,6,5599.0,933.1666666666666,6,357,351,50,In Stock
SET394-KR-NP-XXXL,Set,SET394,3XL,5,6220.0,1244.0,5,136,131,50,In Stock
SET395-KR-NP-L,Set,SET395,L,11,10118.0,919.8181818181819,11,173,162,50,In Stock
SET395-KR-NP-M,Set,SET395,M,4,3228.0,807.0,4,311,307,50,In Stock
SET395-KR-NP-S,Set,SET395,S,1,1147.0,1147.0,1,368,367,50,In Stock
SET395-KR-NP-XL,Set,SET395,XL,7,6905.0,986.4285714285714,7,264,257,50,In Stock
SET395-KR-NP-XS,Set,SET395,XS,5,5508.0,1101.6,5,345,340,50,In Stock
SET395-KR-NP-XXL,Set,SET395,XXL,10,10104.0,1010.4,10,400,390,50,In Stock
SET395-KR-NP-XXXL,Set,SET395,3XL,6,7623.610000000001,1089.087142857143,7,232,226,50,In Stock
SET396-KR-PP-L,Set,SET396,L,17,18380.95,1021.1638888888889,18,343,326,50,In Stock
SET396-KR-PP-M,Set,SET396,M,31,35416.74,1011.9068571428571,35,212,181,50,In Stock
SET396-KR-PP-S,Set,SET396,S,9,12036.85,1003.0708333333333,12,406,397,50,In Stock
SET396-KR-PP-XL,Set,SET396,XL,22,25808.8,992.6461538461538,26,486,464,50,In Stock
SET396-KR-PP-XS,Set,SET396,XS,6,6089.0,1014.8333333333334,6,224,218,50,In Stock
SET396-KR-PP-XXL,Set,SET396,XXL,17,17457.0,1026.8823529411766,17,306,289,50,In Stock
SET396-KR-PP-XXXL,Set,SET396,3XL,8,8243.0,1030.375,8,409,401,50,In Stock
SET397-KR-NP  -M,Set,SET397,M,135,155010.16,1076.4594444444444,144,332,197,50,In Stock
SET397-KR-NP-L,Set,SET397,L,9,10719.0,1191.0,9,242,233,50,In Stock
SET397-KR-NP-S,Set,SET397,S,96,101596.83,1015.9683,100,462,366,50,In Stock
SET397-KR-NP-XL,Set,SET397,XL,64,70109.4,1046.4089552238804,67,112,48,50,Low Stock
SET397-KR-NP-XS,Set,SET397,XS,53,59329.08,1005.577627118644,59,241,188,50,In Stock
SET397-KR-NP-XXL,Set,SET397,XXL,56,64722.29,1096.9879661016948,59,212,156,50,In Stock
SET397-KR-NP-XXXL,Set,SET397,3XL,59,58088.93,968.1488333333333,60,389,330,50,In Stock
SET398-KR-PP-L,Set,SET398,L,50,59479.62,1122.2569811320755,53,149,99,50,In Stock
SET398-KR-PP-M,Set,SET398,M,51,62027.55,1148.6583333333333,54,495,444,50,In Stock
SET398-KR-PP-S,Set,SET398,S,47,58646.2,1127.8115384615385,52,203,156,50,In Stock
SET398-KR-PP-XL,Set,SET398,XL,46,57337.24,1102.6392307692308,52,451,405,50,In Stock
SET398-KR-PP-XS,Set,SET398,XS,25,29380.93,1175.2372,25,215,190,50,In Stock
SET398-KR-PP-XXL,Set,SET398,XXL,66,77447.93,1155.9392537313431,67,182,116,50,In Stock
SET398-KR-PP-XXXL,Set,SET398,3XL,53,61596.54,1140.6766666666667,54,244,191,50,In Stock
SET400-KR-NP-L,Set,SET400,L,15,18025.57,1126.598125,16,493,478,50,In Stock
SET400-KR-NP-M,Set,SET400,M,8,12052.71,1095.700909090909,11,228,220,50,In Stock
SET400-KR-NP-S,Set,SET400,S,5,5462.0,1092.4,5,347,342,50,In Stock
SET400-KR-NP-XL,Set,SET400,XL,9,11181.57,1118.157,10,273,264,50,In Stock
SET400-KR-NP-XS,Set,SET400,XS,2,2508.0,1254.0,2,107,105,50,In Stock
SET400-KR-NP-XXL,Set,SET400,XXL,7,8737.57,1092.19625,8,372,365,50,In Stock
SET400-KR-NP-XXXL,Set,SET400,3XL,9,10292.0,1143.5555555555557,9,408,399,50,In Stock
SET401-KR-NP-L,Set,SET401,L,21,21293.0,1013.952380952381,21,328,307,50,In Stock
SET401-KR-NP-M,Set,SET401,M,15,15890.0,1059.3333333333333,15,160,145,50,In Stock
SET401-KR-NP-S,Set,SET401,S,6,6181.0,1030.1666666666667,6,257,251,50,In Stock
SET401-KR-NP-XL,Set,SET401,XL,9,9100.43,910.043,10,477,468,50,In Stock
SET401-KR-NP-XS,Set,SET401,XS,2,2919.43,973.1433333333333,3,422,420,50,In Stock
SET401-KR-NP-XXL,Set,SET401,XXL,14,13114.0,936.7142857142857,14,289,275,50,In Stock
SET401-KR-NP-XXXL,Set,SET401,3XL,8,8883.43,987.0477777777778,9,160,152,50,In Stock
SET402-KR-NP-L,Set,SET402,L,25,27390.9,1014.4777777777779,27,368,343,50,In Stock
SET402-KR-NP-M,Set,SET402,M,23,24280.38,1011.6825,24,338,315,50,In Stock
SET402-KR-NP-S,Set,SET402,S,15,15464.0,1030.9333333333334,15,436,421,50,In Stock
SET402-KR-NP-XL,Set,SET402,XL,17,21601.75,981.8977272727273,22,125,108,50,In Stock
SET402-KR-NP-XS,Set,SET402,XS,3,3125.0,1041.6666666666667,3,397,394,50,In Stock
SET402-KR-NP-XXL,Set,SET402,XXL,18,18093.0,1005.1666666666666,18,391,373,50,In Stock
SET402-KR-NP-XXXL,Set,SET402,3XL,19,20440.9,973.3761904761906,21,100,81,50,In Stock
SET403-KR-NP-L,Set,SET403,L,4,3996.0,999.0,4,155,151,50,In Stock
SET403-KR-NP-M,Set,SET403,M,2,1998.0,999.0,2,316,314,50,In Stock
SET403-KR-NP-S,Set,SET403,S,1,1228.0,1228.0,1,338,337,50,In Stock
SET403-KR-NP-XL,Set,SET403,XL,6,6422.0,1070.3333333333333,6,234,228,50,In Stock
SET403-KR-NP-XXL,Set,SET403,XXL,2,1998.0,999.0,2,215,213,50,In Stock
SET403-KR-NP-XXXL,Set,SET403,3XL,2,1998.0,999.0,2,188,186,50,In Stock
SET404-KR-NP-L,Set,SET404,L,3,4127.0,1375.6666666666667,3,207,204,50,In Stock
SET404-KR-NP-M,Set,SET404,M,3,4127.0,1375.6666666666667,3,354,351,50,In Stock
SET404-KR-NP-S,Set,SET404,S,3,3597.0,1199.0,3,267,264,50,In Stock
SET404-KR-NP-XL,Set,SET404,XL,4,4724.0,1181.0,4,435,431,50,In Stock
SET404-KR-NP-XS,Set,SET404,XS,2,3458.0,1729.0,2,417,415,50,In Stock
SET404-KR-NP-XXL,Set,SET404,XXL,5,5995.0,1199.0,5,223,218,50,In Stock
SET405-KR-NP-L,Set,SET405,L,37,27085.0,732.027027027027,37,143,106,50,In Stock
SET405-KR-NP-M,Set,SET405,M,42,30622.0,729.0952380952381,42,497,455,50,In Stock
SET405-KR-NP-S,Set,SET405,S,18,14818.96,740.948,20,446,428,50,In Stock
SET405-KR-NP-XL,Set,SET405,XL,26,18949.48,701.8325925925926,27,367,341,50,In Stock
SET405-KR-NP-XS,Set,SET405,XS,12,9232.0,769.3333333333334,12,170,158,50,In Stock
SET405-KR-NP-XXL,Set,SET405,XXL,13,9895.0,761.1538461538462,13,441,428,50,In Stock
SET405-KR-NP-XXXL,Set,SET405,3XL,14,9569.0,683.5,14,483,469,50,In Stock
SET408-KR-NP-L,Set,SET408,L,6,3094.0,515.6666666666666,6,219,213,50,In Stock
SET408-KR-NP-M,Set,SET408,M,12,6488.0,540.6666666666666,12,418,406,50,In Stock
SET408-KR-NP-S,Set,SET408,S,4,2081.0,520.25,4,495,491,50,In Stock
SET408-KR-NP-XL,Set,SET408,XL,10,4576.0,457.6,10,351,341,50,In Stock
SET408-KR-NP-XS,Set,SET408,XS,3,1597.0,532.3333333333334,3,495,492,50,In Stock
SET408-KR-NP-XXL,Set,SET408,XXL,3,2267.48,566.87,4,148,145,50,In Stock
SET408-KR-NP-XXXL,Set,SET408,3XL,19,9836.0,517.6842105263158,19,442,423,50,In Stock
SET409-KR-NP-L,Set,SET409,L,2,1542.0,771.0,2,164,162,50,In Stock
SET409-KR-NP-M,Set,SET409,M,7,5267.0,752.4285714285714,7,210,203,50,In Stock
SET409-KR-NP-S,Set,SET409,S,1,641.0,641.0,1,190,189,50,In Stock
SET409-KR-NP-XS,Set,SET409,XS,1,641.0,641.0,1,343,342,50,In Stock
SET410-KR-NP-L,Set,SET410,L,2,1102.0,551.0,2,402,400,50,In Stock
SET410-KR-NP-XS,Set,SET410,XS,2,1136.0,568.0,2,360,358,50,In Stock
SET410-KR-NP-XXXL,Set,SET410,3XL,3,1670.0,556.6666666666666,3,232,229,50,In Stock
SET413-KR-NP-L,Set,SET413,L,10,7701.0,770.1,10,488,478,50,In Stock
SET413-KR-NP-M,Set,SET413,M,9,7264.0,807.1111111111111,9,175,166,50,In Stock
SET413-KR-NP-S,Set,SET413,S,6,4708.0,784.6666666666666,6,380,374,50,In Stock
SET413-KR-NP-XL,Set,SET413,XL,6,4566.0,761.0,6,435,429,50,In Stock
SET413-KR-NP-XS,Set,SET413,XS,4,3015.0,753.75,4,280,276,50,In Stock
SET413-KR-NP-XXL,Set,SET413,XXL,5,3845.0,769.0,5,135,130,50,In Stock
SET413-KR-NP-XXXL,Set,SET413,3XL,3,3067.67,766.9175,4,233,230,50,In Stock
SET414-KR-NP-S,Set,SET414,S,1,999.0,999.0,1,346,345,50,In Stock
SET414-KR-NP-XL,Set,SET414,XL,2,1998.0,999.0,2,447,445,50,In Stock
SET414-KR-NP-XXL,Set,SET414,XXL,2,1998.0,999.0,2,266,264,50,In Stock
SET415-KR-NP-L,Set,SET415,L,2,1998.0,999.0,2,464,462,50,In Stock
SET415-KR-NP-M,Set,SET415,M,3,2997.0,999.0,3,341,338,50,In Stock
SET415-KR-NP-XL,Set,SET415,XL,2,1878.0,939.0,2,491,489,50,In Stock
SET415-KR-NP-XS,Set,SET415,XS,2,1998.0,999.0,2,307,305,50,In Stock
SET415-KR-NP-XXXL,Set,SET415,3XL,4,3996.0,999.0,4,326,322,50,In Stock
SET433-KR-NP-L,Set,SET433,L,7,4310.0,615.7142857142857,7,425,418,50,In Stock
SET433-KR-NP-M,Set,SET433,M,11,6232.0,566.5454545454545,11,349,338,50,In Stock
SET433-KR-NP-S,Set,SET433,S,7,4238.0,605.4285714285714,7,100,93,50,In Stock
SET433-KR-NP-XL,Set,SET433,XL,9,5184.0,576.0,9,153,144,50,In Stock
SET433-KR-NP-XS,Set,SET433,XS,8,4904.0,613.0,8,110,102,50,In Stock
SET433-KR-NP-XXL,Set,SET433,XXL,7,3920.0,560.0,7,183,176,50,In Stock
SET433-KR-NP-XXXL,Set,SET433,3XL,7,3975.0,567.8571428571429,7,296,289,50,In Stock
SET435-KR-NP-L,Set,SET435,L,5,6911.0,1382.2,5,376,371,50,In Stock
SET435-KR-NP-M,Set,SET435,M,7,10993.0,1570.4285714285713,7,307,300,50,In Stock
SET435-KR-NP-S,Set,SET435,S,1,1399.0,1399.0,1,321,320,50,In Stock
SET435-KR-NP-XL,Set,SET435,XL,4,5596.0,1399.0,4,396,392,50,In Stock
SET435-KR-NP-XS,Set,SET435,XS,3,4197.0,1399.0,3,378,375,50,In Stock
SET435-KR-NP-XXL,Set,SET435,XXL,1,1399.0,1399.0,1,376,375,50,In Stock
SET435-KR-NP-XXXL,Set,SET435,3XL,2,2798.0,1399.0,2,189,187,50,In Stock
SET436-KR-NP-L,Set,SET436,L,2,2798.0,1399.0,2,406,404,50,In Stock
SET436-KR-NP-M,Set,SET436,M,5,8760.11,1460.0183333333334,6,372,367,50,In Stock
SET436-KR-NP-S,Set,SET436,S,3,4113.0,1371.0,3,164,161,50,In Stock
SET436-KR-NP-XL,Set,SET436,XL,2,2798.0,1399.0,2,299,297,50,In Stock
SET436-KR-NP-XS,Set,SET436,XS,3,4197.0,1399.0,3,265,262,50,In Stock
SET436-KR-NP-XXL,Set,SET436,XXL,2,2714.0,1357.0,2,159,157,50,In Stock
SET436-KR-NP-XXXL,Set,SET436,3XL,6,10000.11,1428.587142857143,7,154,148,50,In Stock
